timestamp,eye_gaze_angle,audio_db
2023-12-01 08:00:00,2.560857332434216,36.55378068736294
2023-12-01 08:00:01,10.177137242258082,39.102627416317546
2023-12-01 08:00:02,5.761713881412982,31.228565474042142
2023-12-01 08:00:03,9.787105130461477,34.05140498216774
2023-12-01 08:00:04,4.572665004032743,35.24501780709219
2023-12-01 08:00:05,7.471741383585448,43.6857113624423
2023-12-01 08:00:06,7.148505177779887,32.75416315296226
2023-12-01 08:00:07,9.192380438945744,43.786308455404196
2023-12-01 08:00:08,4.223887616472215,34.09714370209419
2023-12-01 08:00:09,3.524030135361331,39.17713705046296
2023-12-01 08:00:10,7.100892682934569,25.223007683690746
2023-12-01 08:00:11,5.341480147541096,29.85629700406073
2023-12-01 08:00:12,6.470469128686661,33.084385003079184
2023-12-01 08:00:13,2.5573642272870862,36.11745474933999
2023-12-01 08:00:14,2.817325102091199,30.194424205505406
2023-12-01 08:00:15,8.689587872030245,40.17626581003043
2023-12-01 08:00:16,5.413869375634345,32.9296639756093
2023-12-01 08:00:17,5.235291102001067,30.750846954935625
2023-12-01 08:00:18,40.497463059317354,83.85861501157048
2023-12-01 08:00:19,49.63721495843696,70.63834808898994
2023-12-01 08:00:20,4.134546940028377,32.555198004068885
2023-12-01 08:00:21,2.524246810898617,33.25731979279594
2023-12-01 08:00:22,8.457128911264535,38.24634649133267
2023-12-01 08:00:23,5.475304786769811,37.77558945464536
2023-12-01 08:00:24,7.378787262559424,38.48537748304237
2023-12-01 08:00:25,4.971395365259503,31.788715003691447
2023-12-01 08:00:26,7.273762002534802,32.32183867599054
2023-12-01 08:00:27,7.704580912575076,27.595605979539286
2023-12-01 08:00:28,6.036639222153763,36.2208737972236
2023-12-01 08:00:29,8.23519594104788,32.761166617863196
2023-12-01 08:00:30,6.4464449788643385,29.19556438425612
2023-12-01 08:00:31,2.368221308157422,36.99421086437992
2023-12-01 08:00:32,1.6007904699326874,37.84525084807094
2023-12-01 08:00:33,5.6714982418191004,29.353502250489942
2023-12-01 08:00:34,5.3176889575466815,32.1854767941596
2023-12-01 08:00:35,6.992439123295838,28.427368532686167
2023-12-01 08:00:36,6.195532885177453,33.71382851006266
2023-12-01 08:00:37,,
2023-12-01 08:00:38,,
2023-12-01 08:00:39,,
2023-12-01 08:00:40,,
2023-12-01 08:00:41,,
2023-12-01 08:00:42,,
2023-12-01 08:00:43,,
2023-12-01 08:00:44,,
2023-12-01 08:00:45,45.281557285268455,74.25153872267626
2023-12-01 08:00:46,39.56410919827311,64.00987139503276
2023-12-01 08:00:47,38.89745531132074,55.97544113188126
2023-12-01 08:00:48,35.75385630025262,73.75625538557958
2023-12-01 08:00:49,47.75909088661351,62.1053221199801
2023-12-01 08:00:50,38.541814792532534,64.78330856104338
2023-12-01 08:00:51,43.250314827517144,63.94990281194508
2023-12-01 08:00:52,41.986798929290906,70.6200949109484
2023-12-01 08:00:53,43.22032085235107,71.48435369364425
2023-12-01 08:00:54,38.684905534675536,62.9082970424842
2023-12-01 08:00:55,49.00705561885252,57.124376319923726
2023-12-01 08:00:56,46.15775696827682,59.40444643680748
2023-12-01 08:00:57,44.18004482879666,60.84778490818258
2023-12-01 08:00:58,41.98583448854944,65.44725975795073
2023-12-01 08:00:59,52.7481802744345,68.65978119785622
2023-12-01 08:01:00,53.08479152588059,68.8642707484728
2023-12-01 08:01:01,39.928128691003806,58.863681327535026
2023-12-01 08:01:02,43.97766688717314,64.85469690166889
2023-12-01 08:01:03,5.175481126370069,19.953000414845466
2023-12-01 08:01:04,4.334197490696978,43.15214848798561
2023-12-01 08:01:05,2.813263215255854,31.808195920951608
2023-12-01 08:01:06,5.731631764041906,44.14527281168306
2023-12-01 08:01:07,4.1263955639737375,27.271848373815118
2023-12-01 08:01:08,3.9235749796001222,36.25706828330779
2023-12-01 08:01:09,2.31809541073381,31.121157311301808
2023-12-01 08:01:10,6.063078626267245,35.36385026077907
2023-12-01 08:01:11,5.68906937117419,31.754120065473618
2023-12-01 08:01:12,7.040937771051041,39.89960368999061
2023-12-01 08:01:13,7.379254713780217,35.58953294404832
2023-12-01 08:01:14,4.0363404071733555,36.244418928602975
2023-12-01 08:01:15,5.335290808199028,34.33984663727866
2023-12-01 08:01:16,2.5990031759536962,32.1466586080856
2023-12-01 08:01:17,4.63462901344044,32.482573671551975
2023-12-01 08:01:18,6.398851198806868,34.59007351552708
2023-12-01 08:01:19,4.346400064324335,27.87968484944583
2023-12-01 08:01:20,8.729712447326781,36.1706992452634
2023-12-01 08:01:21,2.0355962476361484,37.53276868777854
2023-12-01 08:01:22,6.371099093681085,31.44744344170805
2023-12-01 08:01:23,3.407052987155103,39.736742452071454
2023-12-01 08:01:24,5.795597000030851,31.423961226561648
2023-12-01 08:01:25,8.28682571786858,32.21698127867023
2023-12-01 08:01:26,4.304655070744735,36.792965159883714
2023-12-01 08:01:27,6.166209888394005,39.34531029814103
2023-12-01 08:01:28,7.504771766236047,35.39773787280218
2023-12-01 08:01:29,5.277970367669506,36.27852744340897
2023-12-01 08:01:30,2.6900695900261558,39.20705103217528
2023-12-01 08:01:31,3.4874657428570144,44.58149600312892
2023-12-01 08:01:32,6.634033515089169,29.679020042128965
2023-12-01 08:01:33,0.9306666216369743,36.20287171876009
2023-12-01 08:01:34,6.115158552811398,41.80896584395482
2023-12-01 08:01:35,4.754257159149153,40.54122934863297
2023-12-01 08:01:36,5.86775497244637,39.1902597314526
2023-12-01 08:01:37,6.094664364083408,31.350866381431963
2023-12-01 08:01:38,6.31816980551582,35.27224122441888
2023-12-01 08:01:39,5.991919453921337,40.36809723899897
2023-12-01 08:01:40,3.5598407151131513,26.06147635138809
2023-12-01 08:01:41,2.2305904550733984,32.37804982657008
2023-12-01 08:01:42,7.093735668244717,40.7233095429989
2023-12-01 08:01:43,2.9349525866270594,40.17863470277973
2023-12-01 08:01:44,6.3982382085227485,32.08913486145201
2023-12-01 08:01:45,2.4453200529784493,35.134250854743684
2023-12-01 08:01:46,3.1509451509953377,33.3336133222376
2023-12-01 08:01:47,-0.3921545613564996,50.26986167697892
2023-12-01 08:01:48,,
2023-12-01 08:01:49,,
2023-12-01 08:01:50,,
2023-12-01 08:01:51,,
2023-12-01 08:01:52,,
2023-12-01 08:01:53,,
2023-12-01 08:01:54,,
2023-12-01 08:01:55,,
2023-12-01 08:01:56,,
2023-12-01 08:01:57,,
2023-12-01 08:01:58,5.901336955116609,45.18551049896755
2023-12-01 08:01:59,2.79603918417121,35.3454576797553
2023-12-01 08:02:00,3.7741971037700672,37.54510312113485
2023-12-01 08:02:01,4.575853324066882,43.097603227096315
2023-12-01 08:02:02,7.06352822521543,30.541514579421094
2023-12-01 08:02:03,5.627727217352409,36.619654669439946
2023-12-01 08:02:04,4.561846655582562,40.328383684643846
2023-12-01 08:02:05,2.9423395246461346,33.17957269929637
2023-12-01 08:02:06,4.581712007136406,33.48609803501846
2023-12-01 08:02:07,8.455827574218501,26.774503678402567
2023-12-01 08:02:08,5.054180271338106,27.554272946821786
2023-12-01 08:02:09,3.29517045726532,35.18982046719283
2023-12-01 08:02:10,1.2724744002629809,36.36404021389614
2023-12-01 08:02:11,3.0745728656274,26.481629577153072
2023-12-01 08:02:12,1.1286596759901206,30.594514337194322
2023-12-01 08:02:13,5.172913097727528,39.6112446489701
2023-12-01 08:02:14,4.67936543270572,38.3357742136122
2023-12-01 08:02:15,7.2946234407217965,43.83636784106491
2023-12-01 08:02:16,4.876596052704922,38.3437786575986
2023-12-01 08:02:17,1.345131951444401,31.417407750022267
2023-12-01 08:02:18,5.347091291729491,32.20501300710304
2023-12-01 08:02:19,3.4572537756896646,40.82595427011943
2023-12-01 08:02:20,4.554560636063435,23.17376149978417
2023-12-01 08:02:21,3.714358438206477,42.63386339031279
2023-12-01 08:02:22,1.3859299207465563,37.446703691909455
2023-12-01 08:02:23,3.701799617472687,32.49328167056711
2023-12-01 08:02:24,6.141110580630123,38.56858358196035
2023-12-01 08:02:25,3.710436888183818,37.81269761750176
2023-12-01 08:02:26,1.8406707379006377,32.49614390903839
2023-12-01 08:02:27,4.251771388005677,35.03508408428883
2023-12-01 08:02:28,6.343824991292485,30.483857622702335
2023-12-01 08:02:29,7.033559235521178,41.33362263199683
2023-12-01 08:02:30,9.286533137230784,26.004223839659982
2023-12-01 08:02:31,2.7480189546622786,39.433007978843
2023-12-01 08:02:32,0.7287955684234202,38.99263581243982
2023-12-01 08:02:33,1.6232233026758172,28.666673775597232
2023-12-01 08:02:34,6.219252607413785,33.61323118475947
2023-12-01 08:02:35,3.4149267435683153,42.18677646541052
2023-12-01 08:02:36,4.374209833489778,26.12508497288576
2023-12-01 08:02:37,5.222897532186831,44.012209051751874
2023-12-01 08:02:38,4.180158244137523,38.204987542432676
2023-12-01 08:02:39,10.618983176208516,40.62928101912068
2023-12-01 08:02:40,8.059845144946312,28.314044731160635
2023-12-01 08:02:41,9.08248000254793,31.77702923977181
2023-12-01 08:02:42,5.339073076435847,29.511302442430356
2023-12-01 08:02:43,5.792410334499599,30.58774652947126
2023-12-01 08:02:44,7.273076249621064,29.704078067752278
2023-12-01 08:02:45,6.200018428508294,31.317206546437312
2023-12-01 08:02:46,5.035965406131763,33.95151904632703
2023-12-01 08:02:47,2.4761938900853684,21.01984135353282
2023-12-01 08:02:48,5.619939429938541,28.786152960043424
2023-12-01 08:02:49,4.638048205003184,32.63782582086549
2023-12-01 08:02:50,,
2023-12-01 08:02:51,,
2023-12-01 08:02:52,,
2023-12-01 08:02:53,,
2023-12-01 08:02:54,,
2023-12-01 08:02:55,,
2023-12-01 08:02:56,,
2023-12-01 08:02:57,,
2023-12-01 08:02:58,,
2023-12-01 08:02:59,4.5901779192629055,34.0601674140034
2023-12-01 08:03:00,6.204299737584031,45.71097979341944
2023-12-01 08:03:01,6.789482706219359,34.06122888502118
2023-12-01 08:03:02,2.3064553186763,41.41774378758738
2023-12-01 08:03:03,6.158647387517776,35.8970322648779
2023-12-01 08:03:04,50.654962690920044,72.6928921423589
2023-12-01 08:03:05,43.947306840197264,76.51444136345256
2023-12-01 08:03:06,38.467578048791665,73.91277688665691
2023-12-01 08:03:07,4.535480920102058,31.9504082351514
2023-12-01 08:03:08,45.753690256772515,67.00097907150139
2023-12-01 08:03:09,0.5293652083203053,38.52227187601047
2023-12-01 08:03:10,8.314327060623214,36.897845159213965
2023-12-01 08:03:11,3.464928463177727,31.25524094969009
2023-12-01 08:03:12,7.6668929255364775,37.66262542686875
2023-12-01 08:03:13,5.944552224220635,41.3771002678819
2023-12-01 08:03:14,7.160712296411533,44.01226938060894
2023-12-01 08:03:15,-0.1886227881901883,33.563618012656015
2023-12-01 08:03:16,6.864961131977947,34.2609517415141
2023-12-01 08:03:17,9.258365045774667,36.171919961215785
2023-12-01 08:03:18,6.520424373557621,27.046667560978424
2023-12-01 08:03:19,2.7958088211323964,41.44011441272683
2023-12-01 08:03:20,5.046526419966913,34.98500908208287
2023-12-01 08:03:21,6.496388401868533,31.596368002296664
2023-12-01 08:03:22,8.58048438905787,30.877229692251408
2023-12-01 08:03:23,1.4693237314133274,30.32944458193191
2023-12-01 08:03:24,2.9342180979895587,31.679330111926845
2023-12-01 08:03:25,2.344327844255892,30.111577558127365
2023-12-01 08:03:26,6.4488433988462575,25.807841653327905
2023-12-01 08:03:27,8.884705776683486,43.95397859576088
2023-12-01 08:03:28,5.7462209554386,47.737579462138804
2023-12-01 08:03:29,8.125362061447923,27.337696486999697
2023-12-01 08:03:30,2.3965004275809267,27.254501282861636
2023-12-01 08:03:31,4.971235200444976,28.93402458127
2023-12-01 08:03:32,5.736744444778176,26.059223769879864
2023-12-01 08:03:33,6.315011537981002,35.92732453357299
2023-12-01 08:03:34,5.3920455276352905,34.63808363227124
2023-12-01 08:03:35,1.9397815580547841,31.11946561299229
2023-12-01 08:03:36,6.67823822289621,37.92834618356036
2023-12-01 08:03:37,6.416278096176259,25.387767283202344
2023-12-01 08:03:38,6.394205091183128,41.79360144566889
2023-12-01 08:03:39,3.6445072409435664,36.151035336183476
2023-12-01 08:03:40,3.965273398930151,31.14725525828815
2023-12-01 08:03:41,3.7381164887150637,31.202952854262335
2023-12-01 08:03:42,8.294568204176002,41.26610110384414
2023-12-01 08:03:43,51.238189737108094,62.87307395748669
2023-12-01 08:03:44,40.70570583558552,78.03454785726647
2023-12-01 08:03:45,4.246958553653071,25.184537704169976
2023-12-01 08:03:46,6.200001602521528,37.60504611676324
2023-12-01 08:03:47,5.540955390701584,39.243816590585496
2023-12-01 08:03:48,4.504498796096587,36.14175930109018
2023-12-01 08:03:49,4.501313376589996,30.54302120119097
2023-12-01 08:03:50,5.927790276904929,39.414994860292346
2023-12-01 08:03:51,4.883408571285248,29.06110252574819
2023-12-01 08:03:52,2.5714159774951217,29.118716761781663
2023-12-01 08:03:53,3.7377985549896815,36.987792003526366
2023-12-01 08:03:54,4.573674036396372,34.45873288787546
2023-12-01 08:03:55,2.753211459042669,29.487702338820384
2023-12-01 08:03:56,4.036787139183295,34.70759469403487
2023-12-01 08:03:57,4.055965493593561,38.56083033094492
2023-12-01 08:03:58,-0.6043087070967346,30.0596959122422
2023-12-01 08:03:59,4.369158505953842,39.077491943958
2023-12-01 08:04:00,4.63045872430046,40.80592668422525
2023-12-01 08:04:01,3.6022653065383716,32.69145682294372
2023-12-01 08:04:02,6.664168719643344,29.961167902797428
2023-12-01 08:04:03,6.473067721434413,35.52818521754774
2023-12-01 08:04:04,3.18816253398832,37.35328806246996
2023-12-01 08:04:05,3.9240662142455847,36.08475440056525
2023-12-01 08:04:06,,
2023-12-01 08:04:07,,
2023-12-01 08:04:08,,
2023-12-01 08:04:09,,
2023-12-01 08:04:10,,
2023-12-01 08:04:11,,
2023-12-01 08:04:12,,
2023-12-01 08:04:13,,
2023-12-01 08:04:14,,
2023-12-01 08:04:15,40.77787867692364,67.60109029127483
2023-12-01 08:04:16,6.3902723247307645,38.03370918326087
2023-12-01 08:04:17,3.791356174831381,37.074437760267095
2023-12-01 08:04:18,3.9264116881152717,38.21574903838918
2023-12-01 08:04:19,6.395144829121523,31.952629235250228
2023-12-01 08:04:20,5.276399551586697,37.060375638603325
2023-12-01 08:04:21,2.80352569529598,29.891632265588186
2023-12-01 08:04:22,2.940047563981578,36.88638646185071
2023-12-01 08:04:23,48.2226146744483,66.33757453505845
2023-12-01 08:04:24,46.95598094839243,75.21503165223076
2023-12-01 08:04:25,4.878621072187595,36.79566182866662
2023-12-01 08:04:26,6.779095321325255,39.732486427970635
2023-12-01 08:04:27,2.3590844653932908,30.990301147065395
2023-12-01 08:04:28,7.047508868068157,28.434212783457028
2023-12-01 08:04:29,4.940811743067301,37.7775580678154
2023-12-01 08:04:30,4.556841399437162,29.89549587586474
2023-12-01 08:04:31,2.4497963759387553,36.0518078778832
2023-12-01 08:04:32,10.667489369516204,38.93792706113099
2023-12-01 08:04:33,2.75151177226508,36.8365180580802
2023-12-01 08:04:34,4.774473639463498,44.037206530416256
2023-12-01 08:04:35,5.7016158322644666,36.19995935222861
2023-12-01 08:04:36,5.246766152695488,37.12192924928534
2023-12-01 08:04:37,6.733112335862609,39.25110057125195
2023-12-01 08:04:38,4.162380363261694,40.181499589403955
2023-12-01 08:04:39,5.682626421190222,33.2921159669341
2023-12-01 08:04:40,4.932406400643203,39.3116017452083
2023-12-01 08:04:41,4.27011690340167,26.019443412176052
2023-12-01 08:04:42,2.166067090547379,27.035298734177807
2023-12-01 08:04:43,6.22050378671981,29.936264531208572
2023-12-01 08:04:44,3.6235328735914516,26.733169123501412
2023-12-01 08:04:45,3.293470411257594,28.162886479387062
2023-12-01 08:04:46,7.373469784164586,36.35697925851586
2023-12-01 08:04:47,,
2023-12-01 08:04:48,,
2023-12-01 08:04:49,,
2023-12-01 08:04:50,,
2023-12-01 08:04:51,,
2023-12-01 08:04:52,2.548455498706406,28.409668217077904
2023-12-01 08:04:53,3.8443786924729455,38.14865488284418
2023-12-01 08:04:54,3.9883008076501554,39.17641454070292
2023-12-01 08:04:55,1.4742261175801734,40.25803456105213
2023-12-01 08:04:56,5.88500132963988,35.25689235353176
2023-12-01 08:04:57,9.489774279957356,37.02688443559646
2023-12-01 08:04:58,5.179600093525626,37.01904865589853
2023-12-01 08:04:59,10.09074059796542,33.04062946817224
2023-12-01 08:05:00,6.2982922894374695,37.132264524937575
2023-12-01 08:05:01,6.945041853043585,31.536330525359247
2023-12-01 08:05:02,6.123232530341028,32.261072743298
2023-12-01 08:05:03,4.752851217264472,37.62373619308839
2023-12-01 08:05:04,7.063458241866352,33.39359294071792
2023-12-01 08:05:05,2.118058123298645,34.60052326427606
2023-12-01 08:05:06,9.065401962286813,34.97959441416367
2023-12-01 08:05:07,7.195982156506276,38.21943360199136
2023-12-01 08:05:08,3.457711073752358,40.177347317779194
2023-12-01 08:05:09,4.728024466800073,28.196801351518317
2023-12-01 08:05:10,7.8649319651968055,34.52652312198997
2023-12-01 08:05:11,2.258851139975688,44.842258963916706
2023-12-01 08:05:12,0.49070772709998955,31.629994388374612
2023-12-01 08:05:13,43.22291429811265,74.43616168490682
2023-12-01 08:05:14,52.44749616455138,69.31883328150148
2023-12-01 08:05:15,43.22373550546312,81.15997183077205
2023-12-01 08:05:16,2.437215585461017,38.16900990718333
2023-12-01 08:05:17,2.2932923828667087,32.04691580883965
2023-12-01 08:05:18,3.9855794934265356,35.1703904223129
2023-12-01 08:05:19,2.98649964138499,28.1657202579977
2023-12-01 08:05:20,6.02696865421253,27.096382673593578
2023-12-01 08:05:21,3.786698796268748,35.786322676189265
2023-12-01 08:05:22,3.696472290821877,43.49033089587894
2023-12-01 08:05:23,9.33403478012845,27.84672171380783
2023-12-01 08:05:24,6.508915585155609,26.482168502932954
2023-12-01 08:05:25,6.297373734340456,33.89308154246655
2023-12-01 08:05:26,3.201620260766785,32.026906406934344
2023-12-01 08:05:27,3.4024772939181056,33.01287436713453
2023-12-01 08:05:28,4.662326543614767,34.12301767159196
2023-12-01 08:05:29,6.705113703727695,34.950357824818155
2023-12-01 08:05:30,6.537803109890702,34.76432637511318
2023-12-01 08:05:31,6.833200564670195,40.469265973881704
2023-12-01 08:05:32,3.4713714971023775,21.850378397992934
2023-12-01 08:05:33,4.906810838192004,35.498989886692925
2023-12-01 08:05:34,3.898861426933791,37.749159957045755
2023-12-01 08:05:35,2.237925186066591,30.871029862790028
2023-12-01 08:05:36,6.757627381180756,29.467794060706346
2023-12-01 08:05:37,6.1532977439948295,40.90058654425517
2023-12-01 08:05:38,6.936045710507717,29.588829436455086
2023-12-01 08:05:39,0.6517879625366119,33.700231407239045
2023-12-01 08:05:40,6.294074306575869,34.76067288975205
2023-12-01 08:05:41,8.966564627479245,37.7750486592877
2023-12-01 08:05:42,5.212243061044419,27.936723956205686
2023-12-01 08:05:43,6.1025236826451295,35.945435987857934
2023-12-01 08:05:44,5.95411637206311,36.087112127238385
2023-12-01 08:05:45,2.909609988889462,36.91487447359073
2023-12-01 08:05:46,8.613586479758053,38.39980946174123
2023-12-01 08:05:47,2.8756427578234924,39.84392909599953
2023-12-01 08:05:48,4.138100947385693,33.666086212079534
2023-12-01 08:05:49,2.3430152304319236,39.42342272135546
2023-12-01 08:05:50,4.878991709047483,37.63600612808346
2023-12-01 08:05:51,7.38714028466331,38.096317399117886
2023-12-01 08:05:52,6.148926252407787,28.031345493121307
2023-12-01 08:05:53,10.015819955867823,32.68598032682128
2023-12-01 08:05:54,1.5864302542246986,30.503064007264875
2023-12-01 08:05:55,1.1981771440031679,29.763596116306545
2023-12-01 08:05:56,4.624778201858324,29.452835884337336
2023-12-01 08:05:57,2.2399072272792826,38.45017574547354
2023-12-01 08:05:58,5.621951482269817,34.52963458316399
2023-12-01 08:05:59,2.3526730339300186,40.45040860227371
2023-12-01 08:06:00,6.045584820484516,37.32096320479703
2023-12-01 08:06:01,2.5270061542663935,42.53396882303202
2023-12-01 08:06:02,4.7035712445902425,38.66187146699304
2023-12-01 08:06:03,4.227319341972178,27.87158380367206
2023-12-01 08:06:04,8.599361940056106,39.74814207602651
2023-12-01 08:06:05,4.071678847849059,34.13491404418265
2023-12-01 08:06:06,5.084612452369514,40.07937624538744
2023-12-01 08:06:07,7.010607921845088,29.759943843643825
2023-12-01 08:06:08,3.2209184409429037,33.96187061049804
2023-12-01 08:06:09,-1.2643381291555889,43.58566375205858
2023-12-01 08:06:10,6.80000158891668,36.559397434271496
2023-12-01 08:06:11,5.611248362410313,30.297815682193363
2023-12-01 08:06:12,6.324292279345419,38.275757608802174
2023-12-01 08:06:13,6.093702613984872,43.55393745299842
2023-12-01 08:06:14,1.7680185874724104,42.60651050617403
2023-12-01 08:06:15,6.932096219535024,34.45544334001996
2023-12-01 08:06:16,4.759610346163098,31.838929954401305
2023-12-01 08:06:17,4.860514557603918,39.333046351902524
2023-12-01 08:06:18,9.31717280114369,40.90425303777549
2023-12-01 08:06:19,5.431963347460982,36.560441957596694
2023-12-01 08:06:20,7.828945601517553,32.71984632871068
2023-12-01 08:06:21,5.781175715174026,36.15667893838923
2023-12-01 08:06:22,6.32272586927082,39.949386449837924
2023-12-01 08:06:23,3.6305211570040647,34.7273704951499
2023-12-01 08:06:24,4.088274576948376,39.47939566850913
2023-12-01 08:06:25,4.70008470301426,39.188353331889815
2023-12-01 08:06:26,6.184609262824349,34.457398266653584
2023-12-01 08:06:27,3.7016554256234016,27.72911055331376
2023-12-01 08:06:28,4.961176604655438,41.83297870888221
2023-12-01 08:06:29,5.642580082658894,37.31364344134498
2023-12-01 08:06:30,7.132436870702481,31.34214141710008
2023-12-01 08:06:31,8.18647828341967,37.533065951649526
2023-12-01 08:06:32,10.514205137712125,31.57253540603872
2023-12-01 08:06:33,2.4720265664107943,33.21419224619236
2023-12-01 08:06:34,7.17655329671684,27.401212572020803
2023-12-01 08:06:35,3.47539890064232,33.36284676530758
2023-12-01 08:06:36,6.010073986152596,37.79666505176299
2023-12-01 08:06:37,3.9350573825934,37.65716470734766
2023-12-01 08:06:38,7.271289908049248,30.50308063561406
2023-12-01 08:06:39,6.3779415460122415,31.655407600727088
2023-12-01 08:06:40,6.510749224701944,40.845045370472135
2023-12-01 08:06:41,7.339670418389515,33.86482570794457
2023-12-01 08:06:42,4.142884113889023,42.358432197226946
2023-12-01 08:06:43,7.921758844347561,34.33959798419278
2023-12-01 08:06:44,7.934956385348414,32.5695956748942
2023-12-01 08:06:45,8.151540234272069,29.599842661613486
2023-12-01 08:06:46,47.6129884523379,68.15451528511653
2023-12-01 08:06:47,5.55115680651403,39.58715024743668
2023-12-01 08:06:48,5.1234807905885145,37.93821994227733
2023-12-01 08:06:49,2.8157785072208252,30.312195108366126
2023-12-01 08:06:50,6.787397758475461,35.93944954790879
2023-12-01 08:06:51,6.509491850798925,47.783705430341534
2023-12-01 08:06:52,4.317170635805848,36.94693318767584
2023-12-01 08:06:53,10.513052277813383,40.882359712636536
2023-12-01 08:06:54,3.868707966514683,43.039957872581965
2023-12-01 08:06:55,2.5876782749223244,28.973686897875396
2023-12-01 08:06:56,2.5639202029658357,33.54204918225586
2023-12-01 08:06:57,8.526374280022054,34.23151356987799
2023-12-01 08:06:58,6.776664923666519,27.733235287387817
2023-12-01 08:06:59,,
2023-12-01 08:07:00,,
2023-12-01 08:07:01,,
2023-12-01 08:07:02,,
2023-12-01 08:07:03,,
2023-12-01 08:07:04,,
2023-12-01 08:07:05,,
2023-12-01 08:07:06,,
2023-12-01 08:07:07,,
2023-12-01 08:07:08,,
2023-12-01 08:07:09,,
2023-12-01 08:07:10,2.5271492511874567,37.25807345499499
2023-12-01 08:07:11,10.696584066975804,38.417685304064435
2023-12-01 08:07:12,9.15597702424439,31.599097032505714
2023-12-01 08:07:13,5.233075901143421,39.8157719498981
2023-12-01 08:07:14,6.801122771627853,37.48757697094847
2023-12-01 08:07:15,2.594414469369398,31.347208393083164
2023-12-01 08:07:16,5.609581746954573,39.82453975409419
2023-12-01 08:07:17,3.2908220404935733,47.70349681428762
2023-12-01 08:07:18,5.407154529613356,33.44774616247622
2023-12-01 08:07:19,4.925199418484619,33.162684725438574
2023-12-01 08:07:20,5.7606931563591806,38.41589758350364
2023-12-01 08:07:21,5.158386264002904,38.28143160334184
2023-12-01 08:07:22,6.710795985729674,33.782729088593435
2023-12-01 08:07:23,4.428642336021374,35.67550758995004
2023-12-01 08:07:24,5.195981369318432,39.34337157301758
2023-12-01 08:07:25,4.468876208721419,33.27404661125312
2023-12-01 08:07:26,6.445254270326869,28.31937986394724
2023-12-01 08:07:27,3.6513956693088714,33.49730834227976
2023-12-01 08:07:28,7.439356320145728,34.66081006671147
2023-12-01 08:07:29,2.0158768709378867,34.30624221074054
2023-12-01 08:07:30,2.894389952912331,36.39209655690756
2023-12-01 08:07:31,4.075968106543449,36.523974809145486
2023-12-01 08:07:32,6.7985873160537365,38.2200758354507
2023-12-01 08:07:33,5.10568147472599,35.60198018142034
2023-12-01 08:07:34,3.968703789569004,28.87412311374843
2023-12-01 08:07:35,8.819861527461745,35.06942718207521
2023-12-01 08:07:36,5.571296053227852,32.52072255588214
2023-12-01 08:07:37,8.144444435527799,33.73538852993695
2023-12-01 08:07:38,5.66825677711364,39.26887583222447
2023-12-01 08:07:39,7.114946264932906,39.783312608508226
2023-12-01 08:07:40,3.462963786502547,38.929025184696464
2023-12-01 08:07:41,4.4738577955000896,38.77119009056904
2023-12-01 08:07:42,2.5292831124968793,32.781834618751446
2023-12-01 08:07:43,2.56941529369584,35.90932307869659
2023-12-01 08:07:44,5.273700361995425,34.094788405109824
2023-12-01 08:07:45,1.8500344966452729,34.76603829498169
2023-12-01 08:07:46,5.204747949492083,32.33472234881681
2023-12-01 08:07:47,,
2023-12-01 08:07:48,,
2023-12-01 08:07:49,,
2023-12-01 08:07:50,,
2023-12-01 08:07:51,,
2023-12-01 08:07:52,,
2023-12-01 08:07:53,,
2023-12-01 08:07:54,,
2023-12-01 08:07:55,,
2023-12-01 08:07:56,,
2023-12-01 08:07:57,,
2023-12-01 08:07:58,5.2118271602932875,41.05554317136751
2023-12-01 08:07:59,6.138032239022565,47.72353791242864
2023-12-01 08:08:00,4.86239900887402,39.21094236570454
2023-12-01 08:08:01,5.240934285337573,27.534385526320115
2023-12-01 08:08:02,10.00572518131029,33.535224993631836
2023-12-01 08:08:03,5.19775173618871,33.2489509014485
2023-12-01 08:08:04,1.8344595520886795,30.80844092273724
2023-12-01 08:08:05,3.246600406730934,32.293547994523585
2023-12-01 08:08:06,8.233239463004066,38.724867539922236
2023-12-01 08:08:07,5.217367004810836,34.57091478781839
2023-12-01 08:08:08,1.8476500516421681,25.440560169474182
2023-12-01 08:08:09,1.9742529516538085,35.122612599138
2023-12-01 08:08:10,1.720085195341774,34.74763107030339
2023-12-01 08:08:11,2.2875979073726262,35.584755175950995
2023-12-01 08:08:12,4.993538946797652,37.691568775597204
2023-12-01 08:08:13,6.682250147378953,41.83493215059658
2023-12-01 08:08:14,7.485940999572387,44.57562666928773
2023-12-01 08:08:15,0.14510075850362458,24.57519022601742
2023-12-01 08:08:16,4.684378651964864,34.29899889838886
2023-12-01 08:08:17,7.267533128440112,25.8593752334668
2023-12-01 08:08:18,,
2023-12-01 08:08:19,,
2023-12-01 08:08:20,,
2023-12-01 08:08:21,,
2023-12-01 08:08:22,,
2023-12-01 08:08:23,,
2023-12-01 08:08:24,,
2023-12-01 08:08:25,,
2023-12-01 08:08:26,,
2023-12-01 08:08:27,,
2023-12-01 08:08:28,3.5386856974384315,39.912105373877914
2023-12-01 08:08:29,3.7576025059859752,36.4254639619198
2023-12-01 08:08:30,7.455518139382942,32.78758280516705
2023-12-01 08:08:31,3.7620956445457407,35.148619804347284
2023-12-01 08:08:32,6.016338864304951,30.092048873259355
2023-12-01 08:08:33,7.318759680770779,39.62470724582658
2023-12-01 08:08:34,4.222060046826939,37.8503391197687
2023-12-01 08:08:35,6.262085714318709,34.3699622510939
2023-12-01 08:08:36,6.038227501647441,33.25497155389595
2023-12-01 08:08:37,5.044809304407679,40.5278317763575
2023-12-01 08:08:38,3.32300353991188,30.65250813978112
2023-12-01 08:08:39,2.7040067264255248,27.40488774316359
2023-12-01 08:08:40,3.5822784992830012,42.82186417313369
2023-12-01 08:08:41,7.319908622843141,40.27682352278095
2023-12-01 08:08:42,6.319367816731749,25.478596646116188
2023-12-01 08:08:43,2.3427808209539127,31.671713083310074
2023-12-01 08:08:44,5.069180395628531,33.655142763421956
2023-12-01 08:08:45,3.320846227679385,29.228915924694892
2023-12-01 08:08:46,5.759662193055366,38.157025251286505
2023-12-01 08:08:47,,
2023-12-01 08:08:48,,
2023-12-01 08:08:49,,
2023-12-01 08:08:50,,
2023-12-01 08:08:51,,
2023-12-01 08:08:52,,
2023-12-01 08:08:53,,
2023-12-01 08:08:54,3.7950660498014246,44.54878831858336
2023-12-01 08:08:55,5.93888179584807,26.51951164916911
2023-12-01 08:08:56,4.868272358303993,35.19904830510757
2023-12-01 08:08:57,2.3571234749026115,38.2935643866122
2023-12-01 08:08:58,6.885056759477395,37.271032268340726
2023-12-01 08:08:59,4.334817933681135,37.34100136084607
2023-12-01 08:09:00,1.436525820093629,41.601923742405425
2023-12-01 08:09:01,1.415514398059543,36.27215287992408
2023-12-01 08:09:02,4.403178985268417,34.30760382539392
2023-12-01 08:09:03,4.764822313568379,40.901365474119075
2023-12-01 08:09:04,36.09014746862539,65.91924261312451
2023-12-01 08:09:05,5.1225039765796785,35.705388804891044
2023-12-01 08:09:06,4.1445532337539355,39.6904428205055
2023-12-01 08:09:07,5.546767782608183,32.65855205418269
2023-12-01 08:09:08,5.596970097629212,33.15933063029857
2023-12-01 08:09:09,5.229230339746271,35.76872722345617
2023-12-01 08:09:10,5.470052538955971,38.50005560601659
2023-12-01 08:09:11,2.7964148729167038,32.94003021538036
2023-12-01 08:09:12,5.218943464139754,35.69566041812735
2023-12-01 08:09:13,8.025976740953137,34.380111099404076
2023-12-01 08:09:14,4.2340743537402075,30.330275793373207
2023-12-01 08:09:15,4.911155444931414,33.433372703947704
2023-12-01 08:09:16,3.3001730427251923,37.445483076856604
2023-12-01 08:09:17,2.6663470846802264,34.233798157563314
2023-12-01 08:09:18,6.390451292476922,28.321860474643614
2023-12-01 08:09:19,3.4408397495222927,33.592295962276495
2023-12-01 08:09:20,4.902327532107293,28.28623196210279
2023-12-01 08:09:21,4.6012870216957875,32.934228287014506
2023-12-01 08:09:22,3.2451798205363067,36.449394822802816
2023-12-01 08:09:23,7.172142180594804,32.6547642045218
2023-12-01 08:09:24,6.376727182595068,33.5373856545451
2023-12-01 08:09:25,6.382371624019078,24.845235717743638
2023-12-01 08:09:26,2.682969941457778,40.74205923949114
2023-12-01 08:09:27,3.185520940186228,32.07342715810068
2023-12-01 08:09:28,8.503695276318116,34.95296418840806
2023-12-01 08:09:29,2.896465455710478,31.157916243995174
2023-12-01 08:09:30,5.3944520577657515,36.463337397479485
2023-12-01 08:09:31,5.35440761856702,31.93625928798705
2023-12-01 08:09:32,5.466064486670323,38.82745034060912
2023-12-01 08:09:33,8.8817515220873,31.748479572411505
2023-12-01 08:09:34,42.51081403786138,70.45834021272888
2023-12-01 08:09:35,46.15356064311685,59.46987210194596
2023-12-01 08:09:36,6.2255481623966595,43.09128718182483
2023-12-01 08:09:37,7.229465807998598,42.33792379369184
2023-12-01 08:09:38,1.7658094027856337,37.39305079476852
2023-12-01 08:09:39,7.274293503318658,28.686509298578102
2023-12-01 08:09:40,6.043315812864152,29.147464854284237
2023-12-01 08:09:41,3.5781918541219397,36.616494482290946
2023-12-01 08:09:42,3.9406263937625683,34.70008149106665
2023-12-01 08:09:43,4.898180160395029,30.21877825341269
2023-12-01 08:09:44,6.186722562069517,31.031867275411592
2023-12-01 08:09:45,2.5597889036045243,41.11123595526286
2023-12-01 08:09:46,6.5307544197114895,40.48429186744287
2023-12-01 08:09:47,5.857734677973936,40.98528226872098
2023-12-01 08:09:48,1.3622446117449285,37.66185623635603
2023-12-01 08:09:49,5.381957784622403,42.68798193546777
2023-12-01 08:09:50,38.506695172889735,68.77548490378874
2023-12-01 08:09:51,2.36738129252587,36.55389800219462
2023-12-01 08:09:52,3.857424754225183,33.636046810302624
2023-12-01 08:09:53,2.654022582779235,31.252628920124792
2023-12-01 08:09:54,7.062210834399909,34.41514126815042
2023-12-01 08:09:55,5.856628108950072,36.89823152281764
2023-12-01 08:09:56,6.54834808698353,32.806775337676626
2023-12-01 08:09:57,10.130884102419255,30.611451954561705
2023-12-01 08:09:58,1.970212315618848,31.001526208001987
2023-12-01 08:09:59,7.081133441344575,43.54448737621197
2023-12-01 08:10:00,4.8782247752290635,32.422078474955214
2023-12-01 08:10:01,3.2616990463280113,21.355258446218574
2023-12-01 08:10:02,5.132506237856017,32.067280826474644
2023-12-01 08:10:03,4.979391364004927,39.360843660553336
2023-12-01 08:10:04,3.709031257212926,34.43915641526925
2023-12-01 08:10:05,5.457009163018468,32.36515533929823
2023-12-01 08:10:06,6.798932444356117,38.604229568702955
2023-12-01 08:10:07,5.907029233292598,38.844574144093926
2023-12-01 08:10:08,5.415857137230499,24.838874592689677
2023-12-01 08:10:09,6.958097291114315,40.38961580668456
2023-12-01 08:10:10,2.703355826114425,38.444345944494586
2023-12-01 08:10:11,6.436671915140999,38.39106887018866
2023-12-01 08:10:12,5.228089414068117,34.70860827484143
2023-12-01 08:10:13,6.296607840622668,26.44840227930112
2023-12-01 08:10:14,0.10628002223958877,35.7469277859235
2023-12-01 08:10:15,1.3762369715308584,38.34809002824635
2023-12-01 08:10:16,5.537221229467532,35.09877410171844
2023-12-01 08:10:17,43.79777644214027,67.66998899007238
2023-12-01 08:10:18,50.567312304090706,85.87931306767318
2023-12-01 08:10:19,4.775587388376391,31.47281777361738
2023-12-01 08:10:20,4.452833528990914,29.401934367455866
2023-12-01 08:10:21,4.775626721030631,33.52309116850695
2023-12-01 08:10:22,6.798903916172429,34.33030965087006
2023-12-01 08:10:23,7.979755781868574,41.89180662262004
2023-12-01 08:10:24,6.459960781516855,34.13255501836385
2023-12-01 08:10:25,7.515815604366079,40.3244622318329
2023-12-01 08:10:26,39.997533839417926,66.49901473307021
2023-12-01 08:10:27,49.39125405324353,58.470487673430135
2023-12-01 08:10:28,52.475303197955824,61.1387707265038
2023-12-01 08:10:29,43.95266001444429,65.64385322644611
2023-12-01 08:10:30,37.40758583124111,57.44335422637417
2023-12-01 08:10:31,49.07158000333515,67.4353814624206
2023-12-01 08:10:32,40.81266650798349,58.66799885335133
2023-12-01 08:10:33,42.38528413076842,66.68153596685208
2023-12-01 08:10:34,48.01515889406509,62.390042887949036
2023-12-01 08:10:35,50.77854099641338,74.78590596957774
2023-12-01 08:10:36,43.80855905140095,54.94153936212127
2023-12-01 08:10:37,44.98286063424253,66.08046495657554
2023-12-01 08:10:38,42.66283298636603,62.75497655610266
2023-12-01 08:10:39,43.75245985113643,68.97851940898647
2023-12-01 08:10:40,41.758033728856624,67.52161140208517
2023-12-01 08:10:41,47.82395189012703,71.0736102458251
2023-12-01 08:10:42,47.833737273858176,67.46428723164885
2023-12-01 08:10:43,48.483776379131605,63.12733232494182
2023-12-01 08:10:44,54.06796204728094,67.05589868821058
2023-12-01 08:10:45,50.509569234887174,61.82083521854292
2023-12-01 08:10:46,43.252680350675746,67.9665246058764
2023-12-01 08:10:47,44.125894777219045,67.0101075156093
2023-12-01 08:10:48,42.191789947950596,59.31207534104438
2023-12-01 08:10:49,48.45126297257011,64.01450299402754
2023-12-01 08:10:50,39.6321566148622,68.1378262922972
2023-12-01 08:10:51,7.857011334168831,33.392507867852515
2023-12-01 08:10:52,7.244166324176625,28.88916257818524
2023-12-01 08:10:53,9.306521847173611,29.46553818633954
2023-12-01 08:10:54,2.604076808621841,29.99711040641759
2023-12-01 08:10:55,0.24744617130396396,30.355156933910912
2023-12-01 08:10:56,4.88200881482496,31.513637408824554
2023-12-01 08:10:57,4.133918445455084,44.1172650665185
2023-12-01 08:10:58,5.568562266099949,39.90079202804475
2023-12-01 08:10:59,4.150810568523639,33.01249608326949
2023-12-01 08:11:00,5.701778561768266,30.3646574659511
2023-12-01 08:11:01,6.245337086823427,36.08572530255894
2023-12-01 08:11:02,3.4925544590691757,38.12423351208171
2023-12-01 08:11:03,4.354308440341668,31.629715416378573
2023-12-01 08:11:04,6.919233450773747,38.35139522960538
2023-12-01 08:11:05,5.873452102436878,26.53894520446582
2023-12-01 08:11:06,6.70895439119103,28.06667694228155
2023-12-01 08:11:07,44.297937872190836,58.859628296903786
2023-12-01 08:11:08,1.9938175874622925,27.390335524240847
2023-12-01 08:11:09,4.964830076084698,36.030204028099796
2023-12-01 08:11:10,7.211972549183837,36.66949013745552
2023-12-01 08:11:11,2.247814433642359,33.08589896939074
2023-12-01 08:11:12,5.513360372003483,32.94140009351187
2023-12-01 08:11:13,4.911377558228456,40.02144093106148
2023-12-01 08:11:14,4.5591534494538974,43.11777204978678
2023-12-01 08:11:15,4.768014090701413,26.898998235424454
2023-12-01 08:11:16,4.3314997874205305,33.50784635119639
2023-12-01 08:11:17,1.7335857793276581,40.09482204316119
2023-12-01 08:11:18,4.271649852822032,37.56483262377861
2023-12-01 08:11:19,3.7978035543329285,25.180470035474233
2023-12-01 08:11:20,4.368330408900151,30.745865530932008
2023-12-01 08:11:21,5.2765908229242235,26.699046702061175
2023-12-01 08:11:22,3.2455926911941884,32.10140787543327
2023-12-01 08:11:23,4.8308605486375855,43.76439369807175
2023-12-01 08:11:24,5.576742014216958,27.447272807052244
2023-12-01 08:11:25,5.330391331841832,43.48529776502197
2023-12-01 08:11:26,6.975740724556641,38.40129673753566
2023-12-01 08:11:27,1.4341737762871758,40.00777825098526
2023-12-01 08:11:28,5.263688081299951,31.86248715080067
2023-12-01 08:11:29,8.122041892070365,31.83180560546858
2023-12-01 08:11:30,7.210599565595216,28.21713625370255
2023-12-01 08:11:31,0.10828457060474417,42.51246235876493
2023-12-01 08:11:32,4.9352989965023815,33.354982595749014
2023-12-01 08:11:33,5.842263693710571,45.025040689644335
2023-12-01 08:11:34,6.492014346064801,39.177923257357335
2023-12-01 08:11:35,3.515474957350748,36.10735298533596
2023-12-01 08:11:36,2.590476660174953,30.185834319963085
2023-12-01 08:11:37,3.290450639651401,30.53959585985571
2023-12-01 08:11:38,2.1632367832576205,26.678257879791083
2023-12-01 08:11:39,4.140681545247472,34.90050237224231
2023-12-01 08:11:40,4.918052668094836,35.846187639060894
2023-12-01 08:11:41,5.719989455691438,39.12345333004815
2023-12-01 08:11:42,4.051145595262955,36.34325306973538
2023-12-01 08:11:43,2.6103728560842896,39.82555392647584
2023-12-01 08:11:44,4.731119784298197,33.27263906553477
2023-12-01 08:11:45,3.0989699209821353,30.397741283879036
2023-12-01 08:11:46,4.439449724920973,33.179947325010964
2023-12-01 08:11:47,4.7783646174490535,34.041387753072016
2023-12-01 08:11:48,7.458651146312542,34.108143910328536
2023-12-01 08:11:49,6.70787443819041,33.2186201429562
2023-12-01 08:11:50,3.882470393835309,30.02127483494582
2023-12-01 08:11:51,4.89052068406719,41.05194822632533
2023-12-01 08:11:52,7.23101783599596,31.178892226023276
2023-12-01 08:11:53,4.886329636977504,37.65457969950576
2023-12-01 08:11:54,3.4313074125905443,42.59198068742375
2023-12-01 08:11:55,3.5740001933034926,35.26138978081891
2023-12-01 08:11:56,3.978765936959,42.91703818864702
2023-12-01 08:11:57,2.0557562064206136,28.252917240636634
2023-12-01 08:11:58,8.078283444178183,33.57154589229822
2023-12-01 08:11:59,7.540623029022942,34.709455061617184
2023-12-01 08:12:00,7.911641238801133,32.52841484724952
2023-12-01 08:12:01,45.88878272833798,71.05439064895411
2023-12-01 08:12:02,44.57470688321,76.95447852239984
2023-12-01 08:12:03,5.447489663097448,31.947562990832388
2023-12-01 08:12:04,5.168363445666326,37.44841418973349
2023-12-01 08:12:05,4.476439257814955,35.91770390134773
2023-12-01 08:12:06,2.3384872574287794,37.72913835091307
2023-12-01 08:12:07,6.1528036534686015,35.52124138234377
2023-12-01 08:12:08,0.4137614845732296,31.920698246861992
2023-12-01 08:12:09,6.317727407345844,31.811127937880524
2023-12-01 08:12:10,6.214720367236426,36.30234540275859
2023-12-01 08:12:11,3.540308885829175,38.15128557913983
2023-12-01 08:12:12,4.6354812348764,27.54857502850021
2023-12-01 08:12:13,5.673360269271173,25.794197098969875
2023-12-01 08:12:14,4.995914323731511,36.21626731836409
2023-12-01 08:12:15,3.9469172150960574,32.71148182637645
2023-12-01 08:12:16,2.609432093820268,37.88275217695058
2023-12-01 08:12:17,1.9348510341666483,32.24087874848403
2023-12-01 08:12:18,2.513097270188863,29.33476739340202
2023-12-01 08:12:19,7.520403935843202,31.154388439557707
2023-12-01 08:12:20,2.898979327394489,36.79998066024389
2023-12-01 08:12:21,3.8418151487726524,32.95424581428758
2023-12-01 08:12:22,5.892085405084209,33.68518923717339
2023-12-01 08:12:23,2.871205812462801,40.857857637711966
2023-12-01 08:12:24,8.832287026237982,44.93620409476647
2023-12-01 08:12:25,4.072353286364255,39.87114361960903
2023-12-01 08:12:26,4.13642570299328,37.032478845746695
2023-12-01 08:12:27,0.5518516906255595,36.93049192282669
2023-12-01 08:12:28,7.49638413320536,39.78374786824232
2023-12-01 08:12:29,3.5922777489228417,39.75674816353322
2023-12-01 08:12:30,7.154003452167583,37.45234392881244
2023-12-01 08:12:31,7.294833928309316,30.881493951402625
2023-12-01 08:12:32,1.7514662668322964,37.36688768545681
2023-12-01 08:12:33,4.860696560575135,21.850408424106615
2023-12-01 08:12:34,7.278766849501544,32.97340121415274
2023-12-01 08:12:35,7.605555374399204,40.99388340206461
2023-12-01 08:12:36,43.30842287595442,66.64855518520348
2023-12-01 08:12:37,36.22087903200502,58.83758064858099
2023-12-01 08:12:38,39.195928884680065,75.29662262264995
2023-12-01 08:12:39,50.15966608826473,72.41535288025707
2023-12-01 08:12:40,36.02879189541356,63.90056456361164
2023-12-01 08:12:41,41.35946365679797,66.32281650881106
2023-12-01 08:12:42,35.40955931479398,59.13628458594716
2023-12-01 08:12:43,48.653626518718454,72.20966968414619
2023-12-01 08:12:44,53.634015229049886,63.411606672270125
2023-12-01 08:12:45,43.17206921918518,67.58929130732058
2023-12-01 08:12:46,49.843598191174316,66.87040197679453
2023-12-01 08:12:47,45.81388939992152,57.406578160828026
2023-12-01 08:12:48,44.03480142701115,67.9581147002463
2023-12-01 08:12:49,38.913564664245655,60.58337999398966
2023-12-01 08:12:50,47.3900639130833,77.39301378076028
2023-12-01 08:12:51,48.70948102962582,62.705120361729236
2023-12-01 08:12:52,48.3586789875844,56.458956399341545
2023-12-01 08:12:53,43.29156733101702,62.2147368346706
2023-12-01 08:12:54,44.36564966216716,67.09201926268665
2023-12-01 08:12:55,44.357897565110704,63.856892304343624
2023-12-01 08:12:56,49.30502781490162,58.675707807876066
2023-12-01 08:12:57,51.30543550918337,70.3479082520754
2023-12-01 08:12:58,42.697374387494996,60.32228375062334
2023-12-01 08:12:59,45.16122142217018,63.413507444057274
2023-12-01 08:13:00,46.0132204623761,59.96109641395703
2023-12-01 08:13:01,52.76084407534849,67.3565101414994
2023-12-01 08:13:02,2.8191684424559185,37.67736677109562
2023-12-01 08:13:03,7.396603703771482,29.235722192791286
2023-12-01 08:13:04,1.9490802318680767,27.323213930164624
2023-12-01 08:13:05,0.8213225798277319,30.461873043206438
2023-12-01 08:13:06,3.7446231958603855,27.35086516449902
2023-12-01 08:13:07,2.0004347806366107,36.755243058684
2023-12-01 08:13:08,4.721040047718132,36.09491985180792
2023-12-01 08:13:09,3.403793880131663,41.792084470936985
2023-12-01 08:13:10,6.605827678438099,38.35804360352732
2023-12-01 08:13:11,5.024419003116853,26.967627891748972
2023-12-01 08:13:12,6.742479969674471,38.56155039071827
2023-12-01 08:13:13,3.684267970249702,41.77970142028944
2023-12-01 08:13:14,4.842250100589536,40.2864567769776
2023-12-01 08:13:15,7.011983185739161,40.01394066432872
2023-12-01 08:13:16,2.646163983684292,31.241735230460648
2023-12-01 08:13:17,2.5438914827881396,29.125805773899692
2023-12-01 08:13:18,3.433018753070858,36.32763426084435
2023-12-01 08:13:19,1.2123463669344465,28.43045233179918
2023-12-01 08:13:20,3.6293699961244235,43.445928353754915
2023-12-01 08:13:21,4.588241568757076,34.564368470962684
2023-12-01 08:13:22,5.951466305300024,31.357438770355675
2023-12-01 08:13:23,8.66983830935903,28.209936433447908
2023-12-01 08:13:24,3.301495159161083,39.3500781918279
2023-12-01 08:13:25,8.807149959026638,35.613100475205066
2023-12-01 08:13:26,7.563338852308756,21.27706371180379
2023-12-01 08:13:27,4.011710467550456,35.13092076281784
2023-12-01 08:13:28,7.982094023048661,49.27046324458509
2023-12-01 08:13:29,5.201992804652386,40.55722613087061
2023-12-01 08:13:30,1.6013907070279099,34.21819083497296
2023-12-01 08:13:31,6.852576170786296,35.0942559431102
2023-12-01 08:13:32,7.226401113368092,42.5559368237082
2023-12-01 08:13:33,3.0503172903265465,40.95561743282591
2023-12-01 08:13:34,6.877013017820886,38.58841220192641
2023-12-01 08:13:35,6.536208049347433,39.13020262627101
2023-12-01 08:13:36,4.595368331022736,40.26113249049869
2023-12-01 08:13:37,5.647920471433427,34.747929769743436
2023-12-01 08:13:38,3.7271197493028136,35.20860020245413
2023-12-01 08:13:39,9.681107556050517,36.341547314176175
2023-12-01 08:13:40,8.352618535323879,34.14516427599622
2023-12-01 08:13:41,8.733052750667373,44.42783086839166
2023-12-01 08:13:42,5.973770251900422,33.78642319881854
2023-12-01 08:13:43,6.642714714473149,39.884341897709
2023-12-01 08:13:44,2.506909508468457,24.716201582406086
2023-12-01 08:13:45,4.885083359960037,37.80081956821758
2023-12-01 08:13:46,2.7578817399027122,42.74036054702162
2023-12-01 08:13:47,7.27135550987429,36.662524699705294
2023-12-01 08:13:48,4.4436892586558026,32.02355605903837
2023-12-01 08:13:49,3.396110804382829,40.63303280752869
2023-12-01 08:13:50,2.84801026512852,42.350616689802095
2023-12-01 08:13:51,1.3299434312152965,29.201107629270496
2023-12-01 08:13:52,3.4929958293388603,35.7918594934979
2023-12-01 08:13:53,6.802620212320509,33.21197515429541
2023-12-01 08:13:54,3.774010477236138,35.038035326969435
2023-12-01 08:13:55,5.339673641345709,36.42425526949346
2023-12-01 08:13:56,6.748082607217815,37.520874507792115
2023-12-01 08:13:57,2.101680464275067,36.6041818466446
2023-12-01 08:13:58,7.895772586191855,35.57338429171681
2023-12-01 08:13:59,3.013580518271133,27.045166876513438
2023-12-01 08:14:00,5.800424216978888,30.695839822218012
2023-12-01 08:14:01,2.9844336184476505,34.27653531192914
2023-12-01 08:14:02,6.885344514388608,30.918168710353555
2023-12-01 08:14:03,45.11651703601052,67.99158099977573
2023-12-01 08:14:04,46.951872758272685,68.89865810719715
2023-12-01 08:14:05,4.4945141015962955,33.31685748844772
2023-12-01 08:14:06,5.2633285880391885,44.98663003128154
2023-12-01 08:14:07,6.622654884086494,21.557543581720385
2023-12-01 08:14:08,4.536181074335502,33.799316418576794
2023-12-01 08:14:09,10.317401786362803,39.542465267032476
2023-12-01 08:14:10,5.216524316391612,36.42169116828417
2023-12-01 08:14:11,4.2727728735449135,44.607147821838744
2023-12-01 08:14:12,4.63445814704733,40.47622995044689
2023-12-01 08:14:13,7.044811788649772,39.018531893005665
2023-12-01 08:14:14,8.762336619802529,44.217915749715836
2023-12-01 08:14:15,45.46496584432841,70.40727450201
2023-12-01 08:14:16,53.744009417434555,65.11393618661066
2023-12-01 08:14:17,7.048006375356241,31.951359667849793
2023-12-01 08:14:18,5.422432545054519,36.29889364994908
2023-12-01 08:14:19,2.5627490206423174,37.942683266681314
2023-12-01 08:14:20,8.163654926414143,33.99889509197602
2023-12-01 08:14:21,,
2023-12-01 08:14:22,,
2023-12-01 08:14:23,,
2023-12-01 08:14:24,,
2023-12-01 08:14:25,,
2023-12-01 08:14:26,,
2023-12-01 08:14:27,,
2023-12-01 08:14:28,5.510273649114412,38.003051268214364
2023-12-01 08:14:29,5.91422729881127,39.82396168665946
2023-12-01 08:14:30,9.640845308424941,37.73290261169986
2023-12-01 08:14:31,5.899877934771785,33.510148004239085
2023-12-01 08:14:32,5.174957783700733,31.201008260653705
2023-12-01 08:14:33,3.890696785163032,38.40760210548963
2023-12-01 08:14:34,8.19301647602284,30.45343725819498
2023-12-01 08:14:35,4.233927025762884,26.07667784888931
2023-12-01 08:14:36,4.8776310906249,40.0338456955044
2023-12-01 08:14:37,4.966141630387857,32.64334438815117
2023-12-01 08:14:38,6.770836380778359,26.918831924344758
2023-12-01 08:14:39,4.030752251331154,24.485345473167115
2023-12-01 08:14:40,6.955022634859216,38.97331313906785
2023-12-01 08:14:41,7.680017022188244,37.61062028526148
2023-12-01 08:14:42,1.0215847654825372,22.993076333106792
2023-12-01 08:14:43,9.345902225527466,30.699615364358046
2023-12-01 08:14:44,3.397481706618474,30.839600981114632
2023-12-01 08:14:45,6.729600255616758,33.15074278871925
2023-12-01 08:14:46,6.201815820542789,40.30861163817289
2023-12-01 08:14:47,4.74633283694805,27.899831293154655
2023-12-01 08:14:48,7.054743194543667,36.221237804419424
2023-12-01 08:14:49,52.10352291347046,59.16957017062903
2023-12-01 08:14:50,40.732915059739085,68.68439656371278
2023-12-01 08:14:51,46.66094548714146,71.12578423160538
2023-12-01 08:14:52,2.936812872881259,34.32563005142986
2023-12-01 08:14:53,0.6856480200313282,28.823693810284272
2023-12-01 08:14:54,4.599247561937439,37.25042565937508
2023-12-01 08:14:55,8.184276537164589,40.11203327118095
2023-12-01 08:14:56,46.85441713028752,76.7157917308639
2023-12-01 08:14:57,6.321154797130551,37.825227022742716
2023-12-01 08:14:58,0.9327758554930261,32.894859111764056
2023-12-01 08:14:59,7.233877788542529,36.49116457891347
2023-12-01 08:15:00,8.23870816504278,25.62095558735087
2023-12-01 08:15:01,3.633339660673786,38.45258062996242
2023-12-01 08:15:02,5.0310492458168845,35.91626312018981
2023-12-01 08:15:03,7.160354738670863,38.08821991321612
2023-12-01 08:15:04,4.060527694369345,37.960219438496985
2023-12-01 08:15:05,6.300650072305461,47.71904457365905
2023-12-01 08:15:06,6.84687939588018,39.517974580900194
2023-12-01 08:15:07,4.602750593499119,30.49449988961867
2023-12-01 08:15:08,3.496858929810849,39.55404699768705
2023-12-01 08:15:09,-0.9628415202966201,37.13030791948442
2023-12-01 08:15:10,3.853800277276928,39.30312860186426
2023-12-01 08:15:11,4.496026964192276,30.459396583888118
2023-12-01 08:15:12,7.009624230912104,31.33671186765386
2023-12-01 08:15:13,4.285092023684517,38.59571995374864
2023-12-01 08:15:14,6.885076756159442,29.120723593059196
2023-12-01 08:15:15,4.8783980281322235,33.87485701447559
2023-12-01 08:15:16,2.285781625628048,28.116137264997555
2023-12-01 08:15:17,48.53897492131703,73.27743034256969
2023-12-01 08:15:18,5.316277288076706,36.88641102058846
2023-12-01 08:15:19,2.852651653355099,40.19989722136863
2023-12-01 08:15:20,8.956002826352258,34.30078829533492
2023-12-01 08:15:21,4.1749821566059016,33.47009202694792
2023-12-01 08:15:22,5.3688195434600905,33.91486330469489
2023-12-01 08:15:23,4.912952387880643,38.38129785126523
2023-12-01 08:15:24,5.881632537106856,34.80654596486796
2023-12-01 08:15:25,4.713314166106752,24.004318505168946
2023-12-01 08:15:26,1.2109724617983089,37.89988781978719
2023-12-01 08:15:27,5.858188441321764,33.38701456860582
2023-12-01 08:15:28,9.636525270574962,50.28066684461821
2023-12-01 08:15:29,4.483491651348958,37.130400421528996
2023-12-01 08:15:30,2.531469822473703,35.47843611674047
2023-12-01 08:15:31,46.72286469606627,65.97188063148536
2023-12-01 08:15:32,46.06545829038405,72.68597971833314
2023-12-01 08:15:33,37.32485730722883,65.48624512649417
2023-12-01 08:15:34,6.5810864835949,40.6126040700525
2023-12-01 08:15:35,7.7926529645885685,25.23715492550876
2023-12-01 08:15:36,8.0424410560295,36.344412364522334
2023-12-01 08:15:37,5.011007210256533,31.319099752381554
2023-12-01 08:15:38,2.274343497167344,37.65742587805984
2023-12-01 08:15:39,4.651544032503409,28.690474463409636
2023-12-01 08:15:40,6.870651611079321,36.68836381162751
2023-12-01 08:15:41,4.195156932027528,34.426891807520526
2023-12-01 08:15:42,5.842663598286217,33.88211644459228
2023-12-01 08:15:43,4.627898452603782,34.19304409214806
2023-12-01 08:15:44,5.0944286281706175,31.754338253399606
2023-12-01 08:15:45,2.9301144944254016,31.661383921537002
2023-12-01 08:15:46,7.199005134511443,40.61944858319726
2023-12-01 08:15:47,7.368227051235598,30.598881905647183
2023-12-01 08:15:48,1.8650217295770304,33.81231252429698
2023-12-01 08:15:49,7.4111497329383464,30.82804989910481
2023-12-01 08:15:50,41.3666269462907,59.89029296961449
2023-12-01 08:15:51,40.43900430415837,70.25847296527897
2023-12-01 08:15:52,46.15085686009374,73.96586073821672
2023-12-01 08:15:53,45.04447939282506,58.30765555704876
2023-12-01 08:15:54,46.17827102956352,71.3010932743551
2023-12-01 08:15:55,54.997308488915735,57.43972261302484
2023-12-01 08:15:56,46.24813543042788,68.36318099770101
2023-12-01 08:15:57,46.837596533289975,65.61892996237506
2023-12-01 08:15:58,39.09891777001541,64.42735539904479
2023-12-01 08:15:59,47.3885877964226,57.977865805292595
2023-12-01 08:16:00,44.325988614759936,67.61057816056099
2023-12-01 08:16:01,46.55058142604175,62.02044726578218
2023-12-01 08:16:02,43.330353365469385,65.68429597845174
2023-12-01 08:16:03,37.27483306460242,75.99942832683323
2023-12-01 08:16:04,41.14933864003553,70.09237077376287
2023-12-01 08:16:05,47.72599535513835,69.40408220546628
2023-12-01 08:16:06,45.212379825842184,66.6913571516756
2023-12-01 08:16:07,43.444799829920875,66.26978504786842
2023-12-01 08:16:08,48.916451567138,64.56635438664865
2023-12-01 08:16:09,40.93210291824069,67.93129129541681
2023-12-01 08:16:10,49.570229035747936,72.62693751187226
2023-12-01 08:16:11,5.141913640422492,38.94955596546531
2023-12-01 08:16:12,7.611516060428387,37.18819794281458
2023-12-01 08:16:13,5.908239846661248,31.353325250311002
2023-12-01 08:16:14,5.032674808356231,30.653483470132272
2023-12-01 08:16:15,48.52497068038618,75.72233809627201
2023-12-01 08:16:16,5.535022198693643,38.54652492822755
2023-12-01 08:16:17,4.766090914254035,43.92310850548854
2023-12-01 08:16:18,48.996826929783026,66.40630755944639
2023-12-01 08:16:19,46.60490070934099,69.85154706799085
2023-12-01 08:16:20,43.62989970714402,61.928251432442
2023-12-01 08:16:21,43.90202126891557,65.27694097232018
2023-12-01 08:16:22,50.77833149727863,66.15729659014738
2023-12-01 08:16:23,43.816126384920864,56.98227478661952
2023-12-01 08:16:24,51.466999965912755,65.85506509021545
2023-12-01 08:16:25,42.45810688297017,68.28615927705717
2023-12-01 08:16:26,46.55190747712048,72.6395697944174
2023-12-01 08:16:27,50.180936304416484,63.44172944881292
2023-12-01 08:16:28,41.84191468332331,63.28463905027071
2023-12-01 08:16:29,49.59975129365631,70.68125669776413
2023-12-01 08:16:30,50.76950243263476,63.156562181652916
2023-12-01 08:16:31,43.33197047997692,66.80286965101023
2023-12-01 08:16:32,42.86936057941797,58.631329351631045
2023-12-01 08:16:33,40.0139767052098,65.48240735939662
2023-12-01 08:16:34,40.77475117494469,63.21342515272755
2023-12-01 08:16:35,47.3296279605298,71.6223297252501
2023-12-01 08:16:36,,
2023-12-01 08:16:37,,
2023-12-01 08:16:38,,
2023-12-01 08:16:39,,
2023-12-01 08:16:40,,
2023-12-01 08:16:41,,
2023-12-01 08:16:42,,
2023-12-01 08:16:43,,
2023-12-01 08:16:44,2.4893651413314846,36.576398137374234
2023-12-01 08:16:45,4.114403629481188,24.98759425419569
2023-12-01 08:16:46,6.9087691105756015,24.20778590789216
2023-12-01 08:16:47,,
2023-12-01 08:16:48,,
2023-12-01 08:16:49,,
2023-12-01 08:16:50,,
2023-12-01 08:16:51,,
2023-12-01 08:16:52,,
2023-12-01 08:16:53,2.722159775585444,31.976414761762395
2023-12-01 08:16:54,4.386131173757982,33.0755273654863
2023-12-01 08:16:55,6.370820443878718,29.23527943706955
2023-12-01 08:16:56,4.2599257667031,40.3765593823009
2023-12-01 08:16:57,3.579608583966283,35.59538964428466
2023-12-01 08:16:58,6.375727622601876,35.66540346936957
2023-12-01 08:16:59,2.4690586052696557,26.984017594753425
2023-12-01 08:17:00,7.24407971931123,41.49175480058469
2023-12-01 08:17:01,4.891692468533902,36.000710296921945
2023-12-01 08:17:02,3.809037438557822,34.77854644692066
2023-12-01 08:17:03,44.72953355583445,68.78803739367443
2023-12-01 08:17:04,47.76939326764193,75.34147505677734
2023-12-01 08:17:05,41.64155318841077,63.06964375894989
2023-12-01 08:17:06,4.506196674163336,41.413742142265775
2023-12-01 08:17:07,5.214358765878658,36.69817614793679
2023-12-01 08:17:08,3.5932388772835195,35.90456476055787
2023-12-01 08:17:09,4.909653497754952,40.765768693597025
2023-12-01 08:17:10,4.403314055616868,34.32780465898153
2023-12-01 08:17:11,2.6151834811958676,33.21051534418932
2023-12-01 08:17:12,4.980272964591115,32.19434726758548
2023-12-01 08:17:13,7.251543183928867,39.827443083749294
2023-12-01 08:17:14,1.510071365105334,33.44131429539473
2023-12-01 08:17:15,43.9761470503727,75.68417767630046
2023-12-01 08:17:16,42.378386819276216,72.52125490461427
2023-12-01 08:17:17,41.985137498324626,71.41642724053848
2023-12-01 08:17:18,2.8893187103067257,33.16812923319172
2023-12-01 08:17:19,5.948469683745364,29.473759795888498
2023-12-01 08:17:20,3.574544664228561,36.90721343503519
2023-12-01 08:17:21,1.843203956241942,38.95163565233548
2023-12-01 08:17:22,2.0176880967117414,40.12418837211524
2023-12-01 08:17:23,4.357754893867842,32.40254743120497
2023-12-01 08:17:24,4.646070174227296,31.08302412413762
2023-12-01 08:17:25,5.61505409347275,29.154528407564264
2023-12-01 08:17:26,7.156424332930547,33.344490048127135
2023-12-01 08:17:27,4.250489763230301,37.74527896978434
2023-12-01 08:17:28,5.814078327010405,40.48648265230146
2023-12-01 08:17:29,8.165219516204637,43.61657744537507
2023-12-01 08:17:30,2.6071375856991326,39.517164339992334
2023-12-01 08:17:31,5.842709332873397,44.260115305203385
2023-12-01 08:17:32,6.63161103590908,38.12200537778491
2023-12-01 08:17:33,5.556134761179923,36.60656540048268
2023-12-01 08:17:34,7.4489081827767905,35.94160013234385
2023-12-01 08:17:35,3.9876028709415934,38.85686466807042
2023-12-01 08:17:36,5.5310492559304665,34.30404551794346
2023-12-01 08:17:37,3.988743398050169,42.93271171204492
2023-12-01 08:17:38,4.366728049094159,36.97507130833437
2023-12-01 08:17:39,6.474935878794771,37.800422467177114
2023-12-01 08:17:40,-0.41915621384938184,39.046410868491805
2023-12-01 08:17:41,3.845879907519407,48.298133899022005
2023-12-01 08:17:42,3.6853582237089424,32.98155559544488
2023-12-01 08:17:43,2.1256817630829437,33.1592000137402
2023-12-01 08:17:44,,
2023-12-01 08:17:45,,
2023-12-01 08:17:46,,
2023-12-01 08:17:47,,
2023-12-01 08:17:48,,
2023-12-01 08:17:49,,
2023-12-01 08:17:50,,
2023-12-01 08:17:51,,
2023-12-01 08:17:52,,
2023-12-01 08:17:53,,
2023-12-01 08:17:54,,
2023-12-01 08:17:55,4.0253027244598405,30.91355325509167
2023-12-01 08:17:56,3.4675747783047717,39.83896126855536
2023-12-01 08:17:57,4.776785792687514,33.260364129067874
2023-12-01 08:17:58,6.699839014995828,40.24001825570398
2023-12-01 08:17:59,9.514374958948736,36.53713831011217
2023-12-01 08:18:00,6.0044440097151535,28.48246395281017
2023-12-01 08:18:01,7.63470024818719,34.72250571744682
2023-12-01 08:18:02,6.199002021522139,31.817026617082924
2023-12-01 08:18:03,4.142692845425187,33.05226574598273
2023-12-01 08:18:04,3.961013137099456,35.711051857462195
2023-12-01 08:18:05,5.032894846626729,38.96781491847769
2023-12-01 08:18:06,7.663995533764596,48.21571988783245
2023-12-01 08:18:07,4.498840305102586,33.451743388035965
2023-12-01 08:18:08,7.429810661862045,38.081737558355115
2023-12-01 08:18:09,4.197550330412329,40.9828221726952
2023-12-01 08:18:10,3.5862044746762116,39.621147122630475
2023-12-01 08:18:11,6.669659025358351,45.11500580271375
2023-12-01 08:18:12,4.1271756138863624,36.56019369276517
2023-12-01 08:18:13,3.5127145902552224,26.556465203026114
2023-12-01 08:18:14,9.560844788283324,38.1248972881189
2023-12-01 08:18:15,5.413507991816559,33.283266381586834
2023-12-01 08:18:16,5.069656457618854,33.12453458786614
2023-12-01 08:18:17,4.954540928031973,37.68272489882762
2023-12-01 08:18:18,4.869178846391309,38.33526876782551
2023-12-01 08:18:19,5.493573260859386,27.68646558075125
2023-12-01 08:18:20,3.693642361074059,37.7100909781942
2023-12-01 08:18:21,6.944419118315752,29.42709230812692
2023-12-01 08:18:22,3.937088839077423,34.249096171535015
2023-12-01 08:18:23,4.600807162161035,31.40050486720159
2023-12-01 08:18:24,46.168601080722794,61.84442549833243
2023-12-01 08:18:25,42.603142741808036,68.89815384767905
2023-12-01 08:18:26,2.342502446461644,30.874349464067592
2023-12-01 08:18:27,4.015375034610839,35.41914043537639
2023-12-01 08:18:28,6.175770908897988,28.743306146598393
2023-12-01 08:18:29,5.855684980237906,40.33457533400422
2023-12-01 08:18:30,5.946443868419108,36.55759475353372
2023-12-01 08:18:31,6.113037725953461,46.929746231089965
2023-12-01 08:18:32,8.642420925335117,43.049125944188816
2023-12-01 08:18:33,4.084790355705893,33.773935601270665
2023-12-01 08:18:34,45.38626122831777,68.79631969895388
2023-12-01 08:18:35,41.293991568560195,76.43532280547407
2023-12-01 08:18:36,44.4094159973866,64.7607902162266
2023-12-01 08:18:37,55.86058114213661,61.92174105841621
2023-12-01 08:18:38,38.22278827378108,56.645454417910756
2023-12-01 08:18:39,42.32073119558903,63.16888551778166
2023-12-01 08:18:40,43.857726203557114,63.587767585979805
2023-12-01 08:18:41,38.12388028377984,71.04494208429175
2023-12-01 08:18:42,52.84723332531108,71.7907708516098
2023-12-01 08:18:43,42.73449532189536,67.8669401478625
2023-12-01 08:18:44,34.79141937061181,67.17937016937398
2023-12-01 08:18:45,43.84515752002634,61.87287419279839
2023-12-01 08:18:46,40.11093953765278,58.18218685023589
2023-12-01 08:18:47,41.820447675443745,64.76657844659023
2023-12-01 08:18:48,43.66337485814781,66.9482983960904
2023-12-01 08:18:49,56.590594802290994,54.66911648401159
2023-12-01 08:18:50,45.282518675377275,63.34378908834877
2023-12-01 08:18:51,41.00024825224024,62.41480268504019
2023-12-01 08:18:52,38.305456117084944,68.72878421338818
2023-12-01 08:18:53,50.88625479333868,70.37670039796431
2023-12-01 08:18:54,40.666671482981535,65.11705302063018
2023-12-01 08:18:55,3.8231137243078783,39.20553309795933
2023-12-01 08:18:56,1.3710481646443564,27.97056710365232
2023-12-01 08:18:57,6.863193884708859,31.32423182402711
2023-12-01 08:18:58,6.394865751116769,37.49779152818448
2023-12-01 08:18:59,4.905985312743886,30.437892418751396
2023-12-01 08:19:00,0.9137138881203182,28.478158571207725
2023-12-01 08:19:01,7.377521834164597,36.34277167360671
2023-12-01 08:19:02,3.2514538234862798,32.79065030755643
2023-12-01 08:19:03,7.78135532983284,32.24944969470951
2023-12-01 08:19:04,4.673967039853127,36.29951591614109
2023-12-01 08:19:05,3.732537732646466,31.135494100133343
2023-12-01 08:19:06,5.832771881954657,29.932569880566433
2023-12-01 08:19:07,8.058854452626399,40.46446406201362
2023-12-01 08:19:08,7.682658791373712,36.216219140509935
2023-12-01 08:19:09,3.327273443493014,34.2638975829562
2023-12-01 08:19:10,8.03384092699139,32.3438665992902
2023-12-01 08:19:11,3.271177014019452,40.71386242119112
2023-12-01 08:19:12,7.2383756544246065,26.30536388633324
2023-12-01 08:19:13,1.241141847172245,35.84344712374435
2023-12-01 08:19:14,6.25833715637556,29.34414138735142
2023-12-01 08:19:15,8.112093518934243,35.47545617061976
2023-12-01 08:19:16,3.3348637531600334,34.565618714622104
2023-12-01 08:19:17,4.415757532873208,45.47009210324634
2023-12-01 08:19:18,5.837467475385476,39.858236612880745
2023-12-01 08:19:19,5.509041552394251,45.453990548189154
2023-12-01 08:19:20,5.713004075009061,36.00093937963436
2023-12-01 08:19:21,6.110830609608831,31.872818266431317
2023-12-01 08:19:22,6.713224784371084,40.92052568331181
2023-12-01 08:19:23,6.508847483070688,38.47123929890828
2023-12-01 08:19:24,-0.10345946593592537,36.18975144990582
2023-12-01 08:19:25,6.317529970587681,25.99927942771231
2023-12-01 08:19:26,3.0683960453131762,32.880316754549504
2023-12-01 08:19:27,4.670070908173691,36.8292194808627
2023-12-01 08:19:28,4.95067427754337,37.459148152968645
2023-12-01 08:19:29,5.534512860276238,30.576858504894897
2023-12-01 08:19:30,6.410782617446518,37.49588057815298
2023-12-01 08:19:31,5.950093006161634,33.670559751165925
2023-12-01 08:19:32,4.277045740763684,23.65913939964065
2023-12-01 08:19:33,46.1765130185771,72.64246796734263
2023-12-01 08:19:34,47.22577939237517,65.29927114297715
2023-12-01 08:19:35,3.9922450360153503,26.119419212661043
2023-12-01 08:19:36,9.23285873169084,32.479789895212775
2023-12-01 08:19:37,2.246581784693064,36.870057875999024
2023-12-01 08:19:38,5.721070879123978,41.79800694679875
2023-12-01 08:19:39,5.292265101674993,31.624003818273355
2023-12-01 08:19:40,6.361133030294944,46.65436391031355
2023-12-01 08:19:41,6.786641089626021,42.006346584304964
2023-12-01 08:19:42,7.091022611800614,35.856607390471325
2023-12-01 08:19:43,2.9931913222545923,29.173080214431344
2023-12-01 08:19:44,4.767626370371492,35.484264176889745
2023-12-01 08:19:45,2.471304365029208,44.0420208967662
2023-12-01 08:19:46,3.0537546989668303,28.13781309090423
2023-12-01 08:19:47,44.19565894473835,62.87090429472825
2023-12-01 08:19:48,35.8300857665388,63.77774013008638
2023-12-01 08:19:49,52.11556859976224,62.728023138893455
2023-12-01 08:19:50,50.57296276738512,67.24423127029849
2023-12-01 08:19:51,48.33672671826836,64.52458051382541
2023-12-01 08:19:52,51.06259365700013,58.9323055458004
2023-12-01 08:19:53,44.16741389526529,70.35562846851158
2023-12-01 08:19:54,39.316066321117226,68.39328084022229
2023-12-01 08:19:55,47.24533370444553,61.93343362924336
2023-12-01 08:19:56,46.90346221076723,64.14578098257176
2023-12-01 08:19:57,46.89067344269544,63.77793037504962
2023-12-01 08:19:58,34.64163568013636,67.9900720300919
2023-12-01 08:19:59,50.61206943844813,66.25436049310186
2023-12-01 08:20:00,45.576382184451035,59.35171796815752
2023-12-01 08:20:01,48.88695671571955,64.82945074647964
2023-12-01 08:20:02,49.32568661549356,73.394186561426
2023-12-01 08:20:03,53.50662647733087,64.8906934881567
2023-12-01 08:20:04,45.034444334164625,73.51874295438667
2023-12-01 08:20:05,50.582380171589485,58.114275564183885
2023-12-01 08:20:06,45.241988994240344,71.92402402346023
2023-12-01 08:20:07,42.88875658471959,63.44923427169791
2023-12-01 08:20:08,43.17409061691253,69.87777474336347
2023-12-01 08:20:09,42.4284764595708,76.15883065213117
2023-12-01 08:20:10,52.220801901684084,65.1778883659504
2023-12-01 08:20:11,3.4129147034089335,32.54846589780393
2023-12-01 08:20:12,5.9223504774933895,37.6891316493075
2023-12-01 08:20:13,3.7964252787406103,28.842144663485964
2023-12-01 08:20:14,6.855702345458079,42.780258506671856
2023-12-01 08:20:15,2.2652727371597896,36.553953569812364
2023-12-01 08:20:16,4.8070825471965275,32.89492940788207
2023-12-01 08:20:17,2.3954224362878507,34.326221748230154
2023-12-01 08:20:18,6.741861190319294,36.804300940980454
2023-12-01 08:20:19,3.6175977826949772,41.206345252200876
2023-12-01 08:20:20,1.4615071198370573,29.391906837975547
2023-12-01 08:20:21,3.219998069329069,31.48074268447389
2023-12-01 08:20:22,6.551949526158693,33.01135110439013
2023-12-01 08:20:23,7.668635287735581,33.73092218974581
2023-12-01 08:20:24,5.7748928861230535,34.01859713767583
2023-12-01 08:20:25,3.9477086271593618,32.77547631361353
2023-12-01 08:20:26,5.009610734484771,36.84496030120557
2023-12-01 08:20:27,3.468717536295644,39.46944947061107
2023-12-01 08:20:28,7.127922624320907,40.74358357285003
2023-12-01 08:20:29,45.28916666595952,71.97295106690783
2023-12-01 08:20:30,45.11469662039117,74.28251136334264
2023-12-01 08:20:31,55.79404838701461,72.70145190862536
2023-12-01 08:20:32,3.7923826504726788,34.510506546980245
2023-12-01 08:20:33,1.7583552033091356,35.99264999233985
2023-12-01 08:20:34,3.7383417061008792,23.884690585592836
2023-12-01 08:20:35,,
2023-12-01 08:20:36,,
2023-12-01 08:20:37,,
2023-12-01 08:20:38,,
2023-12-01 08:20:39,,
2023-12-01 08:20:40,,
2023-12-01 08:20:41,,
2023-12-01 08:20:42,,
2023-12-01 08:20:43,,
2023-12-01 08:20:44,4.021658781383038,33.17531640928314
2023-12-01 08:20:45,5.321678195456846,32.058473624426945
2023-12-01 08:20:46,7.019078939801652,25.754708502860275
2023-12-01 08:20:47,,
2023-12-01 08:20:48,,
2023-12-01 08:20:49,,
2023-12-01 08:20:50,,
2023-12-01 08:20:51,,
2023-12-01 08:20:52,6.343506184974631,45.2596768190861
2023-12-01 08:20:53,3.75626365854636,35.16591501618109
2023-12-01 08:20:54,7.6458071830372365,28.920795897146405
2023-12-01 08:20:55,3.461219653855369,35.8481518816825
2023-12-01 08:20:56,4.325035476803092,43.804484379863666
2023-12-01 08:20:57,4.477084904472653,30.0199040150222
2023-12-01 08:20:58,6.3699810611482715,34.96278292736466
2023-12-01 08:20:59,5.200513807000018,35.623925648321055
2023-12-01 08:21:00,5.677016586041063,33.315569104419865
2023-12-01 08:21:01,3.252922661253688,38.733224200752545
2023-12-01 08:21:02,5.225826317542446,41.55734271753187
2023-12-01 08:21:03,1.6660762469913095,36.327506022966645
2023-12-01 08:21:04,6.960665021117277,33.679417746417535
2023-12-01 08:21:05,3.108277903278972,42.28618292322571
2023-12-01 08:21:06,4.247312884603116,29.370518307667403
2023-12-01 08:21:07,6.808651078392842,37.1861482397548
2023-12-01 08:21:08,5.623847517254322,36.72503534601126
2023-12-01 08:21:09,1.3160187223402358,45.139275286966324
2023-12-01 08:21:10,6.6928918595420726,45.338708211897654
2023-12-01 08:21:11,5.819367465742858,42.162288700873816
2023-12-01 08:21:12,10.211776485628764,34.082563718833825
2023-12-01 08:21:13,4.796047704878668,36.45223339137185
2023-12-01 08:21:14,4.7187609239475465,39.488029305428014
2023-12-01 08:21:15,5.087393915994248,29.963540289338873
2023-12-01 08:21:16,6.025768344385395,33.372115249785246
2023-12-01 08:21:17,7.159039398476885,33.84889112332195
2023-12-01 08:21:18,4.063579807442971,26.191983309123405
2023-12-01 08:21:19,3.5178557794062733,27.913496958823004
2023-12-01 08:21:20,5.461487061090048,39.308252373304505
2023-12-01 08:21:21,8.925971454079516,36.16179178645727
2023-12-01 08:21:22,5.818341843346648,20.94071767986397
2023-12-01 08:21:23,8.301069463557418,38.57105798419956
2023-12-01 08:21:24,8.953088502117474,41.83438573590643
2023-12-01 08:21:25,7.71444824251936,36.242544736214796
2023-12-01 08:21:26,2.093387723269532,43.15278705927918
2023-12-01 08:21:27,7.01021282471989,29.95560372929351
2023-12-01 08:21:28,3.904399806887749,38.781071164041634
2023-12-01 08:21:29,5.846983229033791,35.65403723213526
2023-12-01 08:21:30,5.2261188330243975,39.42420951708681
2023-12-01 08:21:31,5.614445390394328,42.998688199473584
2023-12-01 08:21:32,5.140373758858662,37.50548243183515
2023-12-01 08:21:33,4.343096096748061,40.74948953382287
2023-12-01 08:21:34,5.946791448102395,28.679799215083534
2023-12-01 08:21:35,3.6302982424202987,34.968653209211425
2023-12-01 08:21:36,7.048464923035654,38.299588634581106
2023-12-01 08:21:37,5.395797334552134,38.34863809931008
2023-12-01 08:21:38,0.7726315722554054,37.587472743503106
2023-12-01 08:21:39,6.446449528910907,40.11575720543835
2023-12-01 08:21:40,10.264958231746327,38.08490300017762
2023-12-01 08:21:41,4.59504511177326,34.73651190022658
2023-12-01 08:21:42,4.944534937707956,33.015367093251434
2023-12-01 08:21:43,7.173777127978765,29.975211821407065
2023-12-01 08:21:44,4.639554475265731,36.829594217608005
2023-12-01 08:21:45,4.9463958858167425,32.77586258032916
2023-12-01 08:21:46,6.73983138528905,40.65062827846367
2023-12-01 08:21:47,6.599700066503649,35.604880135255804
2023-12-01 08:21:48,2.1369210708539135,28.116362143063164
2023-12-01 08:21:49,0.38034559531220413,37.659544256512966
2023-12-01 08:21:50,5.718193147257327,36.99257054417791
2023-12-01 08:21:51,7.746586461903777,36.278790046537864
2023-12-01 08:21:52,6.217718316190217,39.806083206089546
2023-12-01 08:21:53,7.395138334576152,33.102088933965724
2023-12-01 08:21:54,3.8208333323620955,31.09907542483989
2023-12-01 08:21:55,7.731342114653096,39.78874552463641
2023-12-01 08:21:56,6.86139074057261,31.84579402649583
2023-12-01 08:21:57,3.5556274622832857,28.75198885882842
2023-12-01 08:21:58,6.484830039157739,33.45487738241925
2023-12-01 08:21:59,1.191498322038647,33.6181308411514
2023-12-01 08:22:00,5.979916170923075,42.54087368896061
2023-12-01 08:22:01,48.1281757345684,66.05700129058347
2023-12-01 08:22:02,3.0651073278742142,29.06351143352777
2023-12-01 08:22:03,43.60347810696315,70.38011975357882
2023-12-01 08:22:04,5.141057020455605,38.541694254139294
2023-12-01 08:22:05,46.44396066975203,71.59166510272763
2023-12-01 08:22:06,40.40388444876035,66.7409491803091
2023-12-01 08:22:07,46.185445986881554,72.41345731092562
2023-12-01 08:22:08,6.859626509956402,25.119518854235544
2023-12-01 08:22:09,5.470611675315239,38.389295412531546
2023-12-01 08:22:10,4.749700815273574,43.469344257362316
2023-12-01 08:22:11,1.011542260514192,45.09967709733
2023-12-01 08:22:12,3.550748690218251,28.62699588193565
2023-12-01 08:22:13,7.140227953052095,43.71738888886381
2023-12-01 08:22:14,46.34535523661199,71.49598082638562
2023-12-01 08:22:15,6.72844151630392,38.55401551920459
2023-12-01 08:22:16,2.6220058031298303,36.184612916471714
2023-12-01 08:22:17,5.662709335283946,37.769774111981754
2023-12-01 08:22:18,6.064558741438854,33.574872106708405
2023-12-01 08:22:19,4.8333874117387055,37.08865836871703
2023-12-01 08:22:20,5.70180450167496,32.84165126876004
2023-12-01 08:22:21,7.571565667537803,35.7500780449759
2023-12-01 08:22:22,6.157659084462593,35.82781190775193
2023-12-01 08:22:23,3.604801874541051,35.43286108805047
2023-12-01 08:22:24,3.339557072417425,26.843992619634392
2023-12-01 08:22:25,5.756167784754974,35.05404475843436
2023-12-01 08:22:26,2.1461290439615235,27.05983078152442
2023-12-01 08:22:27,8.369758675008057,32.89073585893137
2023-12-01 08:22:28,6.128963784138719,30.57592710839817
2023-12-01 08:22:29,3.456275457874604,36.38216986001796
2023-12-01 08:22:30,6.285397111036069,34.014385650273894
2023-12-01 08:22:31,7.105275008071521,30.811767129175458
2023-12-01 08:22:32,5.000517340196468,29.626131757911928
2023-12-01 08:22:33,7.340946745124761,37.878476481343924
2023-12-01 08:22:34,2.9894361640253595,39.13539004864028
2023-12-01 08:22:35,3.045649241796399,30.067661989276854
2023-12-01 08:22:36,8.190474028363596,41.62594635503769
2023-12-01 08:22:37,3.9330736141654037,36.33878071031879
2023-12-01 08:22:38,6.294696177712178,31.793612948966228
2023-12-01 08:22:39,2.6037175026697312,33.73957417324914
2023-12-01 08:22:40,4.405239721846511,34.12181533001897
2023-12-01 08:22:41,6.903073582983056,37.21077504451744
2023-12-01 08:22:42,3.7699521030098184,31.373682816912613
2023-12-01 08:22:43,4.637769548363573,39.308204497282865
2023-12-01 08:22:44,4.6307497667839215,41.505335022660056
2023-12-01 08:22:45,2.6812555214710674,42.796745604673575
2023-12-01 08:22:46,8.318900259675267,39.64537418203174
2023-12-01 08:22:47,6.92905623368287,31.962658166647838
2023-12-01 08:22:48,7.021327769854258,30.130990505556156
2023-12-01 08:22:49,5.345894848357883,30.685589227223698
2023-12-01 08:22:50,3.9798540800109126,33.50996433803652
2023-12-01 08:22:51,4.628929959969176,32.486980284952246
2023-12-01 08:22:52,5.76921485109684,31.412216122307804
2023-12-01 08:22:53,1.416750457575028,23.95725624042928
2023-12-01 08:22:54,5.4831449668648595,32.7265655173039
2023-12-01 08:22:55,6.173655497804738,33.0798389424957
2023-12-01 08:22:56,5.868883024124863,41.000247440555455
2023-12-01 08:22:57,5.162003167926737,36.21318712049012
2023-12-01 08:22:58,3.4137048440189144,33.28101156205746
2023-12-01 08:22:59,4.59080342196822,38.119861864968435
2023-12-01 08:23:00,8.107634129823577,38.826722707992246
2023-12-01 08:23:01,4.896629291484912,29.445499634553265
2023-12-01 08:23:02,5.942276712385301,33.98287449186594
2023-12-01 08:23:03,0.9326069078249128,35.35527333991768
2023-12-01 08:23:04,2.2307322521998842,31.05009352866546
2023-12-01 08:23:05,5.467925307122021,33.022964400992905
2023-12-01 08:23:06,7.0619275936092,25.024544752704745
2023-12-01 08:23:07,4.646135937474802,45.71442081130066
2023-12-01 08:23:08,3.4179160697533026,31.12494070600753
2023-12-01 08:23:09,4.825912370289246,38.081365388533094
2023-12-01 08:23:10,4.141664182060853,40.50504370663899
2023-12-01 08:23:11,43.81858223988206,66.06167746688848
2023-12-01 08:23:12,46.13929820775771,69.62799434397908
2023-12-01 08:23:13,40.76478308485637,73.86986569388576
2023-12-01 08:23:14,2.29450609289488,30.37149362058685
2023-12-01 08:23:15,1.4299205572709934,34.48735380746702
2023-12-01 08:23:16,4.366743131735026,29.400619666000242
2023-12-01 08:23:17,7.084334234531437,36.68810004003885
2023-12-01 08:23:18,7.682284207463385,42.251766793297165
2023-12-01 08:23:19,4.5264875156624065,36.28465853077363
2023-12-01 08:23:20,46.894554698836615,71.3747324518792
2023-12-01 08:23:21,41.41290269059783,71.37033972381128
2023-12-01 08:23:22,45.98808902405879,66.14396365357818
2023-12-01 08:23:23,5.344274877681365,35.75796974798555
2023-12-01 08:23:24,4.514862635550216,38.5691434968651
2023-12-01 08:23:25,5.369684911469022,39.988527009966475
2023-12-01 08:23:26,7.609903242934028,37.20105838637398
2023-12-01 08:23:27,6.99828857107622,40.27845170800797
2023-12-01 08:23:28,2.4306118391223213,41.827117862002325
2023-12-01 08:23:29,5.3626848465479,24.258085402250245
2023-12-01 08:23:30,-0.5144564499021627,33.12626906290797
2023-12-01 08:23:31,7.13062879983326,35.54992782077703
2023-12-01 08:23:32,5.245889471504957,41.34045117213543
2023-12-01 08:23:33,8.43757713702568,32.411090397094014
2023-12-01 08:23:34,2.632752802410319,27.845216820803405
2023-12-01 08:23:35,4.593217601950659,39.05438083974634
2023-12-01 08:23:36,7.336197647736656,44.11570113357457
2023-12-01 08:23:37,3.9425279099441646,20.702327640151793
2023-12-01 08:23:38,5.789672957959055,34.53941592206832
2023-12-01 08:23:39,5.898820943013152,32.58307551898461
2023-12-01 08:23:40,4.823973850484914,30.819676419630476
2023-12-01 08:23:41,5.686159027243961,28.449041314850696
2023-12-01 08:23:42,3.3375360190513366,36.494492778915536
2023-12-01 08:23:43,5.643569450112974,38.94185968999677
2023-12-01 08:23:44,9.034326421749872,37.51326502615096
2023-12-01 08:23:45,6.46889509816959,33.443525241912425
2023-12-01 08:23:46,6.88945947451495,28.9207323119391
2023-12-01 08:23:47,5.960932002475195,37.22922183528538
2023-12-01 08:23:48,2.063707455845728,31.902443729286915
2023-12-01 08:23:49,7.080192104296927,30.545097108610033
2023-12-01 08:23:50,-0.8391118713879528,36.64982257510913
2023-12-01 08:23:51,2.752099423955921,31.311177150896675
2023-12-01 08:23:52,5.602224914877022,44.5765690384419
2023-12-01 08:23:53,6.015884968053469,46.14099185564936
2023-12-01 08:23:54,2.975590127609513,40.05959828007587
2023-12-01 08:23:55,6.169204981150033,34.558569501434086
2023-12-01 08:23:56,4.644379602804227,26.982200144094797
2023-12-01 08:23:57,4.73393130777709,29.59590738294743
2023-12-01 08:23:58,7.0475825814261714,40.80343275337723
2023-12-01 08:23:59,3.8456829102500323,34.73890081831285
2023-12-01 08:24:00,3.7773454092598024,25.48892034292617
2023-12-01 08:24:01,0.22613594166945372,40.16221297043908
2023-12-01 08:24:02,8.092923917010767,34.99004150392919
2023-12-01 08:24:03,6.779855870920865,23.843439345981068
2023-12-01 08:24:04,4.594047472643967,42.21612408966421
2023-12-01 08:24:05,6.661674097819052,32.88056974379971
2023-12-01 08:24:06,6.273918807926327,26.87452032825969
2023-12-01 08:24:07,4.117962928797893,36.37566309339336
2023-12-01 08:24:08,1.8933916322920838,34.489756081771844
2023-12-01 08:24:09,2.6149487207796205,31.76025113218864
2023-12-01 08:24:10,2.02598934664999,39.02727321332216
2023-12-01 08:24:11,5.9499307849178384,30.016522747649603
2023-12-01 08:24:12,2.6539032443590505,39.70712210254824
2023-12-01 08:24:13,4.974565577159476,26.49112140477915
2023-12-01 08:24:14,6.557389797129545,36.91831968698175
2023-12-01 08:24:15,7.076680027039515,42.600119404249874
2023-12-01 08:24:16,4.548466466403673,38.02424470035936
2023-12-01 08:24:17,5.8242402618678595,32.48618942675344
2023-12-01 08:24:18,3.2898505271847087,34.25350389092309
2023-12-01 08:24:19,6.5447446800356435,35.8725128949651
2023-12-01 08:24:20,8.413247001396629,37.49863989666496
2023-12-01 08:24:21,4.068429680910036,42.8678469707691
2023-12-01 08:24:22,56.93971941943293,71.24812995593318
2023-12-01 08:24:23,47.08127562782413,82.55683511848393
2023-12-01 08:24:24,7.002168297254708,23.143645857788435
2023-12-01 08:24:25,2.367537642493885,33.49431769810024
2023-12-01 08:24:26,-0.12364676844332223,39.26236816571143
2023-12-01 08:24:27,0.47529044768674567,32.153190607067174
2023-12-01 08:24:28,3.6638991957978524,31.432259136378256
2023-12-01 08:24:29,4.541538948275645,36.275360868122924
2023-12-01 08:24:30,5.60824944022667,30.394865890671838
2023-12-01 08:24:31,5.315382249138912,28.766068275546807
2023-12-01 08:24:32,7.888857197403141,39.59153458564559
2023-12-01 08:24:33,5.053018289748298,34.80205538738906
2023-12-01 08:24:34,7.57671478658531,29.072200572249514
2023-12-01 08:24:35,8.535850159479343,31.558321343599765
2023-12-01 08:24:36,7.4613011765674155,32.54569720795089
2023-12-01 08:24:37,7.373795978447179,38.14936115592396
2023-12-01 08:24:38,4.796072538905014,37.283381015427864
2023-12-01 08:24:39,6.874364375579696,40.286094994231235
2023-12-01 08:24:40,4.349428118185618,29.137144745482487
2023-12-01 08:24:41,3.238339411674353,30.575194937173087
2023-12-01 08:24:42,2.5282081159348673,37.57537576755777
2023-12-01 08:24:43,3.8220647328450594,40.662179025042605
2023-12-01 08:24:44,2.6145166549856236,39.181453132964386
2023-12-01 08:24:45,5.609262176829519,36.04646029272778
2023-12-01 08:24:46,1.3199086045157156,34.25453721354458
2023-12-01 08:24:47,5.446546439792657,35.88949568399503
2023-12-01 08:24:48,7.696877715959365,34.28830353131751
2023-12-01 08:24:49,4.209828657206165,34.52345776664786
2023-12-01 08:24:50,6.6431522214903325,27.802527774449032
2023-12-01 08:24:51,1.8383792967150256,23.68862993364114
2023-12-01 08:24:52,6.547293731197833,35.579097131242264
2023-12-01 08:24:53,4.895421979827797,41.187434149630405
2023-12-01 08:24:54,6.2484433434264925,26.123437835206293
2023-12-01 08:24:55,4.83712497712178,34.62631250520923
2023-12-01 08:24:56,7.357238077105743,26.95826322447605
2023-12-01 08:24:57,6.403050733403548,41.57137727727029
2023-12-01 08:24:58,5.613145776879225,38.212331056451724
2023-12-01 08:24:59,3.111087259014952,32.88644896401508
2023-12-01 08:25:00,3.4009269580149777,44.165856929871914
2023-12-01 08:25:01,40.555317706421896,69.66664504018236
2023-12-01 08:25:02,44.18024541074677,66.63948353233232
2023-12-01 08:25:03,8.39760239490677,38.45044618804447
2023-12-01 08:25:04,6.126690695260509,26.401354843373248
2023-12-01 08:25:05,4.060753444219414,39.22613209745331
2023-12-01 08:25:06,7.734544567920668,32.312895515316285
2023-12-01 08:25:07,7.622769223468151,31.742632610079703
2023-12-01 08:25:08,2.295278805239715,34.51757537343389
2023-12-01 08:25:09,3.851188711242661,37.81357200264589
2023-12-01 08:25:10,6.1842220987343435,34.21879381656204
2023-12-01 08:25:11,4.379874794700427,29.89100980933495
2023-12-01 08:25:12,6.144673241326917,36.96371704790171
2023-12-01 08:25:13,6.5803235739817945,29.374198595812427
2023-12-01 08:25:14,5.394280685446906,26.482959485676673
2023-12-01 08:25:15,4.1754588258224725,36.97999139280289
2023-12-01 08:25:16,6.9378386802908505,28.191287454611686
2023-12-01 08:25:17,4.6819922710616195,28.945401878739847
2023-12-01 08:25:18,3.083397484304552,36.437436143639296
2023-12-01 08:25:19,5.774030083510545,32.08045512689442
2023-12-01 08:25:20,4.115096198877106,36.721856413338806
2023-12-01 08:25:21,5.546304427794191,39.60449136310633
2023-12-01 08:25:22,7.746952788155525,38.25066158089289
2023-12-01 08:25:23,2.6106078518406908,34.11813901084
2023-12-01 08:25:24,5.271328079224106,45.307451878887576
2023-12-01 08:25:25,5.902538594336876,29.424395916676346
2023-12-01 08:25:26,7.587349097509749,42.19080308811031
2023-12-01 08:25:27,5.117307747476475,29.272158999061695
2023-12-01 08:25:28,3.969321329894692,39.65854471291183
2023-12-01 08:25:29,2.3146304382225695,36.15203239101587
2023-12-01 08:25:30,5.50595018268266,30.6973938654398
2023-12-01 08:25:31,7.573316619192014,35.80440737979181
2023-12-01 08:25:32,7.323711869181484,36.63013255445231
2023-12-01 08:25:33,0.3844873356454519,38.15137965817703
2023-12-01 08:25:34,3.7325315983482987,33.99598610004593
2023-12-01 08:25:35,8.651419755834127,37.71628264781035
2023-12-01 08:25:36,3.69190293706368,34.159356059912106
2023-12-01 08:25:37,5.182721294527471,27.427419853830948
2023-12-01 08:25:38,5.808934858205291,32.76981745570922
2023-12-01 08:25:39,2.109358519795445,34.35589073568914
2023-12-01 08:25:40,1.8361952317991816,36.57376061486968
2023-12-01 08:25:41,2.5157803098666833,43.39564594003382
2023-12-01 08:25:42,3.5493231342607885,42.538842530032774
2023-12-01 08:25:43,3.569095830649664,29.067531027859197
2023-12-01 08:25:44,4.36517522144482,27.992787210477942
2023-12-01 08:25:45,9.07305752423536,36.76394240691286
2023-12-01 08:25:46,7.098500726732638,36.667497368574416
2023-12-01 08:25:47,2.17591537658777,35.340530855494215
2023-12-01 08:25:48,3.2560414648885523,40.038433699608674
2023-12-01 08:25:49,1.8331842697820333,29.58535743749784
2023-12-01 08:25:50,7.616730596547702,37.29602802471539
2023-12-01 08:25:51,5.723667529139868,25.148313943337314
2023-12-01 08:25:52,9.245122539146546,31.280792082564155
2023-12-01 08:25:53,58.81712634682815,59.18678630733273
2023-12-01 08:25:54,37.03699014531289,65.8619713258171
2023-12-01 08:25:55,56.238848574497624,69.22260824380862
2023-12-01 08:25:56,42.644883399299566,66.87506071636125
2023-12-01 08:25:57,48.86793761313687,64.6440196412324
2023-12-01 08:25:58,37.42416802087227,65.05049637597949
2023-12-01 08:25:59,37.69512257933673,73.20797390191592
2023-12-01 08:26:00,42.119760843920794,70.1027304220876
2023-12-01 08:26:01,38.85034969180747,66.88918632015836
2023-12-01 08:26:02,45.30593619657675,63.81147101677611
2023-12-01 08:26:03,49.3723326141543,60.96221582453036
2023-12-01 08:26:04,42.067719307027424,63.46307452172983
2023-12-01 08:26:05,49.68361793443128,66.05818916785017
2023-12-01 08:26:06,41.16116313797566,62.61126710151837
2023-12-01 08:26:07,49.922794577165796,64.5874259628186
2023-12-01 08:26:08,45.07605794277669,59.785141366579744
2023-12-01 08:26:09,39.72242359936406,55.2490500113829
2023-12-01 08:26:10,39.67739641634563,70.82147909777618
2023-12-01 08:26:11,61.05059116341994,70.96621067384176
2023-12-01 08:26:12,41.88386018012281,54.46478792057647
2023-12-01 08:26:13,44.744566321533284,61.2817080570973
2023-12-01 08:26:14,52.876974988560875,55.96468958505447
2023-12-01 08:26:15,46.12359225909699,63.94249277379945
2023-12-01 08:26:16,48.8378029902176,65.1184138197722
2023-12-01 08:26:17,41.27518351587014,63.56851024467693
2023-12-01 08:26:18,39.17461981162228,63.04793399711146
2023-12-01 08:26:19,48.11605437876721,59.86252252224946
2023-12-01 08:26:20,48.463762489007124,66.41512315119823
2023-12-01 08:26:21,46.17788669231145,67.7707514744291
2023-12-01 08:26:22,42.78952693394994,67.92885986524503
2023-12-01 08:26:23,48.84673386414198,76.00881447241203
2023-12-01 08:26:24,51.87495998476424,64.77239717022513
2023-12-01 08:26:25,56.23828633620032,76.3920591973132
2023-12-01 08:26:26,2.0275883820825964,30.99043853358868
2023-12-01 08:26:27,7.203924050861718,34.190761279082125
2023-12-01 08:26:28,8.158125576691637,34.26436227521011
2023-12-01 08:26:29,4.471606490961454,34.28220258166154
2023-12-01 08:26:30,6.608003407215586,47.22504843171738
2023-12-01 08:26:31,5.725732887381437,24.622988289041707
2023-12-01 08:26:32,6.098551496783809,28.47033411933398
2023-12-01 08:26:33,5.75113742996336,35.37500288291019
2023-12-01 08:26:34,5.009516806621785,35.968656337332874
2023-12-01 08:26:35,4.561162240547271,37.84455437190651
2023-12-01 08:26:36,6.876777769576873,32.62766790577631
2023-12-01 08:26:37,4.734823862952629,34.253731285769724
2023-12-01 08:26:38,4.47936565733009,26.226043006951336
2023-12-01 08:26:39,1.7324300935029178,29.969112924465403
2023-12-01 08:26:40,5.5373541659802665,25.060626051840835
2023-12-01 08:26:41,2.2822859197912764,32.67153598442967
2023-12-01 08:26:42,2.295143811427167,33.8439305638766
2023-12-01 08:26:43,6.378413132733792,40.04955941703454
2023-12-01 08:26:44,6.032398321370547,34.73095645892098
2023-12-01 08:26:45,3.68861866368342,34.05933792479571
2023-12-01 08:26:46,4.980706940761514,40.130292890464474
2023-12-01 08:26:47,3.8376663061999494,33.107043487392964
2023-12-01 08:26:48,0.18824393073098467,31.439480944839985
2023-12-01 08:26:49,4.413348810249693,43.65620534806255
2023-12-01 08:26:50,4.73981299356216,42.22939370071337
2023-12-01 08:26:51,2.544161302194156,34.44066972237489
2023-12-01 08:26:52,2.414528387277323,33.30108970280409
2023-12-01 08:26:53,4.418174347429036,26.53415810244428
2023-12-01 08:26:54,3.9655574810594656,28.06972431911937
2023-12-01 08:26:55,4.639777858091122,30.199955473497482
2023-12-01 08:26:56,9.976417587942748,39.455513718664406
2023-12-01 08:26:57,6.39178666670863,43.80217370635291
2023-12-01 08:26:58,4.440027980583996,39.95836082117039
2023-12-01 08:26:59,4.658215962558977,41.338023054693494
2023-12-01 08:27:00,2.985252221749922,38.297615151478105
2023-12-01 08:27:01,40.02559295404211,66.70134551334336
2023-12-01 08:27:02,,
2023-12-01 08:27:03,,
2023-12-01 08:27:04,,
2023-12-01 08:27:05,,
2023-12-01 08:27:06,,
2023-12-01 08:27:07,,
2023-12-01 08:27:08,49.23130556073687,71.46432668799224
2023-12-01 08:27:09,51.69993479936937,62.95778359028592
2023-12-01 08:27:10,49.36334803454062,61.29118429707344
2023-12-01 08:27:11,36.859841990592045,62.1370003792213
2023-12-01 08:27:12,37.81505262654141,58.24162383674039
2023-12-01 08:27:13,47.10721888416999,69.17769406547698
2023-12-01 08:27:14,44.266137776248364,69.60854427279727
2023-12-01 08:27:15,58.50110998939902,75.78835923942962
2023-12-01 08:27:16,44.44318945215376,69.1112572752618
2023-12-01 08:27:17,45.9756365172776,64.69874865180114
2023-12-01 08:27:18,46.68745970512583,69.03105639888672
2023-12-01 08:27:19,4.060503197640008,35.634335793158236
2023-12-01 08:27:20,3.177369432599714,39.729121033969875
2023-12-01 08:27:21,,
2023-12-01 08:27:22,,
2023-12-01 08:27:23,,
2023-12-01 08:27:24,,
2023-12-01 08:27:25,,
2023-12-01 08:27:26,,
2023-12-01 08:27:27,,
2023-12-01 08:27:28,,
2023-12-01 08:27:29,2.030438575839903,48.23786087306793
2023-12-01 08:27:30,4.199504573983294,33.75521993255499
2023-12-01 08:27:31,7.3876871890926665,30.2215904281921
2023-12-01 08:27:32,4.968777448368424,25.730339059762343
2023-12-01 08:27:33,4.845619295240337,30.84617230285152
2023-12-01 08:27:34,8.450767760435639,36.30824374247783
2023-12-01 08:27:35,7.533702118200052,33.46450701824855
2023-12-01 08:27:36,6.531458222481318,34.04025225782168
2023-12-01 08:27:37,7.289353665352138,33.12560673104805
2023-12-01 08:27:38,6.744454667040444,34.30128348517419
2023-12-01 08:27:39,3.969701905099172,36.70498360614463
2023-12-01 08:27:40,5.281401944531362,38.968060858653324
2023-12-01 08:27:41,6.03632472629121,34.579877649509186
2023-12-01 08:27:42,6.598576883020549,38.835029468792385
2023-12-01 08:27:43,4.873559938521119,40.89854031328464
2023-12-01 08:27:44,1.9035075103985757,26.376576985008704
2023-12-01 08:27:45,4.960559627672177,46.25828498233237
2023-12-01 08:27:46,3.976359948199696,31.577791288503775
2023-12-01 08:27:47,2.535550886164968,37.55575712595839
2023-12-01 08:27:48,2.7002818172925656,33.65999859267204
2023-12-01 08:27:49,0.6202516023982962,34.4668147359377
2023-12-01 08:27:50,4.4513150851126815,39.0402948698088
2023-12-01 08:27:51,4.088658122557291,32.820894123935155
2023-12-01 08:27:52,3.977978869622627,33.547149264706185
2023-12-01 08:27:53,6.157181738212774,28.72965702607232
2023-12-01 08:27:54,1.0702184927424332,43.65733319813762
2023-12-01 08:27:55,4.991772709798734,32.54561208177652
2023-12-01 08:27:56,41.55576801685287,65.97958373757061
2023-12-01 08:27:57,3.921366903666992,40.20766475252032
2023-12-01 08:27:58,6.819232688793672,40.612717968183986
2023-12-01 08:27:59,4.958277647983113,39.06070388788041
2023-12-01 08:28:00,3.5437967041581846,33.63073025694631
2023-12-01 08:28:01,8.790578603148372,46.302734333972424
2023-12-01 08:28:02,7.982483387264141,46.811729083596276
2023-12-01 08:28:03,0.8071917759936591,37.75740312447886
2023-12-01 08:28:04,4.24243719761285,35.45167393123827
2023-12-01 08:28:05,6.781435420323913,34.57200178662299
2023-12-01 08:28:06,3.8762318068329575,34.495145482245135
2023-12-01 08:28:07,5.355427933835052,35.05710477457415
2023-12-01 08:28:08,5.166670747729806,29.642404730893556
2023-12-01 08:28:09,7.247733201715398,20.530080331294545
2023-12-01 08:28:10,3.1702103682402365,44.03609568240777
2023-12-01 08:28:11,3.0878096546550085,29.30109301946814
2023-12-01 08:28:12,6.428868794727,40.98081740228147
2023-12-01 08:28:13,4.619685054923451,41.49403733494712
2023-12-01 08:28:14,5.098540573632981,25.91266551224784
2023-12-01 08:28:15,7.688721992961686,31.70056070953509
2023-12-01 08:28:16,6.02486973312698,40.50903881360636
2023-12-01 08:28:17,9.232791481862535,29.215719529067037
2023-12-01 08:28:18,7.273179264447483,39.37133038450245
2023-12-01 08:28:19,6.528882130732896,34.797200832431784
2023-12-01 08:28:20,2.1521011016071125,29.97984528938678
2023-12-01 08:28:21,6.225482416711577,36.39118153648079
2023-12-01 08:28:22,1.7384563756110367,38.88606265214702
2023-12-01 08:28:23,4.198827116973087,39.088444998089045
2023-12-01 08:28:24,4.571431637244465,33.99769022243507
2023-12-01 08:28:25,4.710860478065835,36.449933657678166
2023-12-01 08:28:26,8.022771623851657,31.372496748605016
2023-12-01 08:28:27,8.025006852594629,34.5099988586364
2023-12-01 08:28:28,2.4255181540040236,26.08656044947854
2023-12-01 08:28:29,2.4695079941402343,33.99031900533171
2023-12-01 08:28:30,6.112383072764132,32.483030260919044
2023-12-01 08:28:31,3.0980266372150167,30.913940728697288
2023-12-01 08:28:32,2.7010697321226127,33.15995566862522
2023-12-01 08:28:33,4.8712286931902815,43.64785532986138
2023-12-01 08:28:34,5.568874494043533,36.062097248556626
2023-12-01 08:28:35,4.964281689028932,35.85220219977781
2023-12-01 08:28:36,7.715576190588122,40.02055342990015
2023-12-01 08:28:37,5.617379150738513,29.540928429205042
2023-12-01 08:28:38,2.3856062235049498,26.57239004471323
2023-12-01 08:28:39,8.310670804085943,48.65969053732465
2023-12-01 08:28:40,3.5767023195602103,36.18255812494926
2023-12-01 08:28:41,0.9599690656186972,27.25256309458116
2023-12-01 08:28:42,5.810518652470622,30.42978607275808
2023-12-01 08:28:43,6.861855729985992,25.475053674018007
2023-12-01 08:28:44,2.253408664485641,40.02006228012459
2023-12-01 08:28:45,6.814215736163632,36.592419932663994
2023-12-01 08:28:46,6.237384785888104,33.30374864380543
2023-12-01 08:28:47,0.5175159441680215,36.47141312466548
2023-12-01 08:28:48,4.683970378821376,26.487237214358387
2023-12-01 08:28:49,5.392699961802114,34.243514184101095
2023-12-01 08:28:50,5.234516876439908,32.98008299468282
2023-12-01 08:28:51,7.454844647435146,36.13571972755282
2023-12-01 08:28:52,6.1181150748590305,26.175775928008704
2023-12-01 08:28:53,41.367839477748134,69.97677648182751
2023-12-01 08:28:54,5.154218719718024,30.37412850098276
2023-12-01 08:28:55,8.392678235232804,39.29759165792675
2023-12-01 08:28:56,2.655096982754535,32.65788735478924
2023-12-01 08:28:57,5.4495604234117065,43.804700688062745
2023-12-01 08:28:58,6.845055848119516,38.33176789016662
2023-12-01 08:28:59,,
2023-12-01 08:29:00,,
2023-12-01 08:29:01,,
2023-12-01 08:29:02,,
2023-12-01 08:29:03,,
2023-12-01 08:29:04,,
2023-12-01 08:29:05,,
2023-12-01 08:29:06,,
2023-12-01 08:29:07,,
2023-12-01 08:29:08,,
2023-12-01 08:29:09,,
2023-12-01 08:29:10,0.9830400097160004,35.648454777793134
2023-12-01 08:29:11,2.9261197816783016,35.380653154838356
2023-12-01 08:29:12,6.515516168753477,30.838019246543503
2023-12-01 08:29:13,0.16191166054007677,36.24764760954502
2023-12-01 08:29:14,6.160920049282675,34.79303716594145
2023-12-01 08:29:15,3.7342966030813196,39.29487457578936
2023-12-01 08:29:16,3.921217321963163,33.569420478882904
2023-12-01 08:29:17,5.130868041307973,35.82963759384413
2023-12-01 08:29:18,5.1503116779400075,34.789898968730284
2023-12-01 08:29:19,4.902645311387022,38.79040239037003
2023-12-01 08:29:20,6.54319556212408,35.36559587743052
2023-12-01 08:29:21,5.06400143145519,35.707372617943925
2023-12-01 08:29:22,5.71272191977755,34.79847362253701
2023-12-01 08:29:23,3.6959427799284894,39.134433662193125
2023-12-01 08:29:24,2.2364062869706838,40.76251245941711
2023-12-01 08:29:25,5.659623764412167,42.55939589114688
2023-12-01 08:29:26,6.492999422416005,32.70016812486458
2023-12-01 08:29:27,8.301727878995823,40.71648329905614
2023-12-01 08:29:28,0.3280486311573467,33.41491203808986
2023-12-01 08:29:29,5.399772951703568,30.21300600906832
2023-12-01 08:29:30,5.689975234795083,33.72762334226005
2023-12-01 08:29:31,7.758530297144221,35.83503413845004
2023-12-01 08:29:32,8.912609420363104,34.81297411281308
2023-12-01 08:29:33,8.018430960046548,37.80131441085577
2023-12-01 08:29:34,2.8073069086820412,39.42135830020498
2023-12-01 08:29:35,8.3432902509437,26.970344698200957
2023-12-01 08:29:36,3.3881516706021815,30.817065914840637
2023-12-01 08:29:37,3.948101772300113,43.2254163028248
2023-12-01 08:29:38,2.1703085899884393,41.60332887502791
2023-12-01 08:29:39,6.547678583973461,36.94990360883405
2023-12-01 08:29:40,2.0102868654906842,38.43878080383276
2023-12-01 08:29:41,3.056658983118339,31.62644534170589
2023-12-01 08:29:42,5.178551268532112,32.0302395816284
2023-12-01 08:29:43,7.046780408337589,36.87135139447059
2023-12-01 08:29:44,4.780714000240247,40.39942636275504
2023-12-01 08:29:45,6.912280382629573,18.698801459354648
2023-12-01 08:29:46,4.306255505582705,36.30821189572575
2023-12-01 08:29:47,5.007189038822515,41.58941308332088
2023-12-01 08:29:48,5.116152691414733,33.349244756259985
2023-12-01 08:29:49,5.8006462221148,33.92209934243657
2023-12-01 08:29:50,6.125267844886544,43.93612893846742
2023-12-01 08:29:51,9.013602220307748,37.01095103353465
2023-12-01 08:29:52,6.366487245639776,33.95367223308153
2023-12-01 08:29:53,2.0545582497581494,24.043527395958748
2023-12-01 08:29:54,0.9796014047144652,41.250523643000065
2023-12-01 08:29:55,2.8997154890526113,37.24835258565963
2023-12-01 08:29:56,3.8161460052887266,36.54341016334025
2023-12-01 08:29:57,8.389035512681094,38.565222663108656
2023-12-01 08:29:58,6.7213593414190225,31.609601481437046
2023-12-01 08:29:59,0.6003226754491626,28.02706833865642
2023-12-01 08:30:00,3.839382245269637,32.90555613921287
2023-12-01 08:30:01,5.687814214542455,30.973548458845812
2023-12-01 08:30:02,6.386850813733577,35.533628097251295
2023-12-01 08:30:03,2.302484137182282,34.547888492341194
2023-12-01 08:30:04,2.7029552003053214,34.01341898354745
2023-12-01 08:30:05,4.477242129796885,30.960136887773114
2023-12-01 08:30:06,0.03387175207364468,46.022086707420016
2023-12-01 08:30:07,5.747510584712044,35.07003732244889
2023-12-01 08:30:08,7.799448176956728,40.92946677093133
2023-12-01 08:30:09,2.2099702170367315,32.44506578958601
2023-12-01 08:30:10,1.8668301392572544,34.911470807131636
2023-12-01 08:30:11,2.4361595171227464,29.811973362190848
2023-12-01 08:30:12,5.4875392696186935,31.89829894667987
2023-12-01 08:30:13,1.442018534868124,34.58369300704299
2023-12-01 08:30:14,6.729626547963996,32.11354406018881
2023-12-01 08:30:15,4.068607609597825,29.62639084350989
2023-12-01 08:30:16,3.2360126325679346,36.93193226571887
2023-12-01 08:30:17,3.6363645055982623,41.534421115156825
2023-12-01 08:30:18,6.205935509997253,38.568399096768275
2023-12-01 08:30:19,38.58802179725063,71.45569492101178
2023-12-01 08:30:20,47.265129359376814,77.31079941849895
2023-12-01 08:30:21,4.424131148601815,23.242637489954546
2023-12-01 08:30:22,1.2039759090851234,37.79097704978305
2023-12-01 08:30:23,3.683819180395317,29.079781619092355
2023-12-01 08:30:24,2.1181159932815286,39.630274295201524
2023-12-01 08:30:25,1.6093939894058003,37.07694918004785
2023-12-01 08:30:26,11.026108897273323,38.81839568738206
2023-12-01 08:30:27,0.8419732818400361,40.439896237131514
2023-12-01 08:30:28,6.283598007298585,38.62383520603
2023-12-01 08:30:29,4.6292049772568795,31.127731293255252
2023-12-01 08:30:30,47.01338305959713,67.19975909530774
2023-12-01 08:30:31,42.28747497313738,69.02696538704902
2023-12-01 08:30:32,1.3258579442741896,38.55720691385671
2023-12-01 08:30:33,6.4565786214807055,31.665026290255913
2023-12-01 08:30:34,4.632752308336011,30.432310093623634
2023-12-01 08:30:35,1.1556419222059207,33.49132486360446
2023-12-01 08:30:36,9.362395286709873,43.12662274945778
2023-12-01 08:30:37,0.7465923254420996,33.300161016554114
2023-12-01 08:30:38,2.588536046762602,38.423002702639884
2023-12-01 08:30:39,5.418957016038068,35.43872770803074
2023-12-01 08:30:40,4.613634044444124,35.19794626129697
2023-12-01 08:30:41,2.7219473045410374,35.808184598536556
2023-12-01 08:30:42,5.394931955730065,37.34027834787643
2023-12-01 08:30:43,4.446410209892383,38.65503494532405
2023-12-01 08:30:44,3.3577340940838716,33.22486703638505
2023-12-01 08:30:45,4.183851150861616,29.96992984506901
2023-12-01 08:30:46,3.3894402890740736,32.47514594172797
2023-12-01 08:30:47,3.9345209657543476,31.8023325963399
2023-12-01 08:30:48,6.809428857692934,32.66410396798139
2023-12-01 08:30:49,4.9703406719270555,40.32228522949237
2023-12-01 08:30:50,3.009620207228653,37.12221440509945
2023-12-01 08:30:51,4.214518120772949,37.903678671390914
2023-12-01 08:30:52,4.34270548744115,31.268161361935128
2023-12-01 08:30:53,3.9581381445602175,37.291156021273004
2023-12-01 08:30:54,5.042095905686208,38.73298304730459
2023-12-01 08:30:55,4.429075931147689,35.04741209386822
2023-12-01 08:30:56,3.05959302211168,31.346485327661476
2023-12-01 08:30:57,1.3951914749486143,34.54667370166515
2023-12-01 08:30:58,7.699852402628718,42.03158366663874
2023-12-01 08:30:59,10.04894167471792,34.968452991934384
2023-12-01 08:31:00,5.9728886715297715,33.74797146738756
2023-12-01 08:31:01,3.2425841096634658,38.55081101304807
2023-12-01 08:31:02,2.150140079269885,41.12593784907153
2023-12-01 08:31:03,4.6691897182652875,45.9789435325888
2023-12-01 08:31:04,7.368332933326281,43.05670463700784
2023-12-01 08:31:05,0.8404171249476917,35.95958152956983
2023-12-01 08:31:06,5.243558445225543,39.958917710877216
2023-12-01 08:31:07,4.587444459299569,32.56940935451084
2023-12-01 08:31:08,6.84218613542245,20.22274055069449
2023-12-01 08:31:09,5.832664759270348,31.628346571609345
2023-12-01 08:31:10,3.494862487001045,33.36624636246125
2023-12-01 08:31:11,5.752928145178033,32.467806682425895
2023-12-01 08:31:12,9.889496403493663,39.19719916315358
2023-12-01 08:31:13,5.574058162057405,35.23857088445148
2023-12-01 08:31:14,5.459497263103706,33.35770813051317
2023-12-01 08:31:15,5.261871630661346,38.87849834827834
2023-12-01 08:31:16,6.52501003634392,33.24176320039957
2023-12-01 08:31:17,3.428037316441572,29.886264727224045
2023-12-01 08:31:18,3.2344148268313524,38.389372043415776
2023-12-01 08:31:19,5.865175554221396,38.445911147157624
2023-12-01 08:31:20,1.656561016783208,34.40633516744627
2023-12-01 08:31:21,4.714210306502591,40.90144881824932
2023-12-01 08:31:22,,
2023-12-01 08:31:23,,
2023-12-01 08:31:24,,
2023-12-01 08:31:25,,
2023-12-01 08:31:26,,
2023-12-01 08:31:27,,
2023-12-01 08:31:28,,
2023-12-01 08:31:29,,
2023-12-01 08:31:30,7.475294604411893,33.53533338181662
2023-12-01 08:31:31,5.411651145654645,29.425273438293594
2023-12-01 08:31:32,7.826645338707914,34.043825771673255
2023-12-01 08:31:33,-0.8529870781779199,36.274352602161066
2023-12-01 08:31:34,3.9506073433114155,37.02261156961685
2023-12-01 08:31:35,3.6743106119960265,38.03608967814037
2023-12-01 08:31:36,1.9418960168658943,31.453561930971368
2023-12-01 08:31:37,4.922456403830542,33.53552066896125
2023-12-01 08:31:38,7.423456323612837,34.31506601262462
2023-12-01 08:31:39,5.078549283358713,49.51117466069823
2023-12-01 08:31:40,4.280837307087153,39.26135331137447
2023-12-01 08:31:41,2.7879148984724798,34.742053370299956
2023-12-01 08:31:42,3.304870485212869,32.10349108680761
2023-12-01 08:31:43,1.899563225197502,25.533313092313342
2023-12-01 08:31:44,8.112122130309551,41.807891966619984
2023-12-01 08:31:45,8.383084742119834,32.364024994520776
2023-12-01 08:31:46,2.7694359060963785,37.92640990271276
2023-12-01 08:31:47,6.688899109145456,30.891169277171045
2023-12-01 08:31:48,5.476648595895226,27.10856682645668
2023-12-01 08:31:49,5.332366335531928,32.79749592301208
2023-12-01 08:31:50,4.433174366569807,32.703447007148554
2023-12-01 08:31:51,2.612537389575421,35.612525705421284
2023-12-01 08:31:52,3.3205064293037063,26.61056460098512
2023-12-01 08:31:53,3.599647823527511,31.38104762412682
2023-12-01 08:31:54,4.271436267049178,27.47077348441258
2023-12-01 08:31:55,3.7160012949399412,41.42319053390856
2023-12-01 08:31:56,7.165992955597682,36.32284003302098
2023-12-01 08:31:57,5.232667775377725,39.39391501195049
2023-12-01 08:31:58,3.858478163281969,36.44768619479634
2023-12-01 08:31:59,2.09082185041292,34.46769739484102
2023-12-01 08:32:00,,
2023-12-01 08:32:01,,
2023-12-01 08:32:02,,
2023-12-01 08:32:03,,
2023-12-01 08:32:04,,
2023-12-01 08:32:05,,
2023-12-01 08:32:06,,
2023-12-01 08:32:07,,
2023-12-01 08:32:08,,
2023-12-01 08:32:09,,
2023-12-01 08:32:10,55.92708820833726,64.29968594747669
2023-12-01 08:32:11,44.529259633458324,68.4002818897519
2023-12-01 08:32:12,41.59274803178492,60.307470343235934
2023-12-01 08:32:13,49.49853321078574,60.592433600076845
2023-12-01 08:32:14,45.50711308434074,66.10801131547579
2023-12-01 08:32:15,42.88174177528876,67.43784798138888
2023-12-01 08:32:16,39.40005331265121,61.008286714087525
2023-12-01 08:32:17,53.66448644569891,61.471728052342314
2023-12-01 08:32:18,37.95848527906093,64.42230833950366
2023-12-01 08:32:19,48.77437060314932,65.74839543941395
2023-12-01 08:32:20,50.69221496670325,59.80147666685489
2023-12-01 08:32:21,44.00020069640159,62.38480561667387
2023-12-01 08:32:22,44.58749931303735,65.72988502238753
2023-12-01 08:32:23,53.77189133971839,69.71296599192829
2023-12-01 08:32:24,38.27612840293712,69.80836898891923
2023-12-01 08:32:25,40.55009322211634,65.60123310214532
2023-12-01 08:32:26,47.40335318129196,66.78381961749129
2023-12-01 08:32:27,45.371150837597746,66.13573951939783
2023-12-01 08:32:28,50.6914409048735,64.51512841198132
2023-12-01 08:32:29,5.640992196508359,31.637822816973976
2023-12-01 08:32:30,6.2928283759346275,33.60906688891034
2023-12-01 08:32:31,6.694950877969594,37.12932026498603
2023-12-01 08:32:32,3.57043640731374,29.02154199886048
2023-12-01 08:32:33,1.6916406737169036,35.51714372576581
2023-12-01 08:32:34,3.9162267643519457,30.79652029189787
2023-12-01 08:32:35,5.5826780533805405,34.43143147026854
2023-12-01 08:32:36,5.692434224046463,39.852100723287904
2023-12-01 08:32:37,3.9338717428813315,36.838644766509
2023-12-01 08:32:38,5.2525611995335995,34.87039419129131
2023-12-01 08:32:39,4.089902299125008,34.07399896474084
2023-12-01 08:32:40,4.918796965057974,43.646425063027955
2023-12-01 08:32:41,7.3712793589954835,34.187636127715784
2023-12-01 08:32:42,4.831215834117861,36.020875551899245
2023-12-01 08:32:43,6.807950462167409,35.47901930707286
2023-12-01 08:32:44,5.655316965514022,35.2937260823043
2023-12-01 08:32:45,,
2023-12-01 08:32:46,,
2023-12-01 08:32:47,,
2023-12-01 08:32:48,,
2023-12-01 08:32:49,,
2023-12-01 08:32:50,,
2023-12-01 08:32:51,,
2023-12-01 08:32:52,,
2023-12-01 08:32:53,,
2023-12-01 08:32:54,3.036777829542594,38.69139827075529
2023-12-01 08:32:55,8.283154446220452,31.64728752397583
2023-12-01 08:32:56,4.194554498767587,38.283846395593336
2023-12-01 08:32:57,2.999731781397071,37.47775448096381
2023-12-01 08:32:58,2.452280655788725,35.531172183303845
2023-12-01 08:32:59,5.0069141056035695,31.59854571614023
2023-12-01 08:33:00,2.982862124737377,32.882105480863416
2023-12-01 08:33:01,6.616664119582439,37.70978239782378
2023-12-01 08:33:02,1.681147739611967,30.126769469118063
2023-12-01 08:33:03,6.920620610105782,34.30202746746143
2023-12-01 08:33:04,2.9960614309727522,42.829708213092196
2023-12-01 08:33:05,1.8678716049140687,27.98874070833959
2023-12-01 08:33:06,5.517230223943063,35.116616200735024
2023-12-01 08:33:07,4.648423412100276,32.91008333291069
2023-12-01 08:33:08,4.86469222297977,32.85576737559826
2023-12-01 08:33:09,2.408126954800409,26.092516963571413
2023-12-01 08:33:10,7.1350951102940465,31.162923618658528
2023-12-01 08:33:11,4.422970762153202,39.60172569759142
2023-12-01 08:33:12,5.781507348134828,37.089203754865075
2023-12-01 08:33:13,1.5654598894065512,33.48545114646315
2023-12-01 08:33:14,2.1761232042613843,28.755944309089877
2023-12-01 08:33:15,4.00679100540079,40.92366041007665
2023-12-01 08:33:16,6.295506481420825,35.09758708799081
2023-12-01 08:33:17,1.5690410923455964,39.87170632865362
2023-12-01 08:33:18,5.186942404205906,40.03012756666526
2023-12-01 08:33:19,7.366270591042202,26.711480811264373
2023-12-01 08:33:20,5.036609148025056,38.8714545677496
2023-12-01 08:33:21,1.7087879759818012,31.445725797240648
2023-12-01 08:33:22,4.621531073049262,33.3554215968223
2023-12-01 08:33:23,5.342732742767342,26.894542180562283
2023-12-01 08:33:24,7.418683850745336,38.12533582180738
2023-12-01 08:33:25,7.4126048662344015,39.308769624648015
2023-12-01 08:33:26,6.4056358979892725,43.95614878259265
2023-12-01 08:33:27,8.024874507062894,44.1085446794988
2023-12-01 08:33:28,6.862525110279474,33.1752101567218
2023-12-01 08:33:29,6.221863631574289,28.792177888270714
2023-12-01 08:33:30,3.6835870263128343,44.69845639046255
2023-12-01 08:33:31,5.087565817889705,41.30309323139854
2023-12-01 08:33:32,5.870563754484928,39.82545992138893
2023-12-01 08:33:33,3.8813299861924393,41.69291763603381
2023-12-01 08:33:34,4.664522344806422,27.27258018581344
2023-12-01 08:33:35,4.412299021322772,39.55578600605649
2023-12-01 08:33:36,4.065876372846934,37.02919406947179
2023-12-01 08:33:37,9.34006621443428,26.149800783128047
2023-12-01 08:33:38,6.263225947249392,37.3343295578999
2023-12-01 08:33:39,5.436149710784797,32.127529535801244
2023-12-01 08:33:40,5.065539195288353,39.469616487070944
2023-12-01 08:33:41,5.609388071872945,29.58396561193627
2023-12-01 08:33:42,3.651545011349924,20.38167202420894
2023-12-01 08:33:43,6.41616671618585,32.05176715687968
2023-12-01 08:33:44,4.212418136980981,37.89496546809734
2023-12-01 08:33:45,3.028820578868979,38.93086996706778
2023-12-01 08:33:46,6.260777623829544,32.42642892647442
2023-12-01 08:33:47,1.4039961634812532,34.63766565410616
2023-12-01 08:33:48,7.175233789132925,30.756113934292834
2023-12-01 08:33:49,40.52293623756787,70.82955317688572
2023-12-01 08:33:50,45.85124084407024,66.47004700935227
2023-12-01 08:33:51,43.305402121462336,61.36243817210685
2023-12-01 08:33:52,44.132794008057495,68.62726219589496
2023-12-01 08:33:53,2.759821667597083,33.05288452642368
2023-12-01 08:33:54,6.221530244798323,31.85720573419856
2023-12-01 08:33:55,2.817881999190932,42.34468400199548
2023-12-01 08:33:56,7.1041655533908035,41.505277129396646
2023-12-01 08:33:57,7.323918466985846,33.593518356635386
2023-12-01 08:33:58,7.092282155628598,43.29422008676477
2023-12-01 08:33:59,5.255056550489625,39.62162785373025
2023-12-01 08:34:00,2.282917015111822,38.99312792706822
2023-12-01 08:34:01,5.583199900912284,42.447546139916135
2023-12-01 08:34:02,1.232004276587285,26.696954389663794
2023-12-01 08:34:03,7.141121346537426,29.91465553321918
2023-12-01 08:34:04,6.1692542975453755,35.44674445939283
2023-12-01 08:34:05,51.053697975443704,65.62048433336304
2023-12-01 08:34:06,40.52525243927789,79.04083718896177
2023-12-01 08:34:07,43.206571583625234,65.9323926589713
2023-12-01 08:34:08,4.4220534387382715,39.78998027780436
2023-12-01 08:34:09,2.2764068622261906,20.567972658879846
2023-12-01 08:34:10,7.946803887024514,32.316362324304556
2023-12-01 08:34:11,6.404890113847744,40.68864188227188
2023-12-01 08:34:12,4.925225258331519,30.622981995506322
2023-12-01 08:34:13,7.128098235590873,29.827341436006204
2023-12-01 08:34:14,7.287297148071028,34.85064460136331
2023-12-01 08:34:15,4.933752882502338,34.063894292042356
2023-12-01 08:34:16,3.6578114330399916,34.10938522289862
2023-12-01 08:34:17,5.29143633954692,30.461129694213348
2023-12-01 08:34:18,5.473339110132642,37.33026216005317
2023-12-01 08:34:19,0.8010240577777026,29.034835816063136
2023-12-01 08:34:20,,
2023-12-01 08:34:21,,
2023-12-01 08:34:22,,
2023-12-01 08:34:23,,
2023-12-01 08:34:24,,
2023-12-01 08:34:25,,
2023-12-01 08:34:26,,
2023-12-01 08:34:27,5.873738727554753,40.679074912897775
2023-12-01 08:34:28,5.769425917765087,36.350995245288374
2023-12-01 08:34:29,3.676175566619997,33.821261411857975
2023-12-01 08:34:30,5.497381535934651,38.17288234349184
2023-12-01 08:34:31,6.07892777279128,36.31044511463966
2023-12-01 08:34:32,6.0680605025249035,30.576482716659594
2023-12-01 08:34:33,5.703821486936114,37.75764405465927
2023-12-01 08:34:34,3.7806032344777307,29.265359974154332
2023-12-01 08:34:35,3.8757097623446928,43.48823573790989
2023-12-01 08:34:36,5.300808230596181,44.23560407932443
2023-12-01 08:34:37,5.322519832018673,32.15475198242893
2023-12-01 08:34:38,3.91715465821621,40.42784890808478
2023-12-01 08:34:39,7.432756291456334,30.256935781562692
2023-12-01 08:34:40,7.919134927052584,26.56615080705559
2023-12-01 08:34:41,4.324478773195885,39.313712360867065
2023-12-01 08:34:42,6.501024461284089,29.907512580932767
2023-12-01 08:34:43,2.338415038347769,25.261900959772642
2023-12-01 08:34:44,1.3624074812040776,39.203502345303725
2023-12-01 08:34:45,5.754375450615783,40.85211496586124
2023-12-01 08:34:46,2.28881268537392,34.82666881342284
2023-12-01 08:34:47,4.8722761271872415,29.579120156634442
2023-12-01 08:34:48,2.278582433244141,30.039762059160704
2023-12-01 08:34:49,4.386774704299571,33.1846494122502
2023-12-01 08:34:50,4.0278459272004135,29.942142146224676
2023-12-01 08:34:51,5.3848338071171655,34.23832474781501
2023-12-01 08:34:52,9.40811841988199,33.386895130147124
2023-12-01 08:34:53,2.367629614004319,33.08776621948988
2023-12-01 08:34:54,5.400213309487458,32.069252847396065
2023-12-01 08:34:55,5.216903893321896,38.428609872306666
2023-12-01 08:34:56,2.7602406211441752,44.328372426815406
2023-12-01 08:34:57,,
2023-12-01 08:34:58,,
2023-12-01 08:34:59,,
2023-12-01 08:35:00,,
2023-12-01 08:35:01,,
2023-12-01 08:35:02,,
2023-12-01 08:35:03,,
2023-12-01 08:35:04,4.330477672545214,35.38228907546797
2023-12-01 08:35:05,7.0984452754039555,34.973556467046315
2023-12-01 08:35:06,8.09305522367374,26.91163447987165
2023-12-01 08:35:07,5.639191193963238,40.21376787317611
2023-12-01 08:35:08,4.444032194390816,35.15651367133143
2023-12-01 08:35:09,5.815617154654873,36.840214024982814
2023-12-01 08:35:10,4.746081655372243,22.88609085850128
2023-12-01 08:35:11,4.532840034720212,32.09400544801993
2023-12-01 08:35:12,5.594424891436116,34.170906102606175
2023-12-01 08:35:13,5.805960156938838,34.34374066698443
2023-12-01 08:35:14,3.962820731304568,32.12037647838399
2023-12-01 08:35:15,6.353576954552581,25.51780973747048
2023-12-01 08:35:16,4.17814059229047,40.37214521070993
2023-12-01 08:35:17,4.8703077078894355,41.33170020479994
2023-12-01 08:35:18,5.378427349514805,35.003392190257635
2023-12-01 08:35:19,4.346829926149156,33.293486789222634
2023-12-01 08:35:20,-0.027640940806895387,35.831645258736586
2023-12-01 08:35:21,55.802593834646046,67.67253126891994
2023-12-01 08:35:22,40.50094199981269,63.8191882437655
2023-12-01 08:35:23,47.92867863294602,69.5147768972461
2023-12-01 08:35:24,51.55984239101214,67.80541178953833
2023-12-01 08:35:25,47.181136040140665,60.743041481595185
2023-12-01 08:35:26,46.63755869918089,74.23028207910602
2023-12-01 08:35:27,46.043339793416614,63.75987328158086
2023-12-01 08:35:28,35.940628492989966,77.30081715151678
2023-12-01 08:35:29,47.54033309427911,68.90712578984385
2023-12-01 08:35:30,44.20190548299132,57.222953049444435
2023-12-01 08:35:31,44.6963176527987,79.20369966546036
2023-12-01 08:35:32,48.989858591711524,63.257089835098384
2023-12-01 08:35:33,44.124027280526214,64.76855341482143
2023-12-01 08:35:34,47.53671490609446,64.97312925664173
2023-12-01 08:35:35,41.99846721843825,70.98624401562378
2023-12-01 08:35:36,,
2023-12-01 08:35:37,,
2023-12-01 08:35:38,,
2023-12-01 08:35:39,,
2023-12-01 08:35:40,,
2023-12-01 08:35:41,,
2023-12-01 08:35:42,,
2023-12-01 08:35:43,7.728805573225609,39.41280995987336
2023-12-01 08:35:44,7.369426195685098,34.87272727119329
2023-12-01 08:35:45,4.744879943727391,45.57205737891381
2023-12-01 08:35:46,2.708828131339226,37.94428165188227
2023-12-01 08:35:47,8.114393781551833,36.46904310592112
2023-12-01 08:35:48,4.036448797308358,37.050355254067185
2023-12-01 08:35:49,5.209203467773375,37.976268577351014
2023-12-01 08:35:50,6.2486380407121045,36.32674677286068
2023-12-01 08:35:51,6.864988234354875,34.70897707390321
2023-12-01 08:35:52,4.9181626759815,35.40743046440025
2023-12-01 08:35:53,4.410251361432178,32.96142888795765
2023-12-01 08:35:54,4.280146908815607,36.33404808407548
2023-12-01 08:35:55,10.172523561090905,33.01778517549064
2023-12-01 08:35:56,4.1056569969485315,39.107847343023195
2023-12-01 08:35:57,7.158997908075742,34.777015182149846
2023-12-01 08:35:58,3.4673888458425965,27.718763470807673
2023-12-01 08:35:59,1.02042809348541,37.34072414179583
2023-12-01 08:36:00,0.6061484115155382,31.36805550257459
2023-12-01 08:36:01,3.5381101088413445,28.608514038154212
2023-12-01 08:36:02,4.009526448539973,37.87862297397927
2023-12-01 08:36:03,2.355695970698344,31.793696324751792
2023-12-01 08:36:04,2.444426800997847,39.58918045699083
2023-12-01 08:36:05,7.293963038086877,30.252572035386102
2023-12-01 08:36:06,4.9618212930149115,42.97441899026648
2023-12-01 08:36:07,2.656013151236699,33.018447168330844
2023-12-01 08:36:08,3.457219894453883,37.250262361840115
2023-12-01 08:36:09,4.5999527176346025,36.15255420122423
2023-12-01 08:36:10,5.440759870594025,43.19396479138689
2023-12-01 08:36:11,2.8505983967361592,32.960681769840136
2023-12-01 08:36:12,4.043010519872166,34.81781912340431
2023-12-01 08:36:13,9.87875803933015,41.9804171382641
2023-12-01 08:36:14,8.67256232043089,30.62784292956319
2023-12-01 08:36:15,5.215633820948043,31.595110187587284
2023-12-01 08:36:16,3.585696904923461,36.32023513795365
2023-12-01 08:36:17,1.244922362056775,35.91933158749223
2023-12-01 08:36:18,4.9733152398123766,28.485013847074576
2023-12-01 08:36:19,5.370019407718164,37.29786171630548
2023-12-01 08:36:20,,
2023-12-01 08:36:21,,
2023-12-01 08:36:22,,
2023-12-01 08:36:23,,
2023-12-01 08:36:24,3.6980955362520627,40.73361486658358
2023-12-01 08:36:25,3.547068791159204,36.89622291790857
2023-12-01 08:36:26,9.906313465542002,45.89690851639658
2023-12-01 08:36:27,3.47204580350558,27.021053288532492
2023-12-01 08:36:28,1.2561684014626509,42.18886684320671
2023-12-01 08:36:29,4.154251607773883,39.085909933746805
2023-12-01 08:36:30,4.6976414964006,31.114406626147147
2023-12-01 08:36:31,4.706143700861406,32.2127047706372
2023-12-01 08:36:32,5.787009066882224,42.59263516639469
2023-12-01 08:36:33,5.803717480091516,30.10660319495105
2023-12-01 08:36:34,1.260798064792962,38.92203160046078
2023-12-01 08:36:35,6.648299076361614,38.978782900694696
2023-12-01 08:36:36,5.503170699105815,46.392426033106304
2023-12-01 08:36:37,4.514286842144694,28.43963871478401
2023-12-01 08:36:38,6.1848203834186695,37.3884344328315
2023-12-01 08:36:39,5.319436422855318,36.12691682191277
2023-12-01 08:36:40,3.893693346962972,31.622168301955988
2023-12-01 08:36:41,7.130800047612054,29.330565867067588
2023-12-01 08:36:42,2.104241793217737,34.3417922393
2023-12-01 08:36:43,1.446671768362087,37.501426825576566
2023-12-01 08:36:44,2.086462891454207,35.46863888533328
2023-12-01 08:36:45,0.8408598729801176,37.907595894645894
2023-12-01 08:36:46,2.427959788743895,41.24126279410426
2023-12-01 08:36:47,10.711743722329746,41.88391310962554
2023-12-01 08:36:48,8.291503815589905,35.08322483839547
2023-12-01 08:36:49,7.055963406590048,36.293091107739755
2023-12-01 08:36:50,7.23981498728136,28.672302485413915
2023-12-01 08:36:51,,
2023-12-01 08:36:52,,
2023-12-01 08:36:53,,
2023-12-01 08:36:54,,
2023-12-01 08:36:55,,
2023-12-01 08:36:56,,
2023-12-01 08:36:57,,
2023-12-01 08:36:58,,
2023-12-01 08:36:59,,
2023-12-01 08:37:00,5.907546329434259,28.534542874858708
2023-12-01 08:37:01,43.83444421359769,74.29821398398525
2023-12-01 08:37:02,4.613877169798705,32.11863418188051
2023-12-01 08:37:03,3.887744848784127,43.987444947999094
2023-12-01 08:37:04,4.452500732138168,38.40315146150045
2023-12-01 08:37:05,11.541975222303037,38.45364521100926
2023-12-01 08:37:06,5.207611986595612,36.3836168915297
2023-12-01 08:37:07,6.852699468761778,29.577343726644514
2023-12-01 08:37:08,6.441331931235704,45.263574410315655
2023-12-01 08:37:09,4.53802846098543,35.82178706815937
2023-12-01 08:37:10,6.27561382941829,45.35476252185663
2023-12-01 08:37:11,8.794830050514673,38.59478834035866
2023-12-01 08:37:12,5.570221208709041,31.62572094380581
2023-12-01 08:37:13,4.280962101374601,46.53850885062901
2023-12-01 08:37:14,8.485301074317242,41.227471655738434
2023-12-01 08:37:15,5.15275732377711,38.08247207989173
2023-12-01 08:37:16,4.5743101358138345,37.98019304554874
2023-12-01 08:37:17,5.869152980233518,34.59829155193468
2023-12-01 08:37:18,5.6828836052237,27.21017076090821
2023-12-01 08:37:19,6.413609895408159,33.68364569968833
2023-12-01 08:37:20,4.645492558397863,41.38722963903048
2023-12-01 08:37:21,8.068978145003994,38.5219410143976
2023-12-01 08:37:22,3.6826931867978328,33.03530694751247
2023-12-01 08:37:23,4.75409661100933,38.08894366025174
2023-12-01 08:37:24,5.65346152906247,44.30989386172458
2023-12-01 08:37:25,2.1691985213762317,23.490239014654193
2023-12-01 08:37:26,8.147981259671525,31.629658178198742
2023-12-01 08:37:27,4.7159388995161144,30.299892922406194
2023-12-01 08:37:28,3.3178737753237177,36.831482452837086
2023-12-01 08:37:29,2.4693207610715056,28.23115367950896
2023-12-01 08:37:30,6.677882969822235,34.070388090385215
2023-12-01 08:37:31,7.997059982565416,34.46416860179225
2023-12-01 08:37:32,4.565355396156704,36.01525859134615
2023-12-01 08:37:33,4.515189299822314,26.706614656578544
2023-12-01 08:37:34,6.6568196006556235,34.402165026637235
2023-12-01 08:37:35,3.140312242221631,35.63419161756582
2023-12-01 08:37:36,4.050097978648492,31.21348972255295
2023-12-01 08:37:37,2.281930858581087,30.99012882931084
2023-12-01 08:37:38,7.499272925847306,33.635370267768344
2023-12-01 08:37:39,3.7317423616046197,37.511876759427935
2023-12-01 08:37:40,3.740834174805493,32.95214879395899
2023-12-01 08:37:41,6.433135668655288,36.53015637752623
2023-12-01 08:37:42,2.5247003493942213,36.97367481629121
2023-12-01 08:37:43,5.096207551364405,30.27134394455571
2023-12-01 08:37:44,5.280127667790491,37.57407235175266
2023-12-01 08:37:45,4.86205907270934,37.14361463328109
2023-12-01 08:37:46,6.607777522125499,41.87502167796264
2023-12-01 08:37:47,6.041937058820839,37.79343356453254
2023-12-01 08:37:48,3.115890751598246,42.37161244175148
2023-12-01 08:37:49,8.95489237981098,22.83656886946825
2023-12-01 08:37:50,3.4697302342071312,35.006566028028566
2023-12-01 08:37:51,7.129500940034031,41.359120506222276
2023-12-01 08:37:52,8.57700993781407,33.29124113300226
2023-12-01 08:37:53,7.756009803191763,43.92158740959424
2023-12-01 08:37:54,5.568759507262539,34.36650085826292
2023-12-01 08:37:55,2.4860979900363507,35.322340599061576
2023-12-01 08:37:56,6.2298635680625445,28.925345545243797
2023-12-01 08:37:57,7.167614337888029,27.27702254715909
2023-12-01 08:37:58,4.460251570070997,33.11566683333223
2023-12-01 08:37:59,7.371998500850399,37.32545958249482
2023-12-01 08:38:00,5.665677722990618,32.171187121694004
2023-12-01 08:38:01,9.26400271100762,36.67996912458226
2023-12-01 08:38:02,6.724940108108418,40.712038337864065
2023-12-01 08:38:03,5.166753083002437,34.21499734531481
2023-12-01 08:38:04,3.1076240533508757,30.249621745259688
2023-12-01 08:38:05,5.685906127394759,31.866606746382466
2023-12-01 08:38:06,5.93544741919353,35.45114245284037
2023-12-01 08:38:07,5.9028207543349565,36.633027747321485
2023-12-01 08:38:08,5.072906135800224,31.94873204179328
2023-12-01 08:38:09,2.4973153508635364,39.290350393157084
2023-12-01 08:38:10,4.216421361949794,38.84881237379193
2023-12-01 08:38:11,2.8715549406702796,37.60309468499397
2023-12-01 08:38:12,4.259701309299471,34.39940346260119
2023-12-01 08:38:13,5.741202798715738,41.827743465013896
2023-12-01 08:38:14,3.941087584124963,37.841351548512165
2023-12-01 08:38:15,4.505384274313304,39.76190589854785
2023-12-01 08:38:16,2.475236642838276,33.58476256130724
2023-12-01 08:38:17,6.898476265269128,40.77099044797561
2023-12-01 08:38:18,1.503926453831009,42.736762287303016
2023-12-01 08:38:19,4.794245958556862,38.881568771113656
2023-12-01 08:38:20,5.3323328625371245,46.4499465488399
2023-12-01 08:38:21,4.361080895371861,38.23489750134593
2023-12-01 08:38:22,1.689632467642432,37.77631568227932
2023-12-01 08:38:23,5.2377545068797415,36.444548798157804
2023-12-01 08:38:24,7.898870558741326,34.40930594771038
2023-12-01 08:38:25,4.445635764601878,32.577912079705015
2023-12-01 08:38:26,7.0330856313974195,33.749152344876975
2023-12-01 08:38:27,2.394208831269008,37.0806844700705
2023-12-01 08:38:28,4.62754258366372,32.12753866835127
2023-12-01 08:38:29,5.0470938351729835,36.95044655479707
2023-12-01 08:38:30,5.808169307533661,38.36170658951672
2023-12-01 08:38:31,6.988611605241074,23.292697535067575
2023-12-01 08:38:32,5.427173353909795,38.61172501402233
2023-12-01 08:38:33,4.168275592842268,32.08519892217774
2023-12-01 08:38:34,5.401226928050115,28.031833325312334
2023-12-01 08:38:35,6.183548190239533,41.68002982876597
2023-12-01 08:38:36,5.010743797231821,32.06294021678198
2023-12-01 08:38:37,7.603739845343763,34.67721178410444
2023-12-01 08:38:38,6.870358516680012,37.728643257842016
2023-12-01 08:38:39,,
2023-12-01 08:38:40,,
2023-12-01 08:38:41,,
2023-12-01 08:38:42,,
2023-12-01 08:38:43,,
2023-12-01 08:38:44,,
2023-12-01 08:38:45,,
2023-12-01 08:38:46,45.01464359924258,65.65769740962976
2023-12-01 08:38:47,46.98594240978531,63.07420542573957
2023-12-01 08:38:48,39.06800558497095,63.54646803599057
2023-12-01 08:38:49,48.56744984403784,66.6425885640742
2023-12-01 08:38:50,46.2715084168997,70.45220549991646
2023-12-01 08:38:51,58.65601515741728,63.16868892751368
2023-12-01 08:38:52,46.36169769241585,62.1721538416321
2023-12-01 08:38:53,52.33286434404576,63.21396937573406
2023-12-01 08:38:54,42.75393621674865,66.72268373536133
2023-12-01 08:38:55,43.273199559917714,70.78247269570414
2023-12-01 08:38:56,40.943530735593974,62.17819218170722
2023-12-01 08:38:57,50.8090258487833,62.53577524406644
2023-12-01 08:38:58,40.454770216276586,61.63243708632373
2023-12-01 08:38:59,53.70269034895201,67.97029984653247
2023-12-01 08:39:00,49.03248293316716,68.57403309848426
2023-12-01 08:39:01,5.885211968558024,25.540023866667465
2023-12-01 08:39:02,4.848234368800706,37.510549241794486
2023-12-01 08:39:03,1.5263602460022163,43.129731401587016
2023-12-01 08:39:04,5.152730619339123,28.313565716184343
2023-12-01 08:39:05,4.681814244747349,30.304570707875083
2023-12-01 08:39:06,46.46614714436737,66.1213235108326
2023-12-01 08:39:07,38.61176730668314,67.562820073453
2023-12-01 08:39:08,42.9871047670511,74.45711997176579
2023-12-01 08:39:09,5.960137269856886,25.4552373424682
2023-12-01 08:39:10,6.846660832607783,42.388928521577554
2023-12-01 08:39:11,3.8853831647074086,28.960793894921103
2023-12-01 08:39:12,6.042316216616998,32.859474130658306
2023-12-01 08:39:13,5.301234722567765,31.69827336569258
2023-12-01 08:39:14,2.3354379807837042,35.758351928997705
2023-12-01 08:39:15,4.893433483701983,23.844541512470652
2023-12-01 08:39:16,7.335087629519394,37.19892668342452
2023-12-01 08:39:17,4.448961716990578,29.497853037944033
2023-12-01 08:39:18,4.634457485770719,28.866026225008635
2023-12-01 08:39:19,5.455684302800885,36.87504003453413
2023-12-01 08:39:20,4.973199183611287,33.77063782495355
2023-12-01 08:39:21,4.870288324805976,38.03327105629441
2023-12-01 08:39:22,4.046039224682132,34.05268501094287
2023-12-01 08:39:23,0.049690261076257514,38.75795184285928
2023-12-01 08:39:24,6.2174511555482495,31.278433478872618
2023-12-01 08:39:25,3.803159224752132,39.895610770208606
2023-12-01 08:39:26,4.5508538726641214,30.19637955164328
2023-12-01 08:39:27,4.760840654370842,32.143703528929926
2023-12-01 08:39:28,6.719523731377522,32.90452029045052
2023-12-01 08:39:29,5.389367977631426,39.29020292965349
2023-12-01 08:39:30,6.2322889141381905,36.252920922732216
2023-12-01 08:39:31,2.6587973576944006,28.38035487260137
2023-12-01 08:39:32,3.7329821002839276,30.584457324413556
2023-12-01 08:39:33,8.859170988175148,29.083228140977425
2023-12-01 08:39:34,5.215406072730205,41.37740042212778
2023-12-01 08:39:35,8.065311555482513,30.511807673756564
2023-12-01 08:39:36,4.622546088662879,37.6870190129128
2023-12-01 08:39:37,5.50934313968207,35.97324422609573
2023-12-01 08:39:38,5.467307195026922,33.88092788251995
2023-12-01 08:39:39,6.1783715351860495,36.86252279474335
2023-12-01 08:39:40,7.654822859980472,36.27076529855469
2023-12-01 08:39:41,5.701931045535163,35.155475441630195
2023-12-01 08:39:42,5.478272910824316,36.303032978857516
2023-12-01 08:39:43,2.915064474546351,36.03461900061789
2023-12-01 08:39:44,6.372977888844079,30.675266197812213
2023-12-01 08:39:45,2.8736698103879688,34.53903921983983
2023-12-01 08:39:46,4.774604327106633,31.67996112233958
2023-12-01 08:39:47,2.7124727737922836,24.624340199877285
2023-12-01 08:39:48,0.6838906575873844,36.81396318435182
2023-12-01 08:39:49,3.0004187656375234,32.316475977727805
2023-12-01 08:39:50,4.930280529579661,38.6685924414609
2023-12-01 08:39:51,6.1134839845541595,35.05264336518775
2023-12-01 08:39:52,3.8377188614424647,33.43313479256079
2023-12-01 08:39:53,5.339344814630718,33.007922799197104
2023-12-01 08:39:54,3.0138930237555055,37.24340274309432
2023-12-01 08:39:55,7.973487761344096,42.68090281986001
2023-12-01 08:39:56,4.039429515746478,39.51233638414767
2023-12-01 08:39:57,4.088705302268356,26.672435267154107
2023-12-01 08:39:58,2.6881284151697518,39.620167079446134
2023-12-01 08:39:59,4.663410967769076,30.89981968158412
2023-12-01 08:40:00,3.312052238006525,32.277202919633226
2023-12-01 08:40:01,6.753488920085419,35.36581727280094
2023-12-01 08:40:02,-0.5023970770932031,31.75757002129751
2023-12-01 08:40:03,10.248166120231595,31.485295715223852
2023-12-01 08:40:04,3.1464350350784085,43.888297319082504
2023-12-01 08:40:05,3.85145196996114,31.097191848973196
2023-12-01 08:40:06,5.282606756291156,28.763381885976592
2023-12-01 08:40:07,7.8493938747492855,35.07549356631537
2023-12-01 08:40:08,4.561833725634638,30.577006735377392
2023-12-01 08:40:09,4.08821420547541,32.33374139870138
2023-12-01 08:40:10,7.500468912873366,33.81360664199191
2023-12-01 08:40:11,5.394393934450725,30.737393746021503
2023-12-01 08:40:12,7.794480095507657,35.66541087817177
2023-12-01 08:40:13,3.8528277526368093,31.087698890001366
2023-12-01 08:40:14,5.518202156535836,34.44846320879828
2023-12-01 08:40:15,7.6699945465886055,36.051530405184984
2023-12-01 08:40:16,6.2653583582279095,25.506937426313613
2023-12-01 08:40:17,6.07894977890967,37.24142512141688
2023-12-01 08:40:18,3.645761201045973,31.306256384817054
2023-12-01 08:40:19,2.8056250888836978,41.23911800038616
2023-12-01 08:40:20,6.544686087647541,40.60127383157323
2023-12-01 08:40:21,42.90960067540626,68.50105433433443
2023-12-01 08:40:22,44.681599243442086,71.46247017442366
2023-12-01 08:40:23,0.44062851189260943,41.97622786840896
2023-12-01 08:40:24,4.105885371991911,40.080036344528146
2023-12-01 08:40:25,5.073401887156457,37.35352453664495
2023-12-01 08:40:26,4.910276749960107,35.17492663735001
2023-12-01 08:40:27,2.3084688919268257,34.7305869244026
2023-12-01 08:40:28,5.707736678210635,31.514824151762014
2023-12-01 08:40:29,5.840850059008973,32.54740912982438
2023-12-01 08:40:30,4.182525511890476,38.598657502293975
2023-12-01 08:40:31,10.765052293258606,33.28239006627577
2023-12-01 08:40:32,5.848456976672368,29.836866416557267
2023-12-01 08:40:33,2.2188539405729495,37.782052116859084
2023-12-01 08:40:34,5.764831280746419,38.12636616536005
2023-12-01 08:40:35,3.4538305997979357,36.48405425419284
2023-12-01 08:40:36,5.4180309795989565,40.12158156899841
2023-12-01 08:40:37,1.0874095352557207,31.929646065865256
2023-12-01 08:40:38,5.895568673375973,44.83917233184508
2023-12-01 08:40:39,6.004717063803925,38.843065319745335
2023-12-01 08:40:40,6.621328834419445,32.185272159597716
2023-12-01 08:40:41,3.5839176660081664,40.186692109626236
2023-12-01 08:40:42,9.812207972652883,42.8061591470057
2023-12-01 08:40:43,5.457759141234537,35.581214997334655
2023-12-01 08:40:44,5.769384095687165,42.47161665321467
2023-12-01 08:40:45,3.275109672122997,32.087147448829406
2023-12-01 08:40:46,5.0233229095454055,37.60280249631647
2023-12-01 08:40:47,5.704468309851245,30.757096790381162
2023-12-01 08:40:48,8.045442798303334,38.51722153530651
2023-12-01 08:40:49,4.650185753006558,40.692099660053586
2023-12-01 08:40:50,2.98394392262928,45.42557064019569
2023-12-01 08:40:51,8.088181333217976,31.309205499154682
2023-12-01 08:40:52,7.216505081438559,35.81904782106536
2023-12-01 08:40:53,6.673822571164218,32.37808111397159
2023-12-01 08:40:54,4.732848548848964,33.770734780556836
2023-12-01 08:40:55,5.312678976590896,36.60691684580176
2023-12-01 08:40:56,5.079723632662889,30.750836751283458
2023-12-01 08:40:57,42.96202865405984,68.65949031845858
2023-12-01 08:40:58,52.74903604273131,67.8809978122337
2023-12-01 08:40:59,33.17337066141802,75.14867243327842
2023-12-01 08:41:00,35.656563763616646,59.68804120737413
2023-12-01 08:41:01,50.164240055231794,63.39955215117404
2023-12-01 08:41:02,49.68554874801545,70.19676163052199
2023-12-01 08:41:03,,
2023-12-01 08:41:04,,
2023-12-01 08:41:05,,
2023-12-01 08:41:06,,
2023-12-01 08:41:07,,
2023-12-01 08:41:08,,
2023-12-01 08:41:09,44.29508476448763,65.57832861389019
2023-12-01 08:41:10,43.041184180161565,58.348460005715054
2023-12-01 08:41:11,47.63680781851885,60.680617330394625
2023-12-01 08:41:12,48.294915051684825,57.2114119340642
2023-12-01 08:41:13,4.195042036245053,40.17978734127691
2023-12-01 08:41:14,6.156345028728087,32.70608630996383
2023-12-01 08:41:15,3.4099668185038627,35.077415532369905
2023-12-01 08:41:16,3.4554479488878904,43.79053686503639
2023-12-01 08:41:17,8.377657553412444,30.484336625575292
2023-12-01 08:41:18,2.3475053004159006,42.89957714437545
2023-12-01 08:41:19,5.183687046288023,26.706511674975395
2023-12-01 08:41:20,6.647771559194516,35.311981987777564
2023-12-01 08:41:21,7.374267423436201,27.913875120995762
2023-12-01 08:41:22,3.897504046444996,34.358884191072825
2023-12-01 08:41:23,5.32979225366725,31.927617879400536
2023-12-01 08:41:24,8.132143129334331,29.455878288962253
2023-12-01 08:41:25,5.396128531756324,29.76588744183911
2023-12-01 08:41:26,5.463600650847184,33.78926545324764
2023-12-01 08:41:27,9.294949001521012,38.334146948104774
2023-12-01 08:41:28,4.8981895998636285,40.46748933376843
2023-12-01 08:41:29,37.36354130096826,65.00501752953028
2023-12-01 08:41:30,3.164716504370145,38.9510514348789
2023-12-01 08:41:31,1.4252944207039118,45.55507911286533
2023-12-01 08:41:32,4.432552421457485,25.604731554550053
2023-12-01 08:41:33,2.064489532898885,29.66514362988472
2023-12-01 08:41:34,8.172062366255473,25.515750965243804
2023-12-01 08:41:35,7.031441139229723,29.77935855118619
2023-12-01 08:41:36,9.003893405765794,35.555819268307566
2023-12-01 08:41:37,7.515555608950269,31.0819116100081
2023-12-01 08:41:38,4.950593423322204,42.364067635136365
2023-12-01 08:41:39,6.7434560170254745,34.10346668326712
2023-12-01 08:41:40,5.3291552427006845,32.8550280798227
2023-12-01 08:41:41,1.1013554155035186,27.677584086047304
2023-12-01 08:41:42,7.569957582881461,34.81792589517538
2023-12-01 08:41:43,3.316951326815573,38.656159674144746
2023-12-01 08:41:44,5.301108583360634,34.30263910847397
2023-12-01 08:41:45,5.199242192213929,26.838298438951558
2023-12-01 08:41:46,5.556108167927699,26.725199253336363
2023-12-01 08:41:47,4.369836103115786,36.168280060368964
2023-12-01 08:41:48,7.891746843843674,33.68260336184057
2023-12-01 08:41:49,4.496069554477343,27.26365815570911
2023-12-01 08:41:50,7.924456743702605,38.30420432448687
2023-12-01 08:41:51,5.247753918913503,38.18887496226879
2023-12-01 08:41:52,5.49569902066183,34.51738382212612
2023-12-01 08:41:53,3.7446467738672746,28.189328351300663
2023-12-01 08:41:54,3.838789996943529,35.37775482111243
2023-12-01 08:41:55,4.456875061170977,38.61986930962192
2023-12-01 08:41:56,4.904759739720375,31.566934346802874
2023-12-01 08:41:57,10.059682372213867,30.9439099463663
2023-12-01 08:41:58,3.9521959706402154,37.99902959920629
2023-12-01 08:41:59,7.71504803331269,29.234672599866354
2023-12-01 08:42:00,7.996965495036816,35.44412532033322
2023-12-01 08:42:01,6.464253860849971,26.533074646933628
2023-12-01 08:42:02,4.000413331071133,34.359851836099516
2023-12-01 08:42:03,5.1353491046378545,23.50363915812033
2023-12-01 08:42:04,6.633858273930128,28.411312368099683
2023-12-01 08:42:05,5.595071732657013,38.469199263819405
2023-12-01 08:42:06,2.3064374014647036,31.242921875724235
2023-12-01 08:42:07,7.929384500337779,34.62060490665691
2023-12-01 08:42:08,4.953757878470678,35.035109248670494
2023-12-01 08:42:09,7.531267600300051,33.020782223503254
2023-12-01 08:42:10,4.914861561788639,33.62939397356248
2023-12-01 08:42:11,5.731487276249017,36.74337424065686
2023-12-01 08:42:12,3.953853248090308,39.8053148665256
2023-12-01 08:42:13,5.184266206826819,33.849785193858395
2023-12-01 08:42:14,7.550811401875652,33.58679165397721
2023-12-01 08:42:15,9.972303009341353,36.92739621093061
2023-12-01 08:42:16,2.9250856041017643,30.838624400935874
2023-12-01 08:42:17,9.372280308587854,35.91816876513148
2023-12-01 08:42:18,5.6800085870995165,37.28226578866828
2023-12-01 08:42:19,1.8813011256225423,34.78095118664378
2023-12-01 08:42:20,4.385018156178314,32.19561118832428
2023-12-01 08:42:21,6.1603693189446505,32.98000191384604
2023-12-01 08:42:22,4.39587331178592,41.71276963995156
2023-12-01 08:42:23,2.337558555236418,36.57384389359155
2023-12-01 08:42:24,3.6952377132626033,31.781812087652014
2023-12-01 08:42:25,8.338177159528808,35.754274221021866
2023-12-01 08:42:26,5.2109055683682,26.19872718201156
2023-12-01 08:42:27,5.1857962212488395,38.064790999291894
2023-12-01 08:42:28,6.3989997136537164,38.695097936061615
2023-12-01 08:42:29,5.206948319171399,25.657983470501705
2023-12-01 08:42:30,3.043594673596279,41.05388563709505
2023-12-01 08:42:31,8.175211329570292,41.26759516990759
2023-12-01 08:42:32,6.059442953488805,28.560113412519307
2023-12-01 08:42:33,2.2080961556041996,35.77759153407846
2023-12-01 08:42:34,38.36931327584675,77.89692992300846
2023-12-01 08:42:35,42.42176622911914,72.07009852168463
2023-12-01 08:42:36,5.531030038273988,38.999278988854186
2023-12-01 08:42:37,4.840667165651664,29.273340301626202
2023-12-01 08:42:38,8.305399920652738,43.0584638282248
2023-12-01 08:42:39,6.416925694708385,34.341357629318765
2023-12-01 08:42:40,2.200849391344606,33.42549051276258
2023-12-01 08:42:41,4.782389746906908,27.4365451894227
2023-12-01 08:42:42,5.130065625927733,41.562493973490916
2023-12-01 08:42:43,6.775089828134279,36.20574149032545
2023-12-01 08:42:44,3.206531748690367,37.03512913619047
2023-12-01 08:42:45,2.269576603989007,31.38627981065803
2023-12-01 08:42:46,4.773720147392398,36.1665130839811
2023-12-01 08:42:47,3.098884736564826,33.36910717081503
2023-12-01 08:42:48,4.775278470385121,29.661161604044942
2023-12-01 08:42:49,3.6993345004464873,33.604349888825475
2023-12-01 08:42:50,4.815218249868806,37.64608521161089
2023-12-01 08:42:51,5.390719330704161,39.44743532587054
2023-12-01 08:42:52,5.562984712930961,32.757145901194534
2023-12-01 08:42:53,6.834235131776937,29.546625698085652
2023-12-01 08:42:54,0.21154971802126799,35.901940444457196
2023-12-01 08:42:55,6.164685468491598,39.81684404764583
2023-12-01 08:42:56,4.344195730237975,33.857788273854965
2023-12-01 08:42:57,5.084476880388355,34.431661485318
2023-12-01 08:42:58,2.8352581288068803,31.87060870187765
2023-12-01 08:42:59,6.390215254143723,36.57029863747894
2023-12-01 08:43:00,4.639819726715604,27.515741201352217
2023-12-01 08:43:01,6.022773578340312,24.536905709385792
2023-12-01 08:43:02,10.746152979379996,23.55092231784051
2023-12-01 08:43:03,5.087512031349911,39.368534920929434
2023-12-01 08:43:04,6.0634042755998605,33.064551780586825
2023-12-01 08:43:05,6.633571266556963,27.692158154604144
2023-12-01 08:43:06,4.54711597464465,36.73515563991119
2023-12-01 08:43:07,2.4058103000469786,35.33067811881206
2023-12-01 08:43:08,2.1496751612576968,30.76331033020838
2023-12-01 08:43:09,6.149151462793409,36.38052945560144
2023-12-01 08:43:10,8.218711860872787,22.774065050997798
2023-12-01 08:43:11,3.4059659929724035,37.63360527106216
2023-12-01 08:43:12,7.82590011177239,36.40577750358404
2023-12-01 08:43:13,4.16368468348716,36.12749515700603
2023-12-01 08:43:14,6.286601256969201,27.0606306725959
2023-12-01 08:43:15,5.1336119884996565,36.73942069573045
2023-12-01 08:43:16,1.4162630157501281,38.7396394821295
2023-12-01 08:43:17,9.099820982560033,36.55622173623932
2023-12-01 08:43:18,,
2023-12-01 08:43:19,,
2023-12-01 08:43:20,,
2023-12-01 08:43:21,,
2023-12-01 08:43:22,,
2023-12-01 08:43:23,,
2023-12-01 08:43:24,,
2023-12-01 08:43:25,4.4322206423445305,42.0625385153165
2023-12-01 08:43:26,3.9931546751935683,32.88239852312639
2023-12-01 08:43:27,3.9229220658348636,38.11700767018936
2023-12-01 08:43:28,6.159102623350831,35.70740295484214
2023-12-01 08:43:29,7.543452317817104,35.83607924273869
2023-12-01 08:43:30,2.8150315077230714,38.2502085038785
2023-12-01 08:43:31,11.266084243788406,30.06659395377027
2023-12-01 08:43:32,3.945954177073502,39.37167077043211
2023-12-01 08:43:33,10.25684326081127,42.996783408552716
2023-12-01 08:43:34,5.946126127822274,31.425549621402734
2023-12-01 08:43:35,3.8483666109521613,29.763295845935687
2023-12-01 08:43:36,4.371589450704653,35.679631579343344
2023-12-01 08:43:37,5.9241552865677125,42.385246781661536
2023-12-01 08:43:38,10.631014902878734,30.372082716192253
2023-12-01 08:43:39,0.44691449955480866,36.69949128318203
2023-12-01 08:43:40,3.8757869706017187,33.98338743922501
2023-12-01 08:43:41,6.40963644950407,42.28271700953987
2023-12-01 08:43:42,6.263138321400284,36.47344554232432
2023-12-01 08:43:43,5.925346279421727,37.496346230410296
2023-12-01 08:43:44,2.6119303425299756,34.78906650878616
2023-12-01 08:43:45,6.6439517537991915,37.70200541563513
2023-12-01 08:43:46,2.366364208626777,34.95887511270837
2023-12-01 08:43:47,6.56790701612478,40.87004291563994
2023-12-01 08:43:48,7.469803883359164,28.06845855693362
2023-12-01 08:43:49,5.951348574796355,29.258088982844523
2023-12-01 08:43:50,6.511792828548469,41.24060994162029
2023-12-01 08:43:51,2.937589003381052,39.4135746463385
2023-12-01 08:43:52,3.221654320530419,20.44364070001154
2023-12-01 08:43:53,5.876067816824714,35.13219756197533
2023-12-01 08:43:54,5.371880782136421,35.27138027054025
2023-12-01 08:43:55,6.694877991262066,32.93933350825691
2023-12-01 08:43:56,2.8627714729183986,38.737368169707466
2023-12-01 08:43:57,4.889654574904218,32.29832984691981
2023-12-01 08:43:58,3.3954808974971398,21.225503971493964
2023-12-01 08:43:59,1.6482133562586436,36.51471325067699
2023-12-01 08:44:00,5.612632455577216,30.020179461168993
2023-12-01 08:44:01,4.04952838242239,36.76008430224905
2023-12-01 08:44:02,4.438520920817676,29.534479433275216
2023-12-01 08:44:03,46.847382260181774,75.46679868777196
2023-12-01 08:44:04,49.72396481324557,81.14233382022024
2023-12-01 08:44:05,2.9429404520782585,32.667286014737
2023-12-01 08:44:06,4.229108696802325,36.564465511365924
2023-12-01 08:44:07,4.705539121333567,29.998764431837337
2023-12-01 08:44:08,4.303879329457869,31.100498886167152
2023-12-01 08:44:09,7.320010213170252,41.8472958645007
2023-12-01 08:44:10,3.7352128017439514,37.21496240302285
2023-12-01 08:44:11,7.617520708486609,37.54810506966361
2023-12-01 08:44:12,6.428861013983503,35.70592692023998
2023-12-01 08:44:13,5.48022456953674,39.06218717284288
2023-12-01 08:44:14,1.8569577455801825,36.80662106422616
2023-12-01 08:44:15,4.7007213296360915,31.584727217487544
2023-12-01 08:44:16,8.731101205948299,31.649799469932933
2023-12-01 08:44:17,10.717309618543943,29.264296223909767
2023-12-01 08:44:18,5.746520588690236,39.291298881616335
2023-12-01 08:44:19,4.57851088838302,33.833998056637604
2023-12-01 08:44:20,5.128801392935726,32.19225099164844
2023-12-01 08:44:21,5.10628940559781,39.85344486085769
2023-12-01 08:44:22,6.308812843153569,31.889018408778327
2023-12-01 08:44:23,8.28341352350113,42.68271554397987
2023-12-01 08:44:24,3.9283182988613037,34.6948863560343
2023-12-01 08:44:25,8.85132698175453,33.49894800896806
2023-12-01 08:44:26,6.312879620070341,37.17639070544161
2023-12-01 08:44:27,4.612698139828196,25.551664723703574
2023-12-01 08:44:28,2.9584428363097985,36.63388778068141
2023-12-01 08:44:29,6.032137887818326,39.044572058616815
2023-12-01 08:44:30,5.07563327454858,37.30180219311903
2023-12-01 08:44:31,6.429329561702224,33.2597104804327
2023-12-01 08:44:32,2.5593811701407687,27.05012944739114
2023-12-01 08:44:33,3.3816436259469436,32.96245585993063
2023-12-01 08:44:34,5.610665898200009,32.511451394686326
2023-12-01 08:44:35,4.460875814991479,40.055709939953545
2023-12-01 08:44:36,5.57901790186027,35.199604494403914
2023-12-01 08:44:37,2.98464627201877,42.4980541271578
2023-12-01 08:44:38,3.5569470087013775,31.291904292605363
2023-12-01 08:44:39,2.7253026284216206,36.33255147420638
2023-12-01 08:44:40,2.745937850988844,29.951416283411582
2023-12-01 08:44:41,4.052622173541646,32.575347902806
2023-12-01 08:44:42,5.975789964363051,29.36005859278707
2023-12-01 08:44:43,5.627527646148994,40.309251296116784
2023-12-01 08:44:44,1.1254754275709433,35.551964501454954
2023-12-01 08:44:45,6.045275340107413,26.138692820222186
2023-12-01 08:44:46,4.29539014473372,38.46878941069723
2023-12-01 08:44:47,3.2324285895680047,28.205601154322824
2023-12-01 08:44:48,2.0005351799695914,32.22518746039041
2023-12-01 08:44:49,8.154720903556306,28.34874557714171
2023-12-01 08:44:50,6.762338774253871,24.985527962269675
2023-12-01 08:44:51,2.9742352543349355,35.009290363736845
2023-12-01 08:44:52,4.055007367203741,37.804204811964105
2023-12-01 08:44:53,1.5961062919392797,19.29581085586532
2023-12-01 08:44:54,4.256361538754651,42.40096253621355
2023-12-01 08:44:55,6.592241383948999,32.85550657444599
2023-12-01 08:44:56,4.299649590717342,28.72561473448905
2023-12-01 08:44:57,4.822135391758419,38.65454484470614
2023-12-01 08:44:58,4.2651224416825935,34.48225546040145
2023-12-01 08:44:59,7.898437491526241,29.871737935402024
2023-12-01 08:45:00,5.719002127421866,35.713473487861684
2023-12-01 08:45:01,3.361850973619103,29.258409824294972
2023-12-01 08:45:02,6.51917090805531,37.96638160770391
2023-12-01 08:45:03,6.609617964282707,28.82711932921078
2023-12-01 08:45:04,4.712522246948468,24.717960326686615
2023-12-01 08:45:05,8.215814802112666,42.01409248009511
2023-12-01 08:45:06,6.593607377274844,25.37392858298264
2023-12-01 08:45:07,4.116766135614406,41.211873210993666
2023-12-01 08:45:08,4.596717498669245,27.364907483253912
2023-12-01 08:45:09,4.808349802544602,35.93692409827473
2023-12-01 08:45:10,2.630376415537703,40.793387339211314
2023-12-01 08:45:11,7.857914257660839,35.119645429591756
2023-12-01 08:45:12,2.620865558255064,41.345981259534746
2023-12-01 08:45:13,3.755079661696269,25.646952598523733
2023-12-01 08:45:14,4.125970661908959,27.13867125756326
2023-12-01 08:45:15,5.374742294717954,38.212526748590236
2023-12-01 08:45:16,4.352941015772743,30.652015212854504
2023-12-01 08:45:17,8.968107243097888,27.56953439072942
2023-12-01 08:45:18,4.578330979542415,30.96041190451554
2023-12-01 08:45:19,0.47122337277663906,30.58643212954324
2023-12-01 08:45:20,6.28810579103372,35.560434524324634
2023-12-01 08:45:21,9.828713563556857,31.054952764035065
2023-12-01 08:45:22,5.9474302471067375,35.13560546038573
2023-12-01 08:45:23,6.568802646402023,35.804585117074076
2023-12-01 08:45:24,6.568211293375538,42.39073716482875
2023-12-01 08:45:25,1.1003225652329096,35.645032964904416
2023-12-01 08:45:26,6.760582390223969,31.38722111848223
2023-12-01 08:45:27,3.280459264481523,42.46970346818633
2023-12-01 08:45:28,5.113149377733464,36.40245501310251
2023-12-01 08:45:29,5.13158312081343,36.06689601676476
2023-12-01 08:45:30,6.823962235984377,40.86906102970295
2023-12-01 08:45:31,6.879940196771322,37.67911941815264
2023-12-01 08:45:32,2.6721414585550463,36.74918384975252
2023-12-01 08:45:33,6.384305186203334,41.04557530229317
2023-12-01 08:45:34,2.8029337032943795,33.11488225902946
2023-12-01 08:45:35,2.3449904941119075,43.22674241673797
2023-12-01 08:45:36,4.207449554836645,36.32270002626066
2023-12-01 08:45:37,7.436092645388866,46.40751057209506
2023-12-01 08:45:38,-0.7635163770791005,28.787667427464868
2023-12-01 08:45:39,6.3216193426295995,34.826115200401894
2023-12-01 08:45:40,4.268437541542197,29.36411787351924
2023-12-01 08:45:41,5.670802863970667,29.25540416405065
2023-12-01 08:45:42,4.048606684686048,26.78317899423163
2023-12-01 08:45:43,4.292410150362006,38.76478063904093
2023-12-01 08:45:44,4.211932637995009,34.26897868205883
2023-12-01 08:45:45,3.4225651644136423,38.78637188855826
2023-12-01 08:45:46,4.164460264575969,35.35752435542449
2023-12-01 08:45:47,7.973340162645103,27.726125795607565
2023-12-01 08:45:48,4.251116726124863,26.91335983578083
2023-12-01 08:45:49,6.049215599004687,38.61850639702016
2023-12-01 08:45:50,4.442919243755308,32.15531754924431
2023-12-01 08:45:51,5.441546889878287,37.992408338312764
2023-12-01 08:45:52,4.168082436058407,35.33379604399239
2023-12-01 08:45:53,46.54631019556476,66.74679557956397
2023-12-01 08:45:54,5.765182303933163,32.20926009669113
2023-12-01 08:45:55,4.723685579451349,38.23600086936059
2023-12-01 08:45:56,4.074733553606153,41.76242933313412
2023-12-01 08:45:57,3.4827843626891832,33.7760134758232
2023-12-01 08:45:58,5.611667733011815,37.54531856579539
2023-12-01 08:45:59,1.9260942287783225,23.671952383955976
2023-12-01 08:46:00,8.159489765066327,40.01884931162941
2023-12-01 08:46:01,45.927555383884375,63.32241078494586
2023-12-01 08:46:02,52.63968571667619,70.63022651818532
2023-12-01 08:46:03,47.113376847060366,66.03352647207441
2023-12-01 08:46:04,41.28854441270184,55.96635825142939
2023-12-01 08:46:05,41.966333520317306,68.82770461637865
2023-12-01 08:46:06,47.66419502798398,61.2521814182162
2023-12-01 08:46:07,35.541322854202164,67.45078902380214
2023-12-01 08:46:08,46.12638515111131,68.42561420790254
2023-12-01 08:46:09,52.72978714283422,63.134385688609306
2023-12-01 08:46:10,36.80978044480194,67.83329411961243
2023-12-01 08:46:11,33.545502539825286,68.75528583128093
2023-12-01 08:46:12,51.15665318559853,61.30949817815159
2023-12-01 08:46:13,44.51839658811279,66.77149061531549
2023-12-01 08:46:14,34.245559296734676,64.02768270709562
2023-12-01 08:46:15,51.11562616323355,66.42247892744695
2023-12-01 08:46:16,46.40449035172312,63.40958899381641
2023-12-01 08:46:17,44.34805277891034,70.62935342139497
2023-12-01 08:46:18,38.08068431958641,65.25353089639259
2023-12-01 08:46:19,47.50175562400318,62.23767114511098
2023-12-01 08:46:20,35.01181524716749,62.794808900344016
2023-12-01 08:46:21,42.83055047232109,63.7588346852021
2023-12-01 08:46:22,53.25724421649025,60.344659679078916
2023-12-01 08:46:23,51.46566439484071,77.99869537208531
2023-12-01 08:46:24,58.06951511846134,69.11202333184673
2023-12-01 08:46:25,43.935945442859484,71.4514317374681
2023-12-01 08:46:26,48.08168022230949,69.7310805692855
2023-12-01 08:46:27,36.484624917098444,70.82683731033873
2023-12-01 08:46:28,41.35789711801893,67.2926345725058
2023-12-01 08:46:29,5.584145433806214,36.10520936141875
2023-12-01 08:46:30,3.1953944946939155,35.75977457241026
2023-12-01 08:46:31,6.114189015504218,37.89611876373317
2023-12-01 08:46:32,0.9238754014845298,33.47598968956543
2023-12-01 08:46:33,3.1751770052742745,28.83751785389588
2023-12-01 08:46:34,5.651415961622101,24.506838491330996
2023-12-01 08:46:35,4.310229863131233,43.11422703020396
2023-12-01 08:46:36,7.369355834393755,40.42081953679452
2023-12-01 08:46:37,6.3412513186438355,39.0580533069021
2023-12-01 08:46:38,9.27301320634276,39.03800036817656
2023-12-01 08:46:39,3.0408833012253176,38.82162602533424
2023-12-01 08:46:40,3.521494357636464,37.19579104829215
2023-12-01 08:46:41,8.696482536624195,38.55187154154137
2023-12-01 08:46:42,2.7343261125902605,33.58403711057741
2023-12-01 08:46:43,2.934171236384678,32.42098266265466
2023-12-01 08:46:44,5.834963926423164,36.57325392294561
2023-12-01 08:46:45,5.81292378962326,36.72502564280585
2023-12-01 08:46:46,7.006740942265929,43.81000065233478
2023-12-01 08:46:47,2.1728814052867076,27.6650225881414
2023-12-01 08:46:48,3.792564449566645,26.708724117698097
2023-12-01 08:46:49,2.3362732707813403,39.6927791887578
2023-12-01 08:46:50,3.4333272530078016,39.42147387073541
2023-12-01 08:46:51,3.5138798065379255,43.190958811790395
2023-12-01 08:46:52,6.38322018687599,26.86035717917745
2023-12-01 08:46:53,7.251019170047993,32.71466868318882
2023-12-01 08:46:54,4.857510962040888,35.74725870579675
2023-12-01 08:46:55,6.167222785157568,28.153806583427077
2023-12-01 08:46:56,7.418565733694882,28.104291483739743
2023-12-01 08:46:57,6.083075038108561,37.53575511871412
2023-12-01 08:46:58,3.595003845016648,33.37533602697596
2023-12-01 08:46:59,3.725792780958483,32.312183228047274
2023-12-01 08:47:00,4.147691542073321,36.20654748352359
2023-12-01 08:47:01,3.505716063620949,38.65805553110568
2023-12-01 08:47:02,5.825282258717793,36.608096441458855
2023-12-01 08:47:03,6.546558827012451,35.93687589019548
2023-12-01 08:47:04,5.935104898144993,29.620671464434167
2023-12-01 08:47:05,3.2863735183864176,38.58041172375265
2023-12-01 08:47:06,6.834500540888865,26.970268343111776
2023-12-01 08:47:07,6.225307232806068,32.98380511490458
2023-12-01 08:47:08,6.249198137365111,38.623343685837455
2023-12-01 08:47:09,3.324930326238086,36.42889951751564
2023-12-01 08:47:10,7.247281480349027,35.86164977378349
2023-12-01 08:47:11,3.1757084522315973,35.88386060534225
2023-12-01 08:47:12,7.151116990924184,25.903593045850123
2023-12-01 08:47:13,1.360280136150462,43.947438195368484
2023-12-01 08:47:14,1.6126464601540116,42.614625774375355
2023-12-01 08:47:15,6.858515704144985,34.51891419397038
2023-12-01 08:47:16,7.824687293753689,40.214507635884964
2023-12-01 08:47:17,8.060232297612766,37.189481032729944
2023-12-01 08:47:18,2.878848489295548,41.10164274809896
2023-12-01 08:47:19,4.63480000704903,37.2776107576617
2023-12-01 08:47:20,2.805002176734693,29.191425508330546
2023-12-01 08:47:21,5.0314246213703315,37.61140873611628
2023-12-01 08:47:22,4.057855308803309,37.48721147854908
2023-12-01 08:47:23,8.10774781780533,32.06672250103683
2023-12-01 08:47:24,3.515655985915386,27.97395731662999
2023-12-01 08:47:25,1.3101993830532965,30.201209059062784
2023-12-01 08:47:26,7.54507387986,24.13260652114122
2023-12-01 08:47:27,6.209067304612144,32.2283560910125
2023-12-01 08:47:28,7.798875619842065,35.398779722001954
2023-12-01 08:47:29,4.281399370148536,40.048897956118395
2023-12-01 08:47:30,6.773787585659441,34.903205769657404
2023-12-01 08:47:31,5.9008440460150835,36.182589527901804
2023-12-01 08:47:32,7.504981429090582,40.798298205320414
2023-12-01 08:47:33,5.432136534693228,34.19483335138682
2023-12-01 08:47:34,6.021129281451606,36.771829402572045
2023-12-01 08:47:35,5.219894595802761,43.699922229175
2023-12-01 08:47:36,6.486107327216951,30.31351195209715
2023-12-01 08:47:37,6.843741864192296,27.193196452717707
2023-12-01 08:47:38,4.979023655422092,31.52791637856371
2023-12-01 08:47:39,4.663677705861282,30.63130721670726
2023-12-01 08:47:40,5.762090005117406,45.701758925447415
2023-12-01 08:47:41,5.2311896082363285,35.983953476245084
2023-12-01 08:47:42,3.143872959670131,40.21796719749954
2023-12-01 08:47:43,5.893578303210292,40.14987522229442
2023-12-01 08:47:44,3.437446679629594,33.86210820045862
2023-12-01 08:47:45,2.2046340123274533,35.98432838961023
2023-12-01 08:47:46,3.4268107128792,28.71691010028331
2023-12-01 08:47:47,5.913948719031406,30.695709301992185
2023-12-01 08:47:48,5.124599592243654,41.186485003948945
2023-12-01 08:47:49,5.212943076810371,33.598899448212876
2023-12-01 08:47:50,0.19625024725102946,33.31420312830293
2023-12-01 08:47:51,5.828130232379797,36.36148194242923
2023-12-01 08:47:52,7.155039396189254,22.99426179873203
2023-12-01 08:47:53,5.2067168152411085,36.103431248953314
2023-12-01 08:47:54,6.278512239284109,30.451666489462703
2023-12-01 08:47:55,4.543742746109715,32.792387874939614
2023-12-01 08:47:56,48.479588607278075,76.80891715392616
2023-12-01 08:47:57,4.186830967160082,31.675245947500095
2023-12-01 08:47:58,4.980962554130516,32.670350051526086
2023-12-01 08:47:59,-0.603773908124758,43.018818521987626
2023-12-01 08:48:00,3.1089363757719806,36.75286014846406
2023-12-01 08:48:01,5.953723208230922,36.60739677803566
2023-12-01 08:48:02,8.870001537329808,31.98128653375896
2023-12-01 08:48:03,5.172683080140468,39.18344056556041
2023-12-01 08:48:04,7.25431136335591,27.110082888737846
2023-12-01 08:48:05,5.7196242986738355,29.836183688601423
2023-12-01 08:48:06,5.021765397422996,38.77646764473166
2023-12-01 08:48:07,3.918157206284368,26.969245107269753
2023-12-01 08:48:08,4.98535735547329,26.49062433808423
2023-12-01 08:48:09,5.604590757886626,37.2949367216426
2023-12-01 08:48:10,9.97169145729373,35.97244681887898
2023-12-01 08:48:11,5.878985198840537,35.88650930623869
2023-12-01 08:48:12,3.678828649138013,31.941526550796763
2023-12-01 08:48:13,2.920976104504763,42.78695483989511
2023-12-01 08:48:14,4.832339796823565,36.82957759541487
2023-12-01 08:48:15,5.149858664584421,38.78244514294538
2023-12-01 08:48:16,5.895559219004287,36.54833061868356
2023-12-01 08:48:17,5.353266895145362,40.67294854889348
2023-12-01 08:48:18,4.536816859177186,31.125070413757093
2023-12-01 08:48:19,5.410229409832294,41.7620978155331
2023-12-01 08:48:20,3.145965267025174,31.050250989879224
2023-12-01 08:48:21,5.596998194194468,29.12635679544146
2023-12-01 08:48:22,6.768134817298154,31.676238943389038
2023-12-01 08:48:23,7.446300527686601,34.59395800538277
2023-12-01 08:48:24,2.712485281660263,35.202202249732515
2023-12-01 08:48:25,5.008800863639049,40.09622513882678
2023-12-01 08:48:26,3.9852514220673445,38.938536458923856
2023-12-01 08:48:27,49.75956529780567,64.61792814418882
2023-12-01 08:48:28,36.73552424508334,71.05122638081353
2023-12-01 08:48:29,5.991445783852033,29.777886393903806
2023-12-01 08:48:30,,
2023-12-01 08:48:31,,
2023-12-01 08:48:32,,
2023-12-01 08:48:33,,
2023-12-01 08:48:34,,
2023-12-01 08:48:35,,
2023-12-01 08:48:36,2.114465276083545,36.84009037381587
2023-12-01 08:48:37,5.207631974140268,34.57865102626557
2023-12-01 08:48:38,4.549187512832887,35.28980097424043
2023-12-01 08:48:39,5.6363022526158195,40.56334061742976
2023-12-01 08:48:40,4.9212990330783875,42.73291437945733
2023-12-01 08:48:41,4.441633594919724,33.04437826005548
2023-12-01 08:48:42,3.6152588686679197,29.60946698170777
2023-12-01 08:48:43,4.231285804290405,37.07382831034518
2023-12-01 08:48:44,4.693018182216069,36.012231820234845
2023-12-01 08:48:45,1.8946984265049878,36.924656420316
2023-12-01 08:48:46,6.640414149640529,31.474768868836698
2023-12-01 08:48:47,8.156918488284196,41.91049781056576
2023-12-01 08:48:48,3.3688061850129376,30.57950210014844
2023-12-01 08:48:49,6.357100805342618,40.04245729989595
2023-12-01 08:48:50,4.893098828652185,36.995921147611355
2023-12-01 08:48:51,1.6833214745335252,38.79824612497043
2023-12-01 08:48:52,3.926930877385295,31.68170885494682
2023-12-01 08:48:53,1.6181358489809887,38.3917857548209
2023-12-01 08:48:54,1.8748016086387658,25.94365963407823
2023-12-01 08:48:55,6.769340862693718,39.3852745740144
2023-12-01 08:48:56,4.937953781359072,38.27594001847201
2023-12-01 08:48:57,6.646409126781995,33.60896565343459
2023-12-01 08:48:58,6.461162003792221,35.936039434893004
2023-12-01 08:48:59,5.435962932363907,39.61637809840087
2023-12-01 08:49:00,6.889967411291041,37.42960133608487
2023-12-01 08:49:01,5.634458542877813,40.213240512154506
2023-12-01 08:49:02,4.0842609800668574,35.62330630649546
2023-12-01 08:49:03,6.883294921832797,41.952302327938185
2023-12-01 08:49:04,6.267042631093471,36.72310599026713
2023-12-01 08:49:05,2.0189741444685367,34.845175878183376
2023-12-01 08:49:06,3.657046739450788,29.257095786736112
2023-12-01 08:49:07,3.3998834464262497,31.08725272439325
2023-12-01 08:49:08,4.7970077075931705,32.43048063234853
2023-12-01 08:49:09,3.2973411492568037,40.92541889031844
2023-12-01 08:49:10,7.029709559038457,25.703397715867325
2023-12-01 08:49:11,3.0102226489408377,38.17528493263258
2023-12-01 08:49:12,7.87940231425233,36.1680189558398
2023-12-01 08:49:13,4.361984418975779,34.327444744684406
2023-12-01 08:49:14,6.286099735233511,31.929085372802916
2023-12-01 08:49:15,1.6355390563383878,37.09938589089152
2023-12-01 08:49:16,4.610518579462313,34.63331933230674
2023-12-01 08:49:17,3.6726483483366783,41.35527497501335
2023-12-01 08:49:18,2.1466973092869135,42.70429602624783
2023-12-01 08:49:19,4.407368755482771,24.541818155208695
2023-12-01 08:49:20,7.690712744193037,39.4815232821824
2023-12-01 08:49:21,3.6686832546968837,36.719028757067065
2023-12-01 08:49:22,4.820535677637613,32.936695798689584
2023-12-01 08:49:23,7.043386416540631,36.18214710782191
2023-12-01 08:49:24,,
2023-12-01 08:49:25,,
2023-12-01 08:49:26,,
2023-12-01 08:49:27,,
2023-12-01 08:49:28,6.23459792536662,32.98044918033793
2023-12-01 08:49:29,4.544797740292319,31.073033854965527
2023-12-01 08:49:30,3.2030951670645758,38.681178703375025
2023-12-01 08:49:31,51.74889881121143,72.34305259807607
2023-12-01 08:49:32,6.007163920646158,28.45173067833727
2023-12-01 08:49:33,6.489571392375337,31.961929460763937
2023-12-01 08:49:34,4.265522592185125,37.97025078323473
2023-12-01 08:49:35,3.229788228356492,24.091186748099073
2023-12-01 08:49:36,0.6804738276924995,39.465083687749264
2023-12-01 08:49:37,3.567778175321058,34.19091961828619
2023-12-01 08:49:38,5.0708592002767965,33.53963524664457
2023-12-01 08:49:39,3.0163914440927275,33.95684959468581
2023-12-01 08:49:40,4.122720091684643,34.10182002878817
2023-12-01 08:49:41,,
2023-12-01 08:49:42,,
2023-12-01 08:49:43,,
2023-12-01 08:49:44,,
2023-12-01 08:49:45,,
2023-12-01 08:49:46,,
2023-12-01 08:49:47,,
2023-12-01 08:49:48,,
2023-12-01 08:49:49,,
2023-12-01 08:49:50,6.430772784808685,41.93312789428255
2023-12-01 08:49:51,4.345284663037908,35.46837812821537
2023-12-01 08:49:52,4.202329780777577,29.60904962754613
2023-12-01 08:49:53,3.9091561576358234,24.45261561088013
2023-12-01 08:49:54,8.983299235930893,35.54311903873396
2023-12-01 08:49:55,2.843864264698873,45.772111983742484
2023-12-01 08:49:56,4.0243438445669835,39.79326451063112
2023-12-01 08:49:57,6.869701066675396,35.26128195132051
2023-12-01 08:49:58,6.498224625876682,42.69630565208226
2023-12-01 08:49:59,7.416461257934804,39.197236177723404
2023-12-01 08:50:00,2.567802812455769,33.21609599235579
2023-12-01 08:50:01,5.81850931492038,39.82848129913626
2023-12-01 08:50:02,5.202523307443707,34.91644897483737
2023-12-01 08:50:03,1.2078629758639332,34.28483176808971
2023-12-01 08:50:04,5.426203953415941,34.430950508125754
2023-12-01 08:50:05,4.483319912614047,29.49410743290913
2023-12-01 08:50:06,3.7688090171498345,28.919423228825003
2023-12-01 08:50:07,5.061141554902226,34.70262866437043
2023-12-01 08:50:08,6.625711942444196,29.756693772232147
2023-12-01 08:50:09,6.943141649685344,36.04594777184489
2023-12-01 08:50:10,6.785099178559941,41.157087257684516
2023-12-01 08:50:11,7.735021478481446,31.377314332585915
2023-12-01 08:50:12,5.592771324693744,31.675318867191837
2023-12-01 08:50:13,6.007800179030403,36.0783776978982
2023-12-01 08:50:14,4.672787665500778,31.441067192148115
2023-12-01 08:50:15,7.103519471113705,44.359630637102214
2023-12-01 08:50:16,7.99568708903117,30.444340032388407
2023-12-01 08:50:17,10.876537556317075,26.045532851911112
2023-12-01 08:50:18,3.668171592868491,29.164983584106114
2023-12-01 08:50:19,4.323056862015083,38.709887369925006
2023-12-01 08:50:20,4.586224746691586,29.7435429297105
2023-12-01 08:50:21,3.4863331096487906,35.79419226571544
2023-12-01 08:50:22,6.175216287744176,42.87497240384327
2023-12-01 08:50:23,9.312869672979126,33.57194002263644
2023-12-01 08:50:24,2.928719121943941,31.92412647126458
2023-12-01 08:50:25,5.446833524486935,31.139434334115155
2023-12-01 08:50:26,3.6050822568766234,33.449203624729215
2023-12-01 08:50:27,7.668222987887583,41.01349813292257
2023-12-01 08:50:28,4.065072664650637,38.77642480073744
2023-12-01 08:50:29,4.7628433779928985,35.82656249355891
2023-12-01 08:50:30,5.576434648030804,35.61344240388446
2023-12-01 08:50:31,4.937083557298393,37.15252668689831
2023-12-01 08:50:32,5.732463541995374,24.261384109470626
2023-12-01 08:50:33,4.123181580102764,37.30827991927184
2023-12-01 08:50:34,7.610066751464268,25.69557166966417
2023-12-01 08:50:35,1.298253827258094,33.10239781334546
2023-12-01 08:50:36,5.580334755159062,27.95103717709834
2023-12-01 08:50:37,2.525942486947573,26.320776014254164
2023-12-01 08:50:38,6.623546587514378,41.33365476138739
2023-12-01 08:50:39,,
2023-12-01 08:50:40,,
2023-12-01 08:50:41,,
2023-12-01 08:50:42,,
2023-12-01 08:50:43,5.638346401502502,32.44929665552145
2023-12-01 08:50:44,4.455711475656152,26.126985561062654
2023-12-01 08:50:45,5.312858723035915,39.063575206650775
2023-12-01 08:50:46,2.804728988545396,33.68660654402637
2023-12-01 08:50:47,4.454369512782144,38.76080568366338
2023-12-01 08:50:48,6.0639895094476035,32.51838421113377
2023-12-01 08:50:49,7.644315968077223,34.7748483609769
2023-12-01 08:50:50,5.618938811430206,41.38666231908376
2023-12-01 08:50:51,7.0002803935700575,28.364402651686447
2023-12-01 08:50:52,4.304752096889729,42.63266958465541
2023-12-01 08:50:53,3.2416009165612882,38.21531816817726
2023-12-01 08:50:54,,
2023-12-01 08:50:55,,
2023-12-01 08:50:56,,
2023-12-01 08:50:57,,
2023-12-01 08:50:58,,
2023-12-01 08:50:59,,
2023-12-01 08:51:00,,
2023-12-01 08:51:01,,
2023-12-01 08:51:02,,
2023-12-01 08:51:03,,
2023-12-01 08:51:04,,
2023-12-01 08:51:05,3.986350120945297,37.19535718413263
2023-12-01 08:51:06,6.9102953623494585,42.29242296726005
2023-12-01 08:51:07,3.05205233210821,24.332106131314546
2023-12-01 08:51:08,4.568678568724069,41.39878192593918
2023-12-01 08:51:09,8.23721778462596,29.219512028836125
2023-12-01 08:51:10,2.7662278671684732,32.26622517940518
2023-12-01 08:51:11,8.914458083005973,41.516030410813016
2023-12-01 08:51:12,5.587492473819387,36.78544250030907
2023-12-01 08:51:13,5.986243630307157,31.649697322721465
2023-12-01 08:51:14,4.5795355647960365,39.53105001235873
2023-12-01 08:51:15,6.55676730525198,35.302552408824276
2023-12-01 08:51:16,7.504410183308083,32.56886990605936
2023-12-01 08:51:17,7.81049262524778,34.35834171182704
2023-12-01 08:51:18,7.8620071189864955,40.091939272823915
2023-12-01 08:51:19,6.489810637314786,34.85559373505264
2023-12-01 08:51:20,8.468450543711972,33.898718536230014
2023-12-01 08:51:21,6.086595455820516,35.01386736906482
2023-12-01 08:51:22,4.7199808203384634,25.72867341319874
2023-12-01 08:51:23,6.895472551104394,34.68229904428904
2023-12-01 08:51:24,4.978357788081706,42.22034438604691
2023-12-01 08:51:25,7.923702534172346,32.93811807653938
2023-12-01 08:51:26,3.816881374979655,34.439676455179416
2023-12-01 08:51:27,2.104110308355922,42.15747671632396
2023-12-01 08:51:28,5.160378091744852,36.3559917849086
2023-12-01 08:51:29,3.7914551143313284,28.377068732671553
2023-12-01 08:51:30,4.1710310867526275,47.17505834483806
2023-12-01 08:51:31,1.003180126303592,34.74899502280495
2023-12-01 08:51:32,43.89945564141365,66.88562359099613
2023-12-01 08:51:33,49.544626465057625,67.90548948669935
2023-12-01 08:51:34,5.715449277339183,30.33097238558001
2023-12-01 08:51:35,4.015629181239675,46.70864907503373
2023-12-01 08:51:36,4.130164025996017,34.02897765885184
2023-12-01 08:51:37,3.4267386218872473,32.71078950698579
2023-12-01 08:51:38,7.93436729568913,40.68675296410845
2023-12-01 08:51:39,6.671262401416062,36.11353974546262
2023-12-01 08:51:40,7.5472259403593105,28.711945264093515
2023-12-01 08:51:41,5.0163597950922725,33.91820874999836
2023-12-01 08:51:42,6.142411651070686,32.8778264974769
2023-12-01 08:51:43,6.020769962390551,35.68320291947845
2023-12-01 08:51:44,4.063254135408544,35.830292483441156
2023-12-01 08:51:45,3.050644969518568,39.11857689160708
2023-12-01 08:51:46,3.3541677854232503,36.702454800226946
2023-12-01 08:51:47,7.688067434054595,29.102140743473107
2023-12-01 08:51:48,3.8682545329813274,38.12410326137361
2023-12-01 08:51:49,2.9627331741034837,32.08287393932177
2023-12-01 08:51:50,47.85079067926989,68.83466744765946
2023-12-01 08:51:51,4.877439528438877,34.71534322760808
2023-12-01 08:51:52,1.8444026630160137,42.19851072738936
2023-12-01 08:51:53,5.306218961945694,33.71510435140902
2023-12-01 08:51:54,3.240061988280573,40.07073086719268
2023-12-01 08:51:55,3.9873244468088744,35.16957315831191
2023-12-01 08:51:56,6.27933437937476,35.12903053173203
2023-12-01 08:51:57,5.876768312484733,32.47402758976627
2023-12-01 08:51:58,6.188842907028611,29.132031394794968
2023-12-01 08:51:59,5.974516216550029,35.867356102792506
2023-12-01 08:52:00,3.716590602087841,26.245296260992617
2023-12-01 08:52:01,3.24220251679567,28.973439810551866
2023-12-01 08:52:02,3.385197002145608,37.67276937708652
2023-12-01 08:52:03,5.195418505774758,38.00755550670434
2023-12-01 08:52:04,2.6017152816873614,36.551684070972414
2023-12-01 08:52:05,3.2503285439988003,32.87023839456455
2023-12-01 08:52:06,4.8785228092410735,29.46698036780459
2023-12-01 08:52:07,7.423995482499774,30.81321921902332
2023-12-01 08:52:08,6.724664572222464,44.78299899987428
2023-12-01 08:52:09,4.914003270972917,32.73321611978745
2023-12-01 08:52:10,4.546350276219492,42.287321086721754
2023-12-01 08:52:11,3.2372755706256044,41.635359133997596
2023-12-01 08:52:12,4.8740151435434305,29.312189483894585
2023-12-01 08:52:13,4.716476538810672,32.44174719733682
2023-12-01 08:52:14,5.9284477130300735,31.323460103516013
2023-12-01 08:52:15,6.504019689246994,38.23199777980674
2023-12-01 08:52:16,1.7706543376652397,28.05184324846974
2023-12-01 08:52:17,9.487990594009585,33.17391664459189
2023-12-01 08:52:18,2.457009352620233,29.854840499613776
2023-12-01 08:52:19,4.357496227727942,40.79631265910439
2023-12-01 08:52:20,4.14695489708175,41.64988290119187
2023-12-01 08:52:21,4.613240138231605,36.50752972373253
2023-12-01 08:52:22,6.530758941207109,33.10697110888813
2023-12-01 08:52:23,2.4908190064014626,33.41394407794556
2023-12-01 08:52:24,6.895147271227349,38.27192433261972
2023-12-01 08:52:25,2.911349488998786,39.67680835021676
2023-12-01 08:52:26,5.574445655681443,37.63554617983653
2023-12-01 08:52:27,5.480152965800222,34.920558093513456
2023-12-01 08:52:28,5.762765929623164,34.66865912394738
2023-12-01 08:52:29,1.5349671807918672,37.84876894973138
2023-12-01 08:52:30,7.273737051283951,32.0117522638297
2023-12-01 08:52:31,5.249256749281225,27.219425891010204
2023-12-01 08:52:32,5.817171997962987,33.034658853700435
2023-12-01 08:52:33,5.104850080694107,44.520289610190595
2023-12-01 08:52:34,3.430536029481914,32.19648180276323
2023-12-01 08:52:35,5.452494066474235,36.31180016066194
2023-12-01 08:52:36,5.530792182808567,37.83401233295008
2023-12-01 08:52:37,5.58571980999416,27.744243577544804
2023-12-01 08:52:38,4.809890073161209,30.669595563158342
2023-12-01 08:52:39,4.297777433164005,38.44427985831968
2023-12-01 08:52:40,6.088115115901665,26.760047752043533
2023-12-01 08:52:41,4.668563149261913,37.08221942939196
2023-12-01 08:52:42,5.74555730165443,32.197372565632925
2023-12-01 08:52:43,6.452261178471634,36.97015908651339
2023-12-01 08:52:44,5.3438037446629405,37.71372684913289
2023-12-01 08:52:45,36.81767569712214,66.57613348754909
2023-12-01 08:52:46,38.925517174511455,74.00041834486645
2023-12-01 08:52:47,43.798141614487434,73.94278704858094
2023-12-01 08:52:48,3.8150148555530423,32.53764474857946
2023-12-01 08:52:49,4.778670116824102,38.52722416857331
2023-12-01 08:52:50,9.030488368972852,36.03817591832125
2023-12-01 08:52:51,7.053617037383532,34.88949479839449
2023-12-01 08:52:52,6.57985279014305,33.93036980665861
2023-12-01 08:52:53,7.717411011489013,29.509157759300322
2023-12-01 08:52:54,7.437486924740194,31.21044552200127
2023-12-01 08:52:55,4.814486123396364,38.6961340789851
2023-12-01 08:52:56,3.4504074133360225,28.530549720368704
2023-12-01 08:52:57,6.230176032095066,36.59194864550659
2023-12-01 08:52:58,3.087147029650332,30.738276756765423
2023-12-01 08:52:59,5.820255479195316,32.276215857911836
2023-12-01 08:53:00,5.096713458952252,28.704316182485798
2023-12-01 08:53:01,3.059085030633825,30.087502512859043
2023-12-01 08:53:02,2.8554977566791013,39.337242636742005
2023-12-01 08:53:03,4.1362221733831035,29.181412829379425
2023-12-01 08:53:04,4.8407768344053554,35.90765473634952
2023-12-01 08:53:05,7.448375127132128,32.27102731102317
2023-12-01 08:53:06,3.7506678022093505,35.11920248164574
2023-12-01 08:53:07,6.15193772194189,28.32874042846843
2023-12-01 08:53:08,5.552679786470454,37.013444324152445
2023-12-01 08:53:09,5.9075861246985175,31.757028448293273
2023-12-01 08:53:10,8.299064137829038,30.73007151470748
2023-12-01 08:53:11,9.514971710056884,27.61935426354245
2023-12-01 08:53:12,1.0471671112789895,33.81927778034985
2023-12-01 08:53:13,6.235033714194598,41.889210684647864
2023-12-01 08:53:14,4.243012726876088,36.2676999988678
2023-12-01 08:53:15,4.2110932138679065,36.403376451691614
2023-12-01 08:53:16,4.704228734889604,36.41473922993352
2023-12-01 08:53:17,5.839504412744386,34.47218893240594
2023-12-01 08:53:18,2.487374662831465,29.681844440977333
2023-12-01 08:53:19,5.537660146573502,39.45342259320015
2023-12-01 08:53:20,2.3910257683020077,25.169212278565144
2023-12-01 08:53:21,2.907412000819462,30.963134813411422
2023-12-01 08:53:22,4.4359096138169285,36.23281458442822
2023-12-01 08:53:23,44.88775052896785,62.76789441717416
2023-12-01 08:53:24,43.04244211823174,65.31978730875564
2023-12-01 08:53:25,48.64174566828282,74.78082909489117
2023-12-01 08:53:26,46.68430352983719,56.96115018216686
2023-12-01 08:53:27,45.92162752948878,65.13986195498445
2023-12-01 08:53:28,43.41180919189156,61.95875474698152
2023-12-01 08:53:29,43.314523154992486,70.47899678270659
2023-12-01 08:53:30,45.415406040570375,58.96907535666707
2023-12-01 08:53:31,34.41144063329949,62.49400279276716
2023-12-01 08:53:32,49.90120425336717,73.7279634653642
2023-12-01 08:53:33,,
2023-12-01 08:53:34,,
2023-12-01 08:53:35,,
2023-12-01 08:53:36,,
2023-12-01 08:53:37,,
2023-12-01 08:53:38,,
2023-12-01 08:53:39,,
2023-12-01 08:53:40,36.48552853215739,72.55869192914571
2023-12-01 08:53:41,52.210673845804536,71.94415102929712
2023-12-01 08:53:42,43.44195056011984,61.39586493735807
2023-12-01 08:53:43,50.863161003432225,60.3914940741711
2023-12-01 08:53:44,41.88805482576827,55.09500191366864
2023-12-01 08:53:45,41.758711215921146,65.7496917389478
2023-12-01 08:53:46,51.41337250908268,64.89033994104294
2023-12-01 08:53:47,41.18383610721421,67.11079990754482
2023-12-01 08:53:48,40.81199173520478,62.64651495366999
2023-12-01 08:53:49,41.71763071074874,66.37149322947494
2023-12-01 08:53:50,48.09107588215005,61.34930668855354
2023-12-01 08:53:51,40.326593003657905,69.61810259152408
2023-12-01 08:53:52,44.38841365066356,67.55431026044266
2023-12-01 08:53:53,54.768694862549154,61.737017775719025
2023-12-01 08:53:54,40.8929551558507,65.40687977712749
2023-12-01 08:53:55,43.471846315199386,63.2013638001349
2023-12-01 08:53:56,42.59847447172376,71.02360050703949
2023-12-01 08:53:57,38.00783680109094,59.911301558873305
2023-12-01 08:53:58,44.764686815172695,60.221480903868226
2023-12-01 08:53:59,33.98789464424349,58.760831320992345
2023-12-01 08:54:00,48.84403787312253,62.11283069440172
2023-12-01 08:54:01,52.71417402228868,66.72700229590913
2023-12-01 08:54:02,40.28238334992391,69.07625081997207
2023-12-01 08:54:03,38.18356311309563,65.01278596056908
2023-12-01 08:54:04,54.41164387234562,63.497833901124906
2023-12-01 08:54:05,48.81112499052768,62.01826318911115
2023-12-01 08:54:06,45.06470044988671,62.697309379246704
2023-12-01 08:54:07,49.41414114377953,65.56527227620518
2023-12-01 08:54:08,45.358534688165726,63.8992879892471
2023-12-01 08:54:09,5.71401189485124,31.213621096299725
2023-12-01 08:54:10,4.864571421339795,26.316112211631037
2023-12-01 08:54:11,3.617002551489386,44.69923289118961
2023-12-01 08:54:12,47.12408764346811,63.290078146311586
2023-12-01 08:54:13,44.8340623467936,73.58943893376338
2023-12-01 08:54:14,46.771275062275784,62.53380667106271
2023-12-01 08:54:15,42.24673666001604,62.30162778798574
2023-12-01 08:54:16,50.67334817122772,72.0530752967863
2023-12-01 08:54:17,37.53308016250911,60.4733708804884
2023-12-01 08:54:18,34.51067975841952,69.577644553876
2023-12-01 08:54:19,44.47843978491814,68.41950015771776
2023-12-01 08:54:20,42.7371327612613,66.9324159098203
2023-12-01 08:54:21,58.374027701728394,65.09088624895239
2023-12-01 08:54:22,45.42174844835448,71.74128241515774
2023-12-01 08:54:23,42.07053211068571,70.51896115601951
2023-12-01 08:54:24,47.33176198261176,67.38864536907596
2023-12-01 08:54:25,46.24677405294513,58.44002016655444
2023-12-01 08:54:26,46.59248342600984,69.3695896942448
2023-12-01 08:54:27,40.20741154456742,71.00058829124406
2023-12-01 08:54:28,38.069721783346445,57.64060186308082
2023-12-01 08:54:29,40.56387545342417,62.99092631464453
2023-12-01 08:54:30,43.6902265832879,62.99413066108953
2023-12-01 08:54:31,50.74619738989517,68.64942320525417
2023-12-01 08:54:32,42.801637870385804,64.14745426379646
2023-12-01 08:54:33,51.347013474105026,71.4845882022032
2023-12-01 08:54:34,5.10418464228625,24.756371226641413
2023-12-01 08:54:35,5.174866200328832,36.56158271947035
2023-12-01 08:54:36,8.041622350037613,40.14120207929893
2023-12-01 08:54:37,5.283221278746562,39.29608667073101
2023-12-01 08:54:38,5.419449502205288,28.234509435180406
2023-12-01 08:54:39,5.9903748737481255,31.63681533841426
2023-12-01 08:54:40,6.8175819499898385,42.27969791571873
2023-12-01 08:54:41,6.847268235209718,34.92218741333072
2023-12-01 08:54:42,7.86924268233917,40.30668579023315
2023-12-01 08:54:43,4.740077509151234,39.05405629235245
2023-12-01 08:54:44,2.0836282173451597,30.421185114029576
2023-12-01 08:54:45,2.1254470452259646,33.043956696730255
2023-12-01 08:54:46,7.2914675907471,40.307410051694184
2023-12-01 08:54:47,2.164216158591141,30.263648792231773
2023-12-01 08:54:48,7.205742996132202,33.04758730155071
2023-12-01 08:54:49,5.14604527990905,30.561114310435492
2023-12-01 08:54:50,4.878712674895956,37.39358800207831
2023-12-01 08:54:51,5.030563214646301,31.991196369487987
2023-12-01 08:54:52,5.256842408945399,33.32527757099241
2023-12-01 08:54:53,5.404308381108379,32.49454121310026
2023-12-01 08:54:54,7.59845316105598,44.64968635239469
2023-12-01 08:54:55,5.6304739624782405,34.95693509558467
2023-12-01 08:54:56,4.554454261186826,33.81552737948583
2023-12-01 08:54:57,8.51912582907953,32.086590725082324
2023-12-01 08:54:58,9.516703811857607,31.401470342761318
2023-12-01 08:54:59,4.400865606008278,31.97045618848152
2023-12-01 08:55:00,7.597234856318417,34.49603717129324
2023-12-01 08:55:01,7.010962543330642,34.77143193000672
2023-12-01 08:55:02,5.190762653932033,33.76413879705571
2023-12-01 08:55:03,6.355397700476621,33.639710524969686
2023-12-01 08:55:04,0.038047498209298425,31.528398283131448
2023-12-01 08:55:05,1.8468638057922147,39.01994379654347
2023-12-01 08:55:06,8.4424606973615,37.406455472803394
2023-12-01 08:55:07,4.827828909322793,37.47827004269432
2023-12-01 08:55:08,6.865130662375507,36.33575053356599
2023-12-01 08:55:09,5.785299456698863,32.510536487007386
2023-12-01 08:55:10,5.988381843429359,37.10004967209098
2023-12-01 08:55:11,6.9465371074459235,33.121478649387086
2023-12-01 08:55:12,2.790986204620152,35.12971171604623
2023-12-01 08:55:13,6.827756637876435,31.456792278497566
2023-12-01 08:55:14,3.7860251339931654,36.610234575121105
2023-12-01 08:55:15,4.678040267581509,45.928278700029225
2023-12-01 08:55:16,5.893583289479361,35.90266905532302
2023-12-01 08:55:17,3.670457933747779,35.33355107753931
2023-12-01 08:55:18,7.578195711389885,49.10006474554142
2023-12-01 08:55:19,4.64079933174391,37.84365336911041
2023-12-01 08:55:20,3.7329152944004615,34.58557037952753
2023-12-01 08:55:21,1.536511239456094,35.159195295740126
2023-12-01 08:55:22,1.4471517465343937,31.58648728001654
2023-12-01 08:55:23,9.071970046086037,32.48758617370501
2023-12-01 08:55:24,5.774181606653582,47.27026735684984
2023-12-01 08:55:25,1.5511666715976329,30.370192888325562
2023-12-01 08:55:26,6.017165713691856,28.99119378344016
2023-12-01 08:55:27,7.3295080906661685,42.49416434359314
2023-12-01 08:55:28,1.6898739879364788,34.33068750455677
2023-12-01 08:55:29,,
2023-12-01 08:55:30,,
2023-12-01 08:55:31,,
2023-12-01 08:55:32,,
2023-12-01 08:55:33,,
2023-12-01 08:55:34,,
2023-12-01 08:55:35,,
2023-12-01 08:55:36,,
2023-12-01 08:55:37,,
2023-12-01 08:55:38,8.26812112492724,40.489577598613074
2023-12-01 08:55:39,5.529553226744984,31.739465928574646
2023-12-01 08:55:40,4.192523107781151,25.29676601321743
2023-12-01 08:55:41,6.084870409005802,35.87165167819229
2023-12-01 08:55:42,1.5616647491798883,29.696089409403612
2023-12-01 08:55:43,5.959103213210208,37.06466920791247
2023-12-01 08:55:44,6.788218446622802,37.34031205606376
2023-12-01 08:55:45,3.399623031731029,38.490465335071825
2023-12-01 08:55:46,5.776214795840227,40.6539241886719
2023-12-01 08:55:47,6.706007148467374,40.26158533301542
2023-12-01 08:55:48,5.658592873482891,35.752266829783316
2023-12-01 08:55:49,4.2505436878655924,33.112164526950075
2023-12-01 08:55:50,4.505447972380304,37.79482251014281
2023-12-01 08:55:51,4.897695429077806,39.940639128619225
2023-12-01 08:55:52,2.843160644319067,26.635069084040644
2023-12-01 08:55:53,8.41666392091834,25.362342832830972
2023-12-01 08:55:54,3.643614020960782,42.21624786183687
2023-12-01 08:55:55,8.086520075079223,37.075198357749024
2023-12-01 08:55:56,5.5056364231964405,34.78188819009877
2023-12-01 08:55:57,2.0040016221644055,29.498207412918568
2023-12-01 08:55:58,5.8932778828822885,26.037047923521445
2023-12-01 08:55:59,3.6687581184056572,39.16275689064623
2023-12-01 08:56:00,4.543000318081332,32.139449835369696
2023-12-01 08:56:01,7.382198877003784,25.952841547393177
2023-12-01 08:56:02,6.3352850188164105,39.886834946689056
2023-12-01 08:56:03,4.295842845637661,34.98220488995297
2023-12-01 08:56:04,0.9896403514002063,32.56078516780828
2023-12-01 08:56:05,5.471981479248205,31.67623075986311
2023-12-01 08:56:06,4.457094113654059,42.02540646362793
2023-12-01 08:56:07,6.941308513426913,40.978967857189566
2023-12-01 08:56:08,5.000855903866846,32.41028753461518
2023-12-01 08:56:09,5.136003624443173,34.06355412664064
2023-12-01 08:56:10,2.529894129391403,27.599608757364898
2023-12-01 08:56:11,4.169635668693177,36.98369167170374
2023-12-01 08:56:12,5.231646411684138,44.362242205996154
2023-12-01 08:56:13,3.127934151136884,40.301095553888175
2023-12-01 08:56:14,4.366764036580488,33.60344072017671
2023-12-01 08:56:15,2.550050262521588,42.017087221935505
2023-12-01 08:56:16,7.3808970074774045,35.885679488790906
2023-12-01 08:56:17,4.247175150316584,40.83178441490493
2023-12-01 08:56:18,5.276508081696977,30.325742563446106
2023-12-01 08:56:19,1.0323334438288416,39.76026090691704
2023-12-01 08:56:20,7.04713075648567,30.748745522407766
2023-12-01 08:56:21,6.248404043257666,32.80898891271186
2023-12-01 08:56:22,4.651925698150235,32.95712527498419
2023-12-01 08:56:23,4.994046228526752,21.564160727132986
2023-12-01 08:56:24,3.947055321347438,34.277524470545515
2023-12-01 08:56:25,4.790249635022918,33.976661503313956
2023-12-01 08:56:26,4.081656845233381,32.249503840032965
2023-12-01 08:56:27,2.6966576164218927,42.070775724228206
2023-12-01 08:56:28,2.659881635371419,33.57934017376172
2023-12-01 08:56:29,6.7884899801222405,41.227892501870116
2023-12-01 08:56:30,9.292303575277419,31.006141339776278
2023-12-01 08:56:31,5.64505522546488,22.78644040308935
2023-12-01 08:56:32,5.5932700163915365,31.921998718220898
2023-12-01 08:56:33,4.828056880414107,36.74389921357739
2023-12-01 08:56:34,50.04445637645909,62.31292498486975
2023-12-01 08:56:35,43.29481277708994,67.08644549596637
2023-12-01 08:56:36,50.6616731347923,74.5257102912176
2023-12-01 08:56:37,38.29306847904245,66.51611964230123
2023-12-01 08:56:38,42.11237562869424,66.36214622569308
2023-12-01 08:56:39,40.83636215118668,64.10094080735594
2023-12-01 08:56:40,48.62785976146942,60.32267069272775
2023-12-01 08:56:41,41.209082217008664,70.54283716140678
2023-12-01 08:56:42,34.52571577425808,69.17183788222842
2023-12-01 08:56:43,56.559689407813096,65.25025419036072
2023-12-01 08:56:44,41.578104329331524,64.65846366717678
2023-12-01 08:56:45,45.25028714921302,63.59841390566783
2023-12-01 08:56:46,51.86201003579532,61.5331860779242
2023-12-01 08:56:47,37.48282415652996,62.2375727118318
2023-12-01 08:56:48,42.20235591900261,64.39022110074633
2023-12-01 08:56:49,,
2023-12-01 08:56:50,,
2023-12-01 08:56:51,,
2023-12-01 08:56:52,,
2023-12-01 08:56:53,,
2023-12-01 08:56:54,,
2023-12-01 08:56:55,,
2023-12-01 08:56:56,,
2023-12-01 08:56:57,,
2023-12-01 08:56:58,,
2023-12-01 08:56:59,49.286088927146416,66.23359280053393
2023-12-01 08:57:00,41.030593207056604,63.406982077213385
2023-12-01 08:57:01,46.24887814667436,66.50589357061202
2023-12-01 08:57:02,49.50612072896518,64.64241704817154
2023-12-01 08:57:03,46.78769605502389,76.94337499851459
2023-12-01 08:57:04,45.05360954123675,53.67090035882568
2023-12-01 08:57:05,39.24606470063316,66.59390899836708
2023-12-01 08:57:06,29.4406188898067,66.85457602000335
2023-12-01 08:57:07,46.739932255408746,72.2558998538328
2023-12-01 08:57:08,40.03011903330339,59.2430726077966
2023-12-01 08:57:09,41.021351039109334,63.17611918702126
2023-12-01 08:57:10,44.634901063940625,63.13955687667241
2023-12-01 08:57:11,46.903238205386806,63.921755133356996
2023-12-01 08:57:12,41.286676516349985,69.56353979337702
2023-12-01 08:57:13,41.06316757583174,63.06777730231584
2023-12-01 08:57:14,42.98944249440988,71.50221950948942
2023-12-01 08:57:15,54.887314759979326,60.33038009008335
2023-12-01 08:57:16,47.5945685711548,59.87043535838196
2023-12-01 08:57:17,52.45959989634484,65.53682477939822
2023-12-01 08:57:18,51.97305603262903,64.38600802727235
2023-12-01 08:57:19,45.01685592510883,54.49910072094878
2023-12-01 08:57:20,41.33857970415948,57.819771854194734
2023-12-01 08:57:21,40.50882044158861,63.11309900920104
2023-12-01 08:57:22,5.2198076344143125,34.65840581066172
2023-12-01 08:57:23,5.048431327350379,38.359997828533444
2023-12-01 08:57:24,-0.6501668958843041,34.892131685823735
2023-12-01 08:57:25,4.3283874449651885,33.54498814181565
2023-12-01 08:57:26,5.5039513614524935,38.203023628851625
2023-12-01 08:57:27,2.509344465447458,38.546814882226734
2023-12-01 08:57:28,4.693903366508373,34.893938207506594
2023-12-01 08:57:29,7.8699403741024785,40.72382803324935
2023-12-01 08:57:30,3.6646811173026594,29.96289053152654
2023-12-01 08:57:31,7.235704540439313,40.55108906627365
2023-12-01 08:57:32,4.02587275280882,41.61285973864496
2023-12-01 08:57:33,5.182782220510634,42.21459302023045
2023-12-01 08:57:34,3.9970457309619167,35.86864974817546
2023-12-01 08:57:35,3.60374255113493,25.65151191441263
2023-12-01 08:57:36,5.003691896395101,33.415720760504385
2023-12-01 08:57:37,2.8359379484344256,29.12248599316552
2023-12-01 08:57:38,6.026374636159547,37.81515150515748
2023-12-01 08:57:39,5.16981890673487,31.10413190647745
2023-12-01 08:57:40,5.322032674898054,29.410536886261422
2023-12-01 08:57:41,4.328286585447275,36.64627479713239
2023-12-01 08:57:42,3.2068336185804247,31.433593429575872
2023-12-01 08:57:43,,
2023-12-01 08:57:44,,
2023-12-01 08:57:45,,
2023-12-01 08:57:46,,
2023-12-01 08:57:47,43.37306701732484,71.17265202070362
2023-12-01 08:57:48,38.9456648055759,76.63452610803712
2023-12-01 08:57:49,2.7950500749888545,31.44631340788695
2023-12-01 08:57:50,3.060842141879186,31.978650768130958
2023-12-01 08:57:51,5.897319944271766,30.366334852404748
2023-12-01 08:57:52,7.226858250035706,35.890514533958225
2023-12-01 08:57:53,4.475143523438433,36.37983683466336
2023-12-01 08:57:54,5.511422643152713,32.38804010102669
2023-12-01 08:57:55,5.843786280825887,30.997489619150414
2023-12-01 08:57:56,3.416131517467072,41.473302864361116
2023-12-01 08:57:57,4.325447373354338,28.630457667613562
2023-12-01 08:57:58,7.370751730300206,40.022645255134265
2023-12-01 08:57:59,5.9881665046288415,36.052118352400626
2023-12-01 08:58:00,2.5967235062567866,40.013033404022444
2023-12-01 08:58:01,5.981802558286185,35.41643963341626
2023-12-01 08:58:02,1.7694794496794266,34.88013007763056
2023-12-01 08:58:03,0.27182548261767536,31.518416007040905
2023-12-01 08:58:04,2.637575389401806,36.70127495720035
2023-12-01 08:58:05,5.725832188052746,41.10664523930736
2023-12-01 08:58:06,5.106028408762716,40.81732699397217
2023-12-01 08:58:07,42.52462408120104,65.95995969624427
2023-12-01 08:58:08,46.089260591316865,63.72495237604441
2023-12-01 08:58:09,35.94072165413374,55.74247028317055
2023-12-01 08:58:10,53.66240394328267,69.90603183627296
2023-12-01 08:58:11,44.31967380233393,75.32343437914675
2023-12-01 08:58:12,36.3111492806847,75.92217493419298
2023-12-01 08:58:13,47.140188589975075,73.87582330419588
2023-12-01 08:58:14,46.01984355210966,65.22710845538302
2023-12-01 08:58:15,,
2023-12-01 08:58:16,,
2023-12-01 08:58:17,,
2023-12-01 08:58:18,,
2023-12-01 08:58:19,,
2023-12-01 08:58:20,,
2023-12-01 08:58:21,,
2023-12-01 08:58:22,,
2023-12-01 08:58:23,,
2023-12-01 08:58:24,,
2023-12-01 08:58:25,,
2023-12-01 08:58:26,42.26777891777311,73.87398531989372
2023-12-01 08:58:27,44.64035239722694,64.10922667050694
2023-12-01 08:58:28,46.8781841370861,63.2261501018852
2023-12-01 08:58:29,43.26611837819787,55.373867327130654
2023-12-01 08:58:30,48.00919188904305,65.21560866504825
2023-12-01 08:58:31,39.64514176134213,62.264704656279484
2023-12-01 08:58:32,47.62972456469379,70.82778051235888
2023-12-01 08:58:33,47.02471104294791,66.78130226335834
2023-12-01 08:58:34,41.98359203898188,60.72774488702334
2023-12-01 08:58:35,51.215567545063564,62.079491858702944
2023-12-01 08:58:36,49.92474011045494,70.20794479858978
2023-12-01 08:58:37,47.446488942469536,63.169260325692974
2023-12-01 08:58:38,38.93095249135182,68.67203518766375
2023-12-01 08:58:39,49.05763908939807,64.2888572958988
2023-12-01 08:58:40,3.1640179839233973,34.1711418890465
2023-12-01 08:58:41,3.3155578416192513,28.116712893296246
2023-12-01 08:58:42,5.916493790844308,39.347159874700154
2023-12-01 08:58:43,3.172854349523959,32.364540733131214
2023-12-01 08:58:44,5.056421816272139,31.76011948306574
2023-12-01 08:58:45,2.4921517748357713,34.33190732857803
2023-12-01 08:58:46,6.003085736005607,42.73104179877075
2023-12-01 08:58:47,0.16328640170802533,37.83918364232203
2023-12-01 08:58:48,3.9712847094793786,31.81297503971435
2023-12-01 08:58:49,9.13071522308924,33.10325059981657
2023-12-01 08:58:50,6.9502042765350875,34.747376393485716
2023-12-01 08:58:51,1.5316951421437777,35.22486178251747
2023-12-01 08:58:52,5.774465214485853,33.757192999748945
2023-12-01 08:58:53,3.7201809753983124,28.08847382676341
2023-12-01 08:58:54,5.384045700060543,37.28520589921589
2023-12-01 08:58:55,5.141514220942701,38.74045064066273
2023-12-01 08:58:56,3.647098921311688,29.815645626001206
2023-12-01 08:58:57,4.3932363938684365,39.352380322638155
2023-12-01 08:58:58,2.49828064138191,37.06831261311404
2023-12-01 08:58:59,5.60709365781697,40.20555733784753
2023-12-01 08:59:00,7.2792048875159,26.75420364714425
2023-12-01 08:59:01,5.501192731959575,35.97785158154649
2023-12-01 08:59:02,7.3625402588860585,33.72416495323967
2023-12-01 08:59:03,5.49766189501176,29.701019630485824
2023-12-01 08:59:04,6.192345994288412,35.51083590265419
2023-12-01 08:59:05,4.968272395298395,33.02903783004689
2023-12-01 08:59:06,4.379160744181604,26.15570076935999
2023-12-01 08:59:07,3.936499237131801,38.98127744866769
2023-12-01 08:59:08,8.57443832002515,35.781987519838715
2023-12-01 08:59:09,5.706607282476291,36.048423955871314
2023-12-01 08:59:10,3.9892585854937193,28.426268177735302
2023-12-01 08:59:11,2.5100452258907744,41.28829537068118
2023-12-01 08:59:12,5.893474957003006,37.248123836067435
2023-12-01 08:59:13,4.473445090522348,32.35759614837219
2023-12-01 08:59:14,6.051680644503467,42.361384908037586
2023-12-01 08:59:15,4.392169882196972,29.398096355601382
2023-12-01 08:59:16,8.714547454761512,28.526776516987493
2023-12-01 08:59:17,2.6451773538252312,44.85373472900697
2023-12-01 08:59:18,3.2542993111713523,41.06499310290588
2023-12-01 08:59:19,4.624992791283321,38.802453337777514
2023-12-01 08:59:20,48.457634198846215,67.68266392724497
2023-12-01 08:59:21,49.37555607616321,75.95208737682563
2023-12-01 08:59:22,42.36162175765335,68.65088703283624
2023-12-01 08:59:23,1.8310066260182594,36.17140281924026
2023-12-01 08:59:24,5.518171517719798,22.84165994132008
2023-12-01 08:59:25,4.235652956714637,35.96887866807396
2023-12-01 08:59:26,6.3433051010164,42.721181631148966
2023-12-01 08:59:27,5.936013995138677,44.002932064062364
2023-12-01 08:59:28,4.345756394964397,40.341112621260265
2023-12-01 08:59:29,3.383904396017635,46.894548422495596
2023-12-01 08:59:30,4.517600552831023,35.63427079649449
2023-12-01 08:59:31,43.76655437194036,74.70379862218552
2023-12-01 08:59:32,38.43822004070826,65.35191679822292
2023-12-01 08:59:33,4.279726409337171,41.78743557192927
2023-12-01 08:59:34,5.70258826507562,36.30020317015464
2023-12-01 08:59:35,4.104757464225867,32.10198425590375
2023-12-01 08:59:36,6.007050961394022,32.01788088470793
2023-12-01 08:59:37,3.4449755709612617,33.94143953804995
2023-12-01 08:59:38,8.024582479286513,35.99092168109559
2023-12-01 08:59:39,2.9790094511815832,34.825276641634765
2023-12-01 08:59:40,1.3125837252321357,35.02162478896935
2023-12-01 08:59:41,50.42820671357708,65.22646907611761
2023-12-01 08:59:42,8.006958009449002,47.43908764675002
2023-12-01 08:59:43,5.412411639515941,38.25054064649953
2023-12-01 08:59:44,8.43876699533269,42.33655350287732
2023-12-01 08:59:45,4.74539231074292,33.32304187401342
2023-12-01 08:59:46,4.2190126531700916,29.06266276287251
2023-12-01 08:59:47,,
2023-12-01 08:59:48,,
2023-12-01 08:59:49,,
2023-12-01 08:59:50,,
2023-12-01 08:59:51,,
2023-12-01 08:59:52,,
2023-12-01 08:59:53,,
2023-12-01 08:59:54,,
2023-12-01 08:59:55,,
2023-12-01 08:59:56,,
2023-12-01 08:59:57,,
2023-12-01 08:59:58,3.9511876830155828,38.9720222006521
2023-12-01 08:59:59,6.735793994765791,38.02981433428974
2023-12-01 09:00:00,0.46574987581744853,35.93958295296672
2023-12-01 09:00:01,3.6802039431129225,28.342640813735756
2023-12-01 09:00:02,2.2448536371994554,36.18548358013643
2023-12-01 09:00:03,47.614721344682785,74.38621034312072
2023-12-01 09:00:04,42.77936583465265,76.33773026997929
2023-12-01 09:00:05,7.7636328566155175,35.66813565974228
2023-12-01 09:00:06,4.557828839468271,36.978898717224205
2023-12-01 09:00:07,8.025867834056903,32.99111823035341
2023-12-01 09:00:08,3.576146495816359,33.560925168197635
2023-12-01 09:00:09,1.3835083836928437,41.670721241721076
2023-12-01 09:00:10,5.128192182402008,33.881927088924826
2023-12-01 09:00:11,1.1650796155948737,36.524877349990746
2023-12-01 09:00:12,5.001256324139359,26.711582105650734
2023-12-01 09:00:13,8.613439489816415,31.937608015987752
2023-12-01 09:00:14,6.30995166877864,32.73465597039573
2023-12-01 09:00:15,5.617134885580628,32.413622499643274
2023-12-01 09:00:16,3.9549677791824904,37.14531617336375
2023-12-01 09:00:17,46.80569255032973,60.12366191660833
2023-12-01 09:00:18,5.339792781173898,40.079524465476865
2023-12-01 09:00:19,4.531459866048421,40.58130300090718
2023-12-01 09:00:20,4.243636612075915,33.71647114131378
2023-12-01 09:00:21,6.326371372309609,35.614003910915386
2023-12-01 09:00:22,4.874625420678758,41.28439633745232
2023-12-01 09:00:23,6.648870149596017,22.754514834831028
2023-12-01 09:00:24,2.685103914405803,36.09784932697154
2023-12-01 09:00:25,4.980718464757456,41.427616327169545
2023-12-01 09:00:26,3.6328214702980666,36.28764885895838
2023-12-01 09:00:27,5.213707880795377,39.526724698514506
2023-12-01 09:00:28,5.410968887513579,36.389759606144935
2023-12-01 09:00:29,7.523943846641947,35.68787774308992
2023-12-01 09:00:30,40.40393769491677,72.49647733178793
2023-12-01 09:00:31,47.210150049994205,67.70914967563535
2023-12-01 09:00:32,1.8914457743931217,37.93639881016054
2023-12-01 09:00:33,2.1756554114848217,35.25986697107894
2023-12-01 09:00:34,7.432641879213225,26.57492424939256
2023-12-01 09:00:35,4.796443703926739,32.6468239967851
2023-12-01 09:00:36,7.95254941811505,35.099378722209586
2023-12-01 09:00:37,6.742885176736592,35.68534649825153
2023-12-01 09:00:38,3.1674964044274057,33.36663653770167
2023-12-01 09:00:39,7.491646085458358,36.62857114461781
2023-12-01 09:00:40,4.597774381154178,36.587064081420436
2023-12-01 09:00:41,2.446688635932311,31.110532899489634
2023-12-01 09:00:42,5.62158124716349,24.392387637036812
2023-12-01 09:00:43,8.909943908397032,35.49977818217917
2023-12-01 09:00:44,2.7858917065857716,27.178342650238967
2023-12-01 09:00:45,1.7702038943000913,29.65009899465972
2023-12-01 09:00:46,7.638292593502939,33.00208602004693
2023-12-01 09:00:47,5.167600109637158,31.663164600896714
2023-12-01 09:00:48,0.02053876738644167,31.369701158389535
2023-12-01 09:00:49,8.32010830095171,34.590850087319765
2023-12-01 09:00:50,1.6603862159782694,35.32403110514655
2023-12-01 09:00:51,3.403503414640478,31.440394725277752
2023-12-01 09:00:52,5.86095773351065,38.64232468993837
2023-12-01 09:00:53,3.1072950220301943,27.938858645002757
2023-12-01 09:00:54,5.600243649998895,38.87057590957007
2023-12-01 09:00:55,4.42202553380831,34.63778664268372
2023-12-01 09:00:56,4.114737336616993,42.36988660336135
2023-12-01 09:00:57,8.172850413702715,30.91065822144148
2023-12-01 09:00:58,5.702930871124988,38.94831892704097
2023-12-01 09:00:59,2.913460457511583,29.036391760484374
2023-12-01 09:01:00,5.42162162036215,40.63659612294223
2023-12-01 09:01:01,2.4567689614318677,33.448017528217456
2023-12-01 09:01:02,5.259903864932367,34.64569359717289
2023-12-01 09:01:03,37.490942255466976,70.27494334144369
2023-12-01 09:01:04,45.8587795200021,66.34127730388717
2023-12-01 09:01:05,6.4595455894092675,32.92554120740414
2023-12-01 09:01:06,2.80898992024246,35.09628323601416
2023-12-01 09:01:07,5.303751222089264,25.02505430682273
2023-12-01 09:01:08,5.965705575277479,36.243059581885966
2023-12-01 09:01:09,3.0662418436534016,33.46011502697726
2023-12-01 09:01:10,3.568862827682448,35.26369452802817
2023-12-01 09:01:11,4.685230302797627,28.509733616918282
2023-12-01 09:01:12,5.363726415590896,32.61881163717702
2023-12-01 09:01:13,4.877667342832055,38.451667683007244
2023-12-01 09:01:14,4.97358586758084,38.122838364925656
2023-12-01 09:01:15,5.878321377708911,30.769690064508094
2023-12-01 09:01:16,5.511797207427563,39.18841289013977
2023-12-01 09:01:17,1.9415669769102544,29.124035992162202
2023-12-01 09:01:18,3.173614049430065,26.985017777411052
2023-12-01 09:01:19,5.450299192470117,29.7197970960665
2023-12-01 09:01:20,5.952398119248506,42.46068044362888
2023-12-01 09:01:21,3.424490557854938,38.71656165901326
2023-12-01 09:01:22,6.519332717567341,31.298380622467654
2023-12-01 09:01:23,2.1164049695847904,39.082019767809456
2023-12-01 09:01:24,6.479929435149921,34.09670014506803
2023-12-01 09:01:25,2.5594545642220514,41.298397378384145
2023-12-01 09:01:26,5.576400848000848,33.393732864524175
2023-12-01 09:01:27,7.097404862155062,38.220028020518605
2023-12-01 09:01:28,4.461596290788807,39.5712912526223
2023-12-01 09:01:29,,
2023-12-01 09:01:30,,
2023-12-01 09:01:31,,
2023-12-01 09:01:32,,
2023-12-01 09:01:33,,
2023-12-01 09:01:34,,
2023-12-01 09:01:35,,
2023-12-01 09:01:36,6.135156668189998,33.962047232108745
2023-12-01 09:01:37,4.256812808187608,34.64726023570623
2023-12-01 09:01:38,40.47209733773403,64.86425907438657
2023-12-01 09:01:39,46.206023962151626,64.36520059837042
2023-12-01 09:01:40,4.735171339105494,30.324147665720698
2023-12-01 09:01:41,4.781065379370903,35.25304412579767
2023-12-01 09:01:42,4.656938246674877,35.69292204536197
2023-12-01 09:01:43,2.3258314661315493,29.92725146512032
2023-12-01 09:01:44,4.622562418387389,38.40382935091781
2023-12-01 09:01:45,4.6866188748630515,36.3344518536709
2023-12-01 09:01:46,7.657097482330684,41.19488417350405
2023-12-01 09:01:47,6.134005490242472,30.48037627675065
2023-12-01 09:01:48,3.1722947077485184,37.10388589700327
2023-12-01 09:01:49,9.13785408986108,39.56680268223364
2023-12-01 09:01:50,3.1989087859918497,27.921745231858083
2023-12-01 09:01:51,4.914049022358226,35.319908381940856
2023-12-01 09:01:52,4.015767368848509,30.703377058201355
2023-12-01 09:01:53,8.448807678714267,42.99590627141338
2023-12-01 09:01:54,8.50612616847521,30.218255308462783
2023-12-01 09:01:55,3.588860350649435,32.411554488171234
2023-12-01 09:01:56,0.30231219618219285,33.85410351537768
2023-12-01 09:01:57,6.289524774352513,35.823138861985186
2023-12-01 09:01:58,1.2500593311022548,37.884576345748485
2023-12-01 09:01:59,5.964654902318171,33.21083199578006
2023-12-01 09:02:00,5.900902114961383,36.98998681731109
2023-12-01 09:02:01,5.752350037927778,33.68392668480286
2023-12-01 09:02:02,6.418023270215198,37.616537572075416
2023-12-01 09:02:03,4.616642658220794,31.672886157628195
2023-12-01 09:02:04,7.043417045257575,33.73345262509684
2023-12-01 09:02:05,3.290073447798596,35.863934021873696
2023-12-01 09:02:06,3.733876388745328,40.37020777567389
2023-12-01 09:02:07,6.714459048787655,26.091423867419657
2023-12-01 09:02:08,1.1369675762568505,43.296828056048
2023-12-01 09:02:09,6.651225010022116,36.681123291246884
2023-12-01 09:02:10,2.2066563851741394,30.12029175215719
2023-12-01 09:02:11,3.049927672227552,39.12478200894988
2023-12-01 09:02:12,4.53275740001545,31.9947853984163
2023-12-01 09:02:13,7.64438755679052,33.237535398690234
2023-12-01 09:02:14,6.966503255087981,38.82814630009928
2023-12-01 09:02:15,-0.5793534642093539,46.159504127680705
2023-12-01 09:02:16,2.308216985060425,33.46147122432757
2023-12-01 09:02:17,4.964321913477579,43.59961961661806
2023-12-01 09:02:18,4.665013941017601,44.28815318159067
2023-12-01 09:02:19,3.1942490949357722,27.093852307122912
2023-12-01 09:02:20,5.983987224056817,27.103370216266264
2023-12-01 09:02:21,4.89682964004774,35.833849200357015
2023-12-01 09:02:22,2.4978924990304727,31.533442710267753
2023-12-01 09:02:23,6.996426330196094,31.000200000909338
2023-12-01 09:02:24,6.091877952484948,30.420306887559036
2023-12-01 09:02:25,6.12841785158668,37.29432974067524
2023-12-01 09:02:26,5.527991881243119,37.8926427207759
2023-12-01 09:02:27,5.148600331168539,39.43051559013239
2023-12-01 09:02:28,5.659865657336792,38.36076703800766
2023-12-01 09:02:29,,
2023-12-01 09:02:30,,
2023-12-01 09:02:31,,
2023-12-01 09:02:32,,
2023-12-01 09:02:33,,
2023-12-01 09:02:34,,
2023-12-01 09:02:35,5.0146552104575495,30.31619152568758
2023-12-01 09:02:36,3.708484170412241,34.73393799657636
2023-12-01 09:02:37,6.3361741047287135,25.04747894848416
2023-12-01 09:02:38,4.519981765902005,36.767709718861965
2023-12-01 09:02:39,3.3139384236417566,35.94517583267033
2023-12-01 09:02:40,4.965051912783653,26.69234117862959
2023-12-01 09:02:41,2.9739460856003626,49.05277461486364
2023-12-01 09:02:42,4.6932520426258755,33.285213610587476
2023-12-01 09:02:43,4.090119514239116,38.67291046323427
2023-12-01 09:02:44,5.553532743494988,30.754385164188633
2023-12-01 09:02:45,4.326531633705726,33.61253100435655
2023-12-01 09:02:46,6.422659011190503,25.52926118130798
2023-12-01 09:02:47,3.2970917809162095,33.12125411888852
2023-12-01 09:02:48,2.2294304000657936,39.257682037803946
2023-12-01 09:02:49,6.050019261304052,35.27774295502868
2023-12-01 09:02:50,4.409424528458612,26.615955288172135
2023-12-01 09:02:51,4.509932045482377,34.293566280701455
2023-12-01 09:02:52,3.778004421408531,39.79864191438156
2023-12-01 09:02:53,3.9514499750016907,37.866544287953225
2023-12-01 09:02:54,5.997347032524267,35.5397809251764
2023-12-01 09:02:55,5.203167814073654,34.24168228821631
2023-12-01 09:02:56,5.24822446587128,29.705070442490598
2023-12-01 09:02:57,9.279941201057909,33.6280111650205
2023-12-01 09:02:58,6.822676921338072,26.945518802326806
2023-12-01 09:02:59,1.9602977796076888,36.54417957098083
2023-12-01 09:03:00,41.669625568172606,74.0057124323962
2023-12-01 09:03:01,5.371601599909451,40.882920840997905
2023-12-01 09:03:02,11.217199668170526,38.7483514408149
2023-12-01 09:03:03,8.57029546268192,31.039143576049987
2023-12-01 09:03:04,5.0288148905752905,34.326381474586505
2023-12-01 09:03:05,4.983005285521845,38.072841982342325
2023-12-01 09:03:06,8.695830882113857,29.107215270372276
2023-12-01 09:03:07,2.853811605154123,27.67022524834968
2023-12-01 09:03:08,4.642397674630636,39.41541671937467
2023-12-01 09:03:09,4.78394937155826,39.349854890830024
2023-12-01 09:03:10,2.624202721341807,38.12327304398797
2023-12-01 09:03:11,5.268263305879068,39.79394033693414
2023-12-01 09:03:12,3.747603164334504,30.555971190461705
2023-12-01 09:03:13,3.306768602826044,36.359411787842184
2023-12-01 09:03:14,3.95650268773534,33.47318697729668
2023-12-01 09:03:15,6.642791891579562,25.93411202635329
2023-12-01 09:03:16,4.646040948720385,30.1919380352212
2023-12-01 09:03:17,2.7629832690537195,33.383597553429254
2023-12-01 09:03:18,5.774198684026983,30.43398997651081
2023-12-01 09:03:19,2.3826732419363363,39.81103143785789
2023-12-01 09:03:20,3.485626313873526,27.172463385960135
2023-12-01 09:03:21,2.52386627897129,30.756712942309978
2023-12-01 09:03:22,9.83054955616506,38.39624383023313
2023-12-01 09:03:23,9.242965619546498,28.40048000539385
2023-12-01 09:03:24,8.337001927595619,30.858100812838124
2023-12-01 09:03:25,0.7217503646190089,33.568883485253515
2023-12-01 09:03:26,9.225419196064268,37.13712630654979
2023-12-01 09:03:27,4.15305616155367,23.438404577298073
2023-12-01 09:03:28,3.465095540730826,38.8024673969999
2023-12-01 09:03:29,3.7703391529463692,31.143920028841336
2023-12-01 09:03:30,4.709341692888309,37.84687194834357
2023-12-01 09:03:31,6.481431723896268,42.94336640374791
2023-12-01 09:03:32,6.045713493195091,36.08271809652759
2023-12-01 09:03:33,2.027347676472346,30.672487864578486
2023-12-01 09:03:34,5.127229131255473,29.51849135310156
2023-12-01 09:03:35,5.949669099354285,36.62860599175261
2023-12-01 09:03:36,2.662330324028252,35.388875660481716
2023-12-01 09:03:37,48.27957927349675,68.45821554146195
2023-12-01 09:03:38,5.372885587617202,29.733617622319123
2023-12-01 09:03:39,5.283014227685833,33.396591705275256
2023-12-01 09:03:40,8.567909886399699,29.337280729632553
2023-12-01 09:03:41,5.774917119851662,40.76821866909776
2023-12-01 09:03:42,2.1766301155147887,35.69882187430652
2023-12-01 09:03:43,6.152430772286787,33.57148460136805
2023-12-01 09:03:44,7.532027402580955,26.03326866887034
2023-12-01 09:03:45,4.043134076940738,29.386256637725065
2023-12-01 09:03:46,3.1148957422188808,34.24367120754269
2023-12-01 09:03:47,7.505827286464841,45.46368421823706
2023-12-01 09:03:48,4.171794990889039,26.021820150903423
2023-12-01 09:03:49,4.983101722628856,44.3170378212046
2023-12-01 09:03:50,5.605521992281979,33.760513171630095
2023-12-01 09:03:51,2.953868893365668,33.68578725243702
2023-12-01 09:03:52,8.301346466917462,39.98904328628541
2023-12-01 09:03:53,3.5832886716509673,42.43343366666195
2023-12-01 09:03:54,6.902252208040506,33.02912998167307
2023-12-01 09:03:55,2.4767086466973387,24.6860282640015
2023-12-01 09:03:56,6.043000865422035,31.56037375406853
2023-12-01 09:03:57,1.6754664337603051,43.40656353205504
2023-12-01 09:03:58,5.300107584622777,29.954208135633387
2023-12-01 09:03:59,2.5329675528765745,32.25002196509281
2023-12-01 09:04:00,3.460370229061564,36.140473917636875
2023-12-01 09:04:01,5.0705105773401895,23.859709327985733
2023-12-01 09:04:02,4.108130717767953,30.073596268841094
2023-12-01 09:04:03,4.5295123639516675,33.970599159843324
2023-12-01 09:04:04,3.580887020656193,24.286172573684706
2023-12-01 09:04:05,4.679317697833372,40.14752629337326
2023-12-01 09:04:06,6.145324219755535,37.286630377560826
2023-12-01 09:04:07,6.600768875988182,28.51826442361526
2023-12-01 09:04:08,2.4590697716755656,35.90115104343599
2023-12-01 09:04:09,4.418397846096561,30.979866240395395
2023-12-01 09:04:10,1.136088678944279,37.34018839750784
2023-12-01 09:04:11,4.408442203304476,28.749015736107232
2023-12-01 09:04:12,7.023916251352018,34.268382302158656
2023-12-01 09:04:13,3.8557699840366184,34.888386296973025
2023-12-01 09:04:14,4.637415336094953,25.6364784989076
2023-12-01 09:04:15,9.25920465626745,38.18967719129735
2023-12-01 09:04:16,4.711631557346857,33.03707934264708
2023-12-01 09:04:17,7.374417995105926,34.91325011880988
2023-12-01 09:04:18,3.643218764915592,37.42258855327646
2023-12-01 09:04:19,43.73067691022055,64.0956045584237
2023-12-01 09:04:20,5.9647793277168955,35.96372823914496
2023-12-01 09:04:21,5.6272483600257335,28.58207840551235
2023-12-01 09:04:22,4.231655353932836,32.07544098903159
2023-12-01 09:04:23,3.1116314208816727,33.931471999079314
2023-12-01 09:04:24,4.379808594664864,39.76958007501999
2023-12-01 09:04:25,4.885246289806458,30.582152344702717
2023-12-01 09:04:26,6.024046660741383,30.635499433250978
2023-12-01 09:04:27,8.65873696724623,32.22443265963092
2023-12-01 09:04:28,3.832453433893095,40.08418273735124
2023-12-01 09:04:29,3.527177799412444,37.74880431545093
2023-12-01 09:04:30,7.503743802316986,30.91171198408365
2023-12-01 09:04:31,8.329592018082987,35.92940922608076
2023-12-01 09:04:32,5.033929171815531,37.11731182928864
2023-12-01 09:04:33,7.507240204029467,37.00906443897452
2023-12-01 09:04:34,5.642913480136916,32.32048136474358
2023-12-01 09:04:35,7.197463273560824,32.74124152405493
2023-12-01 09:04:36,4.69988485954922,30.153214346505912
2023-12-01 09:04:37,2.0538551168764285,36.95860641765417
2023-12-01 09:04:38,5.537151757916837,27.627268847350642
2023-12-01 09:04:39,5.588002092735698,42.48225908086126
2023-12-01 09:04:40,6.7199702986584064,50.50644643825277
2023-12-01 09:04:41,6.797046533518763,38.20182737070579
2023-12-01 09:04:42,3.560307721424955,36.22339830816566
2023-12-01 09:04:43,3.7692481836022163,23.09893613482734
2023-12-01 09:04:44,2.5157623322307234,38.582355652607916
2023-12-01 09:04:45,2.8478990289274546,40.60412639953434
2023-12-01 09:04:46,6.276886133576303,29.749729247824988
2023-12-01 09:04:47,5.11278126821219,42.05485940703854
2023-12-01 09:04:48,6.412063324304184,32.29546583357041
2023-12-01 09:04:49,3.082938050567816,26.37874054731281
2023-12-01 09:04:50,-0.5322131416736342,48.10414914449915
2023-12-01 09:04:51,4.557113798835622,34.795516826652275
2023-12-01 09:04:52,0.19463856691315673,40.33615351633502
2023-12-01 09:04:53,3.5205017363431903,33.992531910413476
2023-12-01 09:04:54,6.636464095962742,25.13203938473798
2023-12-01 09:04:55,1.742027777491972,25.438989961743744
2023-12-01 09:04:56,5.399290248701579,26.913499550538262
2023-12-01 09:04:57,4.798083993999588,28.224318826487576
2023-12-01 09:04:58,2.626205144155727,36.098297707808754
2023-12-01 09:04:59,3.657338250559718,27.877881358775923
2023-12-01 09:05:00,4.993231475449174,35.86946470825802
2023-12-01 09:05:01,5.592015462514173,34.95244187901911
2023-12-01 09:05:02,2.816482717399536,36.21181803145907
2023-12-01 09:05:03,3.8462494118691404,33.87399071177183
2023-12-01 09:05:04,3.3843865990403748,33.05799173751894
2023-12-01 09:05:05,4.636042170490958,31.86355031372963
2023-12-01 09:05:06,2.331344892549046,30.56705736330312
2023-12-01 09:05:07,4.03678706236748,38.08000405826764
2023-12-01 09:05:08,6.700893582467285,36.4762259203257
2023-12-01 09:05:09,4.0780372768184785,36.524325185941194
2023-12-01 09:05:10,6.297274870912364,33.478210446667745
2023-12-01 09:05:11,2.5559390919551825,35.30539584847518
2023-12-01 09:05:12,5.560935989690096,37.748153321222446
2023-12-01 09:05:13,6.615454570750874,35.31558312441846
2023-12-01 09:05:14,10.4745026514689,42.001822016905244
2023-12-01 09:05:15,2.73687969990728,29.82807275271011
2023-12-01 09:05:16,6.11020345637179,33.66454024099382
2023-12-01 09:05:17,4.186971393051982,35.21306489181447
2023-12-01 09:05:18,4.516396535815644,31.235938811557965
2023-12-01 09:05:19,7.114051360550137,39.374419483480985
2023-12-01 09:05:20,3.574810983346574,39.62894975004699
2023-12-01 09:05:21,2.8856876383166425,28.07582121337137
2023-12-01 09:05:22,4.8411232247660125,27.891481574013007
2023-12-01 09:05:23,6.934781586548804,29.650939844713637
2023-12-01 09:05:24,4.536057809510951,37.07956139428052
2023-12-01 09:05:25,7.881826586010421,29.28526841041203
2023-12-01 09:05:26,4.544840625800002,40.23233170444975
2023-12-01 09:05:27,7.149252749428404,32.99467160482777
2023-12-01 09:05:28,6.519639518684015,27.685150681472408
2023-12-01 09:05:29,5.567931064475966,29.634242721784418
2023-12-01 09:05:30,2.8860973291007705,33.86979495609888
2023-12-01 09:05:31,5.713593797801457,40.01298646209106
2023-12-01 09:05:32,4.932884202775317,41.88398391808927
2023-12-01 09:05:33,4.136934891728255,25.3771088470022
2023-12-01 09:05:34,4.420845824128984,36.09265831982749
2023-12-01 09:05:35,5.626121295858315,33.45553934231161
2023-12-01 09:05:36,8.194303810723586,25.259231870924452
2023-12-01 09:05:37,6.569774876167164,43.244520265258856
2023-12-01 09:05:38,8.976846573804167,33.605153493234134
2023-12-01 09:05:39,5.217426977930618,29.67254069555839
2023-12-01 09:05:40,6.37344369649485,27.54873987207337
2023-12-01 09:05:41,4.406785727424927,39.50349356568302
2023-12-01 09:05:42,6.264384451588902,38.768453410605794
2023-12-01 09:05:43,4.632063748168737,30.726546195925188
2023-12-01 09:05:44,4.1596307489222175,36.1053842846987
2023-12-01 09:05:45,4.472700432529837,38.44238714136418
2023-12-01 09:05:46,4.468799630260933,38.875631314986975
2023-12-01 09:05:47,11.413650167076948,39.70955278844323
2023-12-01 09:05:48,2.0436449307856006,26.327406116473302
2023-12-01 09:05:49,3.2875390650860172,33.90506739946705
2023-12-01 09:05:50,3.9307756030197796,29.064174276807385
2023-12-01 09:05:51,5.42287464270579,43.42098665985211
2023-12-01 09:05:52,10.949957055670506,41.05596544266555
2023-12-01 09:05:53,3.105469089790525,31.991385555304063
2023-12-01 09:05:54,1.2875314955787358,41.80217794770449
2023-12-01 09:05:55,7.404251409782903,42.09510147570492
2023-12-01 09:05:56,7.2470515422787125,39.09533053410823
2023-12-01 09:05:57,4.602861071794264,27.21950221037816
2023-12-01 09:05:58,8.661512822085424,31.428487572757014
2023-12-01 09:05:59,4.57375888292151,39.560828002350284
2023-12-01 09:06:00,2.2719760033456002,42.431596941009985
2023-12-01 09:06:01,5.77179157258049,38.10410751850066
2023-12-01 09:06:02,3.779714215757048,39.942068918778034
2023-12-01 09:06:03,1.8089545669569054,40.27457576757752
2023-12-01 09:06:04,2.093773582978969,37.33173570552941
2023-12-01 09:06:05,3.9595312910965177,37.470033562292244
2023-12-01 09:06:06,2.416037629759805,34.045000787805485
2023-12-01 09:06:07,6.132274025116976,36.77400857750306
2023-12-01 09:06:08,5.518954630335642,32.90912477115204
2023-12-01 09:06:09,5.208556122576895,28.782715448229848
2023-12-01 09:06:10,3.3600490050451093,40.34658933145334
2023-12-01 09:06:11,5.231305266260551,33.781396323403705
2023-12-01 09:06:12,5.200955249958206,39.021388568018196
2023-12-01 09:06:13,4.1678092039041745,37.24026332613629
2023-12-01 09:06:14,5.106221868256119,36.91996856881849
2023-12-01 09:06:15,3.844428389854902,45.14295932320631
2023-12-01 09:06:16,,
2023-12-01 09:06:17,,
2023-12-01 09:06:18,,
2023-12-01 09:06:19,,
2023-12-01 09:06:20,44.20786365443389,58.104703547934264
2023-12-01 09:06:21,36.71792342757557,64.84727879472061
2023-12-01 09:06:22,2.278528825601869,37.86904355546597
2023-12-01 09:06:23,8.586434318463604,37.315600778095416
2023-12-01 09:06:24,5.21001589948592,35.36067179706459
2023-12-01 09:06:25,6.200112428400602,39.20239707030737
2023-12-01 09:06:26,6.0699713091255925,31.978964290909957
2023-12-01 09:06:27,3.877479188728895,41.1555856649071
2023-12-01 09:06:28,4.956776107975823,34.86227722070161
2023-12-01 09:06:29,4.0257309609562055,32.90936052029261
2023-12-01 09:06:30,7.12206026761182,38.080651943832265
2023-12-01 09:06:31,0.8658390421241959,47.75603346492037
2023-12-01 09:06:32,0.7967058713152175,36.871765572898774
2023-12-01 09:06:33,6.827206389393277,27.326124551403616
2023-12-01 09:06:34,3.950988971218797,40.58863628887917
2023-12-01 09:06:35,4.471705379620659,31.898964101860198
2023-12-01 09:06:36,1.792308769697836,34.361692179734945
2023-12-01 09:06:37,3.6653362645501684,28.44923223642911
2023-12-01 09:06:38,8.427738176648337,40.696339924003894
2023-12-01 09:06:39,3.1869548541042785,41.02955155214945
2023-12-01 09:06:40,6.479945223179458,27.643475162513578
2023-12-01 09:06:41,3.7096978762304467,39.30018475983036
2023-12-01 09:06:42,3.5879474133987297,34.46365194349799
2023-12-01 09:06:43,4.471533141674842,31.847827594310733
2023-12-01 09:06:44,5.633998300212715,41.1209688240567
2023-12-01 09:06:45,7.470550340129192,28.987080147106596
2023-12-01 09:06:46,-1.0691343911467133,32.26894609454477
2023-12-01 09:06:47,3.2813572621313916,35.55664132390992
2023-12-01 09:06:48,6.47610471112077,36.16368482266879
2023-12-01 09:06:49,6.7139937513288075,34.73515721582726
2023-12-01 09:06:50,4.426236289428124,33.01728395917213
2023-12-01 09:06:51,4.113973507474667,31.885351409396666
2023-12-01 09:06:52,4.553796568905703,31.241328556421628
2023-12-01 09:06:53,3.1443755450440616,32.02042934046302
2023-12-01 09:06:54,6.553058802186695,27.34447726063152
2023-12-01 09:06:55,7.699234627400128,39.84415118584167
2023-12-01 09:06:56,4.656843529956746,41.241838013196876
2023-12-01 09:06:57,7.754503867555607,38.747748994988484
2023-12-01 09:06:58,4.0975165514122684,23.077830993600344
2023-12-01 09:06:59,7.012792892319301,46.17733150095429
2023-12-01 09:07:00,3.998905605246189,37.69162823150121
2023-12-01 09:07:01,8.209762290156304,34.7595125536232
2023-12-01 09:07:02,4.78284145848688,37.460189318447725
2023-12-01 09:07:03,3.348655353254293,31.069245815067422
2023-12-01 09:07:04,55.95091001942113,65.69048507953258
2023-12-01 09:07:05,42.20015317384338,63.1474811231752
2023-12-01 09:07:06,50.81211042169457,69.09190454462329
2023-12-01 09:07:07,45.19268392155677,68.31046355101682
2023-12-01 09:07:08,51.30302490560802,63.306906713423245
2023-12-01 09:07:09,38.11718385456164,61.642224153354434
2023-12-01 09:07:10,39.87341377816493,74.42194895680909
2023-12-01 09:07:11,52.60782172833026,62.33536856384956
2023-12-01 09:07:12,43.6984447089674,65.3709520054619
2023-12-01 09:07:13,47.447451662410316,69.69281196697108
2023-12-01 09:07:14,38.542182361485274,63.580957177646766
2023-12-01 09:07:15,46.362132305347515,60.30001290931549
2023-12-01 09:07:16,37.32627821691075,59.63409741898378
2023-12-01 09:07:17,42.403347874352825,55.661820543625964
2023-12-01 09:07:18,37.908518383780574,73.24806693524506
2023-12-01 09:07:19,41.75976721569092,76.81368881683674
2023-12-01 09:07:20,4.920929098986173,33.41485482861591
2023-12-01 09:07:21,4.602288962494721,36.27479375273824
2023-12-01 09:07:22,7.787383275987342,37.79986762339901
2023-12-01 09:07:23,5.4372871558165174,40.36165283844186
2023-12-01 09:07:24,4.558982283678168,37.60753188935023
2023-12-01 09:07:25,3.503493947329458,33.33624126296462
2023-12-01 09:07:26,5.590762186584035,35.62670303656539
2023-12-01 09:07:27,5.796550284439102,29.485674021944874
2023-12-01 09:07:28,2.741830026540954,33.51513645607741
2023-12-01 09:07:29,7.336673425597079,35.18104351912364
2023-12-01 09:07:30,5.874496007746719,33.50509019169177
2023-12-01 09:07:31,4.689684819371124,30.1379120558029
2023-12-01 09:07:32,6.951217295087841,45.563347656368975
2023-12-01 09:07:33,9.093221017691013,34.148068751171124
2023-12-01 09:07:34,5.438982259917384,40.726631302332194
2023-12-01 09:07:35,5.192569249143745,43.547233489801954
2023-12-01 09:07:36,4.771866450937319,36.321530889293776
2023-12-01 09:07:37,5.152849699709652,38.676256883917375
2023-12-01 09:07:38,5.6218940364478724,34.73735246765166
2023-12-01 09:07:39,4.7769022456925825,40.19246197619605
2023-12-01 09:07:40,48.30058701761652,70.90821783455019
2023-12-01 09:07:41,42.87198302972041,70.25052213967825
2023-12-01 09:07:42,-0.9582090821978815,33.55545185713396
2023-12-01 09:07:43,3.1405374663297847,32.05326206553682
2023-12-01 09:07:44,4.630685259787776,26.136647636982154
2023-12-01 09:07:45,5.191106481952723,41.9607013243562
2023-12-01 09:07:46,4.0069910783110725,35.244283042088256
2023-12-01 09:07:47,8.667833234538017,37.5669479453794
2023-12-01 09:07:48,2.919029504085056,33.46399985873071
2023-12-01 09:07:49,5.521080814449192,31.56730322850558
2023-12-01 09:07:50,3.0603348872064675,28.360142943650747
2023-12-01 09:07:51,5.236176855566619,30.71512877029339
2023-12-01 09:07:52,2.5710630836411825,35.95382836613822
2023-12-01 09:07:53,1.8482259779308574,40.83073263381261
2023-12-01 09:07:54,4.039771928246136,32.04451311715277
2023-12-01 09:07:55,4.817276403560102,44.688446779056925
2023-12-01 09:07:56,5.763443401721376,31.823530375394686
2023-12-01 09:07:57,2.112327681790204,32.67668114309569
2023-12-01 09:07:58,4.556448910150096,36.87263885474702
2023-12-01 09:07:59,2.382055223531099,33.47037903191704
2023-12-01 09:08:00,0.9158352977932847,37.532337504541744
2023-12-01 09:08:01,6.540012407479502,34.882259275398646
2023-12-01 09:08:02,2.696358696350982,27.896761501037407
2023-12-01 09:08:03,6.130775796832014,34.286487348800975
2023-12-01 09:08:04,7.4488114509635945,35.28179910428185
2023-12-01 09:08:05,1.4679911381370787,38.20126001794114
2023-12-01 09:08:06,6.155658080284939,39.73759824099113
2023-12-01 09:08:07,3.535222171791828,32.63493357998064
2023-12-01 09:08:08,44.70801531882681,70.7898286011922
2023-12-01 09:08:09,2.6449283083746877,33.798252954175666
2023-12-01 09:08:10,2.1635450142537227,35.20163824020414
2023-12-01 09:08:11,1.734812789858299,33.44155369077588
2023-12-01 09:08:12,5.5945973227115715,30.647930492870362
2023-12-01 09:08:13,3.407660524864349,36.77557422748471
2023-12-01 09:08:14,4.229394953828254,34.17208251436034
2023-12-01 09:08:15,5.106530688968203,36.45152899757154
2023-12-01 09:08:16,4.156673441469649,42.31524538387917
2023-12-01 09:08:17,8.48123513547071,39.07661540529417
2023-12-01 09:08:18,4.74802740374366,37.983162661836694
2023-12-01 09:08:19,4.8510642902833805,30.399394949776422
2023-12-01 09:08:20,7.46992639608203,29.77316598453532
2023-12-01 09:08:21,2.8450264191182946,35.01516793210275
2023-12-01 09:08:22,0.9816202660502764,38.714396573784796
2023-12-01 09:08:23,2.3267523864936495,35.31974190547318
2023-12-01 09:08:24,6.098316990482891,34.79610082667839
2023-12-01 09:08:25,4.998951741912495,40.89348212845996
2023-12-01 09:08:26,3.791622321482964,29.0258917470846
2023-12-01 09:08:27,6.148592592868571,30.355744851552615
2023-12-01 09:08:28,3.5077979992697976,24.819515363848836
2023-12-01 09:08:29,5.160206579991113,32.18794633469405
2023-12-01 09:08:30,4.042079518301725,38.10201096596408
2023-12-01 09:08:31,3.9489746623163495,45.19135870526998
2023-12-01 09:08:32,4.916106067056655,47.31557531944088
2023-12-01 09:08:33,4.437405903587621,32.76870111542525
2023-12-01 09:08:34,6.189193905427781,35.76781566398061
2023-12-01 09:08:35,4.555921236867382,29.308697948635995
2023-12-01 09:08:36,3.97554520918061,35.804135329266195
2023-12-01 09:08:37,,
2023-12-01 09:08:38,,
2023-12-01 09:08:39,,
2023-12-01 09:08:40,,
2023-12-01 09:08:41,,
2023-12-01 09:08:42,,
2023-12-01 09:08:43,,
2023-12-01 09:08:44,,
2023-12-01 09:08:45,,
2023-12-01 09:08:46,1.9349549534475243,43.060159577692225
2023-12-01 09:08:47,4.014082557481199,36.779082392379
2023-12-01 09:08:48,2.610148289597101,37.41106502522047
2023-12-01 09:08:49,6.363434521246093,40.45595659653399
2023-12-01 09:08:50,4.8537453102712105,34.49504750512927
2023-12-01 09:08:51,3.9159179149840746,39.85041227318024
2023-12-01 09:08:52,4.633987690994429,35.07594366884627
2023-12-01 09:08:53,7.501437237478084,32.63552549184006
2023-12-01 09:08:54,5.490954242435441,37.63396955261148
2023-12-01 09:08:55,5.461181903855129,39.1343420267915
2023-12-01 09:08:56,4.606825253662133,29.79580464649758
2023-12-01 09:08:57,5.063270740467678,27.364259919322635
2023-12-01 09:08:58,1.4731407772782048,42.274762863380644
2023-12-01 09:08:59,7.28270180578945,34.39442428639895
2023-12-01 09:09:00,4.0914040820996505,32.091139889658145
2023-12-01 09:09:01,3.9314554141588625,34.076129305566354
2023-12-01 09:09:02,7.170557692929644,34.35163960147705
2023-12-01 09:09:03,3.9519849522411468,29.72887665279743
2023-12-01 09:09:04,7.168087827051032,38.273274022750584
2023-12-01 09:09:05,2.9881175098163317,29.668601645412082
2023-12-01 09:09:06,4.81531834830905,31.181931498729824
2023-12-01 09:09:07,0.6828024407624929,31.904075616784148
2023-12-01 09:09:08,5.682103936772009,35.41257548168453
2023-12-01 09:09:09,3.332995663301391,45.990873564732055
2023-12-01 09:09:10,6.393608056257797,33.290375578080926
2023-12-01 09:09:11,6.596120231379295,26.640489006257866
2023-12-01 09:09:12,5.081534164034066,37.869392939654446
2023-12-01 09:09:13,4.192849077956324,40.11899043142715
2023-12-01 09:09:14,5.010974989868679,33.6436229140532
2023-12-01 09:09:15,4.839005882074054,32.97765677597849
2023-12-01 09:09:16,7.4686074819342405,34.54270609239648
2023-12-01 09:09:17,5.850638829279766,27.885890838756332
2023-12-01 09:09:18,5.806910547645947,36.520151253538295
2023-12-01 09:09:19,1.619295424440617,40.96518381585611
2023-12-01 09:09:20,4.571820793479852,37.54056701195107
2023-12-01 09:09:21,6.234801507467568,33.33284330175655
2023-12-01 09:09:22,7.484036937787081,28.43882588518599
2023-12-01 09:09:23,4.534229722027157,32.35914469461716
2023-12-01 09:09:24,5.167039679721746,36.15431878213428
2023-12-01 09:09:25,6.672433750720729,39.53772925737753
2023-12-01 09:09:26,4.781684863815687,28.2790843442517
2023-12-01 09:09:27,2.4407023538091632,33.12609408173328
2023-12-01 09:09:28,3.5174930402458884,36.055168441463
2023-12-01 09:09:29,4.962182311556205,44.17394846647689
2023-12-01 09:09:30,5.941321539802804,35.97893676195182
2023-12-01 09:09:31,7.2242469965554905,34.1036362248978
2023-12-01 09:09:32,31.388021353321705,68.0929153188109
2023-12-01 09:09:33,50.50631511900901,67.66617375816602
2023-12-01 09:09:34,7.483948640157443,36.89136250978571
2023-12-01 09:09:35,1.9189333042354688,30.70306183903266
2023-12-01 09:09:36,5.730039149001758,33.22532853588988
2023-12-01 09:09:37,5.568008107023942,37.360553429177465
2023-12-01 09:09:38,4.487409334193348,35.39800752450277
2023-12-01 09:09:39,2.4208481893089155,35.33062837209271
2023-12-01 09:09:40,7.2346102338747516,43.12309678361136
2023-12-01 09:09:41,1.6256291723998322,38.853823294343506
2023-12-01 09:09:42,10.480783469268246,30.097279780742966
2023-12-01 09:09:43,4.447567255667797,31.005534610857875
2023-12-01 09:09:44,3.5242181856027552,28.125954020986594
2023-12-01 09:09:45,3.254592224500728,31.559186808381874
2023-12-01 09:09:46,6.215513676371288,32.80879667365473
2023-12-01 09:09:47,0.3407791424930391,33.11253625458611
2023-12-01 09:09:48,3.148157053153275,33.39138807153528
2023-12-01 09:09:49,0.9916426557142914,36.33794918348452
2023-12-01 09:09:50,8.41661825211319,31.645231684018334
2023-12-01 09:09:51,5.776105894475295,35.21924824604435
2023-12-01 09:09:52,1.7055188331625613,30.8479097703225
2023-12-01 09:09:53,8.432000042311165,39.33737608113257
2023-12-01 09:09:54,3.79579078266604,37.79359882140271
2023-12-01 09:09:55,3.4759724308867637,40.548847078547766
2023-12-01 09:09:56,3.8656300573577256,33.37680837173839
2023-12-01 09:09:57,8.653872675142154,36.4358740787565
2023-12-01 09:09:58,7.497098484821099,36.05045204854577
2023-12-01 09:09:59,4.9718679783862125,42.231180339840485
2023-12-01 09:10:00,4.442278439091544,31.012042390174976
2023-12-01 09:10:01,9.50341512321637,44.45684350105742
2023-12-01 09:10:02,1.1965218567803664,38.845776901298905
2023-12-01 09:10:03,4.826950154902292,38.67608766289944
2023-12-01 09:10:04,3.545417517614985,34.510068476237706
2023-12-01 09:10:05,,
2023-12-01 09:10:06,,
2023-12-01 09:10:07,,
2023-12-01 09:10:08,,
2023-12-01 09:10:09,,
2023-12-01 09:10:10,,
2023-12-01 09:10:11,,
2023-12-01 09:10:12,,
2023-12-01 09:10:13,,
2023-12-01 09:10:14,,
2023-12-01 09:10:15,,
2023-12-01 09:10:16,6.40136900589724,34.250010536317276
2023-12-01 09:10:17,5.323875090930709,36.43708461146201
2023-12-01 09:10:18,4.615324897523322,35.22318848674433
2023-12-01 09:10:19,4.285696398804334,37.082244939564774
2023-12-01 09:10:20,5.086055451532891,26.692922110570763
2023-12-01 09:10:21,6.135656033161686,36.66709726510696
2023-12-01 09:10:22,4.728410991471985,34.472336299276215
2023-12-01 09:10:23,7.471262031225532,33.56143886929233
2023-12-01 09:10:24,6.523566600032355,37.4392735628047
2023-12-01 09:10:25,5.649576017017711,38.286873155863915
2023-12-01 09:10:26,0.7671142278647132,35.21460497508381
2023-12-01 09:10:27,5.957004763163316,40.27745905305605
2023-12-01 09:10:28,6.942233230708986,33.36997930859422
2023-12-01 09:10:29,7.117307298123112,39.04597563502203
2023-12-01 09:10:30,5.361280060054445,36.49681749728319
2023-12-01 09:10:31,6.553455096798811,30.860974699984823
2023-12-01 09:10:32,3.971618688345381,41.344860025978555
2023-12-01 09:10:33,7.446774455596128,45.285993995544885
2023-12-01 09:10:34,0.39800313563713186,30.441958034065227
2023-12-01 09:10:35,4.480556342412016,40.429129781707005
2023-12-01 09:10:36,6.136063421130335,29.79344720429843
2023-12-01 09:10:37,1.5278137311321327,24.842895866397626
2023-12-01 09:10:38,,
2023-12-01 09:10:39,,
2023-12-01 09:10:40,,
2023-12-01 09:10:41,,
2023-12-01 09:10:42,,
2023-12-01 09:10:43,,
2023-12-01 09:10:44,,
2023-12-01 09:10:45,59.53907719640423,77.3989163358645
2023-12-01 09:10:46,6.020353083633779,38.5419471815805
2023-12-01 09:10:47,4.013701674744227,31.052743175865277
2023-12-01 09:10:48,4.763710680683863,33.52123030467747
2023-12-01 09:10:49,4.350912538694509,29.189995788213277
2023-12-01 09:10:50,6.77516278622961,34.15719166890663
2023-12-01 09:10:51,44.72562145355606,78.41279753183494
2023-12-01 09:10:52,0.7282613913749172,35.73814100344684
2023-12-01 09:10:53,5.737474068178041,35.868870664615635
2023-12-01 09:10:54,5.408274139115651,28.964156403642853
2023-12-01 09:10:55,7.509241691024399,36.99671655504117
2023-12-01 09:10:56,2.9846100107240505,39.84055376893387
2023-12-01 09:10:57,5.375046038255954,31.85991969874857
2023-12-01 09:10:58,5.787339385664038,30.12555260736875
2023-12-01 09:10:59,8.455221169948079,28.491472610128447
2023-12-01 09:11:00,4.902279075860258,36.49729984940527
2023-12-01 09:11:01,2.2158534898735507,34.83785254573631
2023-12-01 09:11:02,3.729418469676636,38.8849900586945
2023-12-01 09:11:03,4.839705535698908,31.26588245182918
2023-12-01 09:11:04,4.768278607311109,31.56553030738793
2023-12-01 09:11:05,3.4497917530055906,31.074181965411896
2023-12-01 09:11:06,4.138022510737997,34.515690691537706
2023-12-01 09:11:07,6.093089844261404,41.4352659097023
2023-12-01 09:11:08,8.641558543304491,36.63488632510947
2023-12-01 09:11:09,5.612002666716047,35.32902255793818
2023-12-01 09:11:10,5.083811700985729,24.972903153928037
2023-12-01 09:11:11,8.990665134130325,35.92117191065715
2023-12-01 09:11:12,4.783735662695833,34.48391428536808
2023-12-01 09:11:13,5.17625257872385,29.499428314351604
2023-12-01 09:11:14,4.1613478090804845,36.48984435359704
2023-12-01 09:11:15,45.27988612943912,82.1360886445245
2023-12-01 09:11:16,40.78407375426444,74.33636891886593
2023-12-01 09:11:17,4.872658930510659,35.45811908266381
2023-12-01 09:11:18,,
2023-12-01 09:11:19,,
2023-12-01 09:11:20,,
2023-12-01 09:11:21,,
2023-12-01 09:11:22,,
2023-12-01 09:11:23,4.974554792874574,36.56069880391974
2023-12-01 09:11:24,5.291080691025647,34.074156352246355
2023-12-01 09:11:25,4.186110407491073,36.60646313947674
2023-12-01 09:11:26,6.232970257396056,30.30642016756225
2023-12-01 09:11:27,6.874588693987595,38.3625584877088
2023-12-01 09:11:28,4.262289929652099,26.623065799379553
2023-12-01 09:11:29,4.253734555795017,35.84291000213449
2023-12-01 09:11:30,5.148429545861947,35.756140423682865
2023-12-01 09:11:31,6.332160871570196,37.26121135543577
2023-12-01 09:11:32,4.672241862036068,31.95518097617425
2023-12-01 09:11:33,5.5222358307367765,40.98652274126976
2023-12-01 09:11:34,5.753710051895364,29.976936600101727
2023-12-01 09:11:35,5.822660299136536,37.55149197149962
2023-12-01 09:11:36,4.742897824151369,28.79935451686098
2023-12-01 09:11:37,0.10147481398087255,33.538825660198754
2023-12-01 09:11:38,6.329537234158083,34.481967810250225
2023-12-01 09:11:39,4.965750079581212,31.61381462405094
2023-12-01 09:11:40,6.423297808729,36.628811306349085
2023-12-01 09:11:41,7.102840872912117,33.17218116331609
2023-12-01 09:11:42,5.1880981560467605,39.99690563915899
2023-12-01 09:11:43,6.617559924921673,36.48530847243201
2023-12-01 09:11:44,5.2638797186921575,44.370170600065535
2023-12-01 09:11:45,4.51279509634766,40.09484539311774
2023-12-01 09:11:46,5.321303888383489,28.260874559865393
2023-12-01 09:11:47,3.3626138534262706,37.40370370735586
2023-12-01 09:11:48,6.404185383324497,35.80721602485054
2023-12-01 09:11:49,4.5658945123553165,40.22014295864858
2023-12-01 09:11:50,6.248957056587648,35.298250200834225
2023-12-01 09:11:51,4.744890454379046,28.368146692945906
2023-12-01 09:11:52,6.147690474810766,36.049274186133935
2023-12-01 09:11:53,8.213512470003232,31.902460704889563
2023-12-01 09:11:54,3.843037652391147,35.1441309426647
2023-12-01 09:11:55,4.15138476045582,34.68853353696582
2023-12-01 09:11:56,8.519935880735181,35.1110364143625
2023-12-01 09:11:57,6.920554092447373,39.21436857296005
2023-12-01 09:11:58,8.14654048111311,38.70168145079837
2023-12-01 09:11:59,3.714135336364449,32.95153239686259
2023-12-01 09:12:00,8.48373576559818,32.974351610039946
2023-12-01 09:12:01,,
2023-12-01 09:12:02,,
2023-12-01 09:12:03,,
2023-12-01 09:12:04,,
2023-12-01 09:12:05,4.264984546630748,35.58684450554104
2023-12-01 09:12:06,3.2931782281222652,32.71387460484284
2023-12-01 09:12:07,2.8960481193165513,43.51746856339102
2023-12-01 09:12:08,6.7736853606298295,32.64314116413635
2023-12-01 09:12:09,6.112147731558692,37.34786135223326
2023-12-01 09:12:10,4.1676760242914535,34.605001760301974
2023-12-01 09:12:11,3.5341878817723966,33.83140339419749
2023-12-01 09:12:12,4.186002878991646,32.83703574566648
2023-12-01 09:12:13,3.875645326307925,40.15208625820448
2023-12-01 09:12:14,1.8723332198125346,31.045120815264465
2023-12-01 09:12:15,4.213213639192149,35.287259299738025
2023-12-01 09:12:16,3.1997280545985918,35.10502085144172
2023-12-01 09:12:17,4.474838065326279,37.133022557648935
2023-12-01 09:12:18,5.229628591585305,33.83863312359624
2023-12-01 09:12:19,5.803336148571708,40.448740560897974
2023-12-01 09:12:20,4.76035977002657,30.28762965261745
2023-12-01 09:12:21,4.945763121202546,43.86315235066267
2023-12-01 09:12:22,1.7459995632794874,25.850108821531098
2023-12-01 09:12:23,3.9322426710914646,34.19956283217768
2023-12-01 09:12:24,4.922137322603164,42.989533789991725
2023-12-01 09:12:25,4.536225642168012,34.200064879388094
2023-12-01 09:12:26,5.9241503207189945,39.19334531714098
2023-12-01 09:12:27,4.653507166434945,35.3217991405351
2023-12-01 09:12:28,1.8196606557490074,32.43485697038811
2023-12-01 09:12:29,7.039405905640724,33.82851275550004
2023-12-01 09:12:30,6.889791696919322,32.69016714184255
2023-12-01 09:12:31,4.798213861968619,31.248182918936756
2023-12-01 09:12:32,5.9617090585869255,41.45673285246334
2023-12-01 09:12:33,7.471134006737398,38.89177430601989
2023-12-01 09:12:34,3.4035738196665672,37.76081269232552
2023-12-01 09:12:35,5.774928691914957,40.92644247220067
2023-12-01 09:12:36,43.7696359398917,67.46332928523725
2023-12-01 09:12:37,39.81803586564182,70.81689175042605
2023-12-01 09:12:38,45.077659289911765,55.89824413404514
2023-12-01 09:12:39,46.573263855825566,68.67239546214994
2023-12-01 09:12:40,43.08260364086886,70.58429645562947
2023-12-01 09:12:41,43.797884319717035,58.679631481307496
2023-12-01 09:12:42,49.91031964545881,65.1314234166274
2023-12-01 09:12:43,45.46892382052842,66.70408026180549
2023-12-01 09:12:44,35.28212221918294,65.97631536890223
2023-12-01 09:12:45,42.86337717160136,68.97074162582095
2023-12-01 09:12:46,46.59411957686897,64.89618584154509
2023-12-01 09:12:47,42.97807738059037,64.5795242201857
2023-12-01 09:12:48,47.65039547814831,53.862420804037264
2023-12-01 09:12:49,38.80288751317002,60.57611783482936
2023-12-01 09:12:50,40.17548018922849,56.50146636363451
2023-12-01 09:12:51,45.69935674232586,66.77142138116525
2023-12-01 09:12:52,37.23751598175418,76.02170039730521
2023-12-01 09:12:53,56.40716996466985,63.29303856582721
2023-12-01 09:12:54,41.98062347581008,63.447805910788915
2023-12-01 09:12:55,44.322801446046235,60.08852159473761
2023-12-01 09:12:56,45.88912540709135,62.345670324284235
2023-12-01 09:12:57,38.79360676554879,67.21283912358454
2023-12-01 09:12:58,41.85959568406609,62.489891459061624
2023-12-01 09:12:59,43.726646316490665,73.69035865559327
2023-12-01 09:13:00,46.978677083944326,61.764287499265826
2023-12-01 09:13:01,,
2023-12-01 09:13:02,,
2023-12-01 09:13:03,,
2023-12-01 09:13:04,,
2023-12-01 09:13:05,,
2023-12-01 09:13:06,,
2023-12-01 09:13:07,,
2023-12-01 09:13:08,,
2023-12-01 09:13:09,,
2023-12-01 09:13:10,,
2023-12-01 09:13:11,,
2023-12-01 09:13:12,,
2023-12-01 09:13:13,,
2023-12-01 09:13:14,,
2023-12-01 09:13:15,,
2023-12-01 09:13:16,,
2023-12-01 09:13:17,,
2023-12-01 09:13:18,,
2023-12-01 09:13:19,,
2023-12-01 09:13:20,3.815486048961631,30.599829067272967
2023-12-01 09:13:21,2.624222866521969,39.5939156775071
2023-12-01 09:13:22,6.222267300968446,37.432920405043326
2023-12-01 09:13:23,3.0954961018127882,36.07363318985732
2023-12-01 09:13:24,4.895254292032066,39.01328724765667
2023-12-01 09:13:25,3.7763044306941884,28.601635645047907
2023-12-01 09:13:26,5.282491778885534,34.39106858187575
2023-12-01 09:13:27,3.7564088334034746,37.42174779722457
2023-12-01 09:13:28,5.113689152499755,27.738714959406213
2023-12-01 09:13:29,4.0771659205125195,40.01238524354705
2023-12-01 09:13:30,6.274406510860524,35.319507623503156
2023-12-01 09:13:31,2.4215647733212955,34.37230099943373
2023-12-01 09:13:32,6.32004458350182,26.777863295412253
2023-12-01 09:13:33,3.106277625944345,42.91661070842006
2023-12-01 09:13:34,4.009329927773624,36.22675246720395
2023-12-01 09:13:35,6.297749479454621,28.014152859849908
2023-12-01 09:13:36,3.4927057320082686,35.84842669557882
2023-12-01 09:13:37,6.182652449205351,35.075958922296834
2023-12-01 09:13:38,6.95900399441038,30.90773274803148
2023-12-01 09:13:39,4.563808321026632,36.07195535209656
2023-12-01 09:13:40,10.021449645717256,44.00941186438129
2023-12-01 09:13:41,6.696465441147896,33.62696643709791
2023-12-01 09:13:42,6.678681714295735,28.124729015076174
2023-12-01 09:13:43,3.4158011564071176,36.29206332957838
2023-12-01 09:13:44,4.273609730017926,35.196240595644895
2023-12-01 09:13:45,4.912637230745613,38.9052064230592
2023-12-01 09:13:46,2.8730105586257695,41.94585115853896
2023-12-01 09:13:47,1.598046511077623,31.46160346296897
2023-12-01 09:13:48,2.87979210321607,41.61951812506289
2023-12-01 09:13:49,5.310649710001267,35.003529076102296
2023-12-01 09:13:50,7.051100959560127,31.131133130048273
2023-12-01 09:13:51,4.820224434609994,36.78469428192663
2023-12-01 09:13:52,10.17930128235495,40.56801252856404
2023-12-01 09:13:53,6.141796814482825,32.87318972664262
2023-12-01 09:13:54,1.2099400025524853,29.896811971523675
2023-12-01 09:13:55,6.708911808855815,33.837555228307004
2023-12-01 09:13:56,3.218203874900652,38.098781048380054
2023-12-01 09:13:57,5.893427667496569,35.84993223034152
2023-12-01 09:13:58,4.707504050582745,35.565239403534626
2023-12-01 09:13:59,3.392743253655309,40.587545053400554
2023-12-01 09:14:00,1.649045428200965,40.05993671272706
2023-12-01 09:14:01,5.1273885618981465,32.813397889143886
2023-12-01 09:14:02,5.275061637250861,38.6992301927904
2023-12-01 09:14:03,6.731932662003723,23.825236509858946
2023-12-01 09:14:04,3.186784385655407,38.859860798118895
2023-12-01 09:14:05,0.9284490831597152,25.75440562112066
2023-12-01 09:14:06,5.772070415445252,42.53690480552329
2023-12-01 09:14:07,7.064997825134249,37.755218832169035
2023-12-01 09:14:08,4.62422121434998,34.087226578789824
2023-12-01 09:14:09,7.782374230434788,32.902531093695195
2023-12-01 09:14:10,7.052086499990811,42.76943369788893
2023-12-01 09:14:11,3.588577383812976,24.376375949719716
2023-12-01 09:14:12,5.82967985067544,28.963752733622776
2023-12-01 09:14:13,3.2994789820750388,37.09269635056081
2023-12-01 09:14:14,4.02815012777936,32.9089881601045
2023-12-01 09:14:15,4.077411012807464,33.80793032955786
2023-12-01 09:14:16,5.3631352356670305,31.232365543129397
2023-12-01 09:14:17,3.7618312070660744,42.603890344555204
2023-12-01 09:14:18,4.731303783036863,27.198478845550493
2023-12-01 09:14:19,6.36554249694013,30.807400602345393
2023-12-01 09:14:20,6.269433917569249,40.00723692586912
2023-12-01 09:14:21,3.25282546504714,33.999334955562624
2023-12-01 09:14:22,4.247947460860878,28.84083988756587
2023-12-01 09:14:23,5.440480061815026,29.135288514582065
2023-12-01 09:14:24,4.51331292231376,34.99113329446302
2023-12-01 09:14:25,4.678176842986029,30.79207284249739
2023-12-01 09:14:26,6.2112522287220475,38.01113790008838
2023-12-01 09:14:27,3.4161718462285253,42.560336599142616
2023-12-01 09:14:28,51.23081249758638,65.37720383778773
2023-12-01 09:14:29,42.19027395498974,77.76790757648686
2023-12-01 09:14:30,4.2272752978864165,34.54450329251334
2023-12-01 09:14:31,-1.2734149428692607,31.886865329297688
2023-12-01 09:14:32,39.388639798545675,71.24898453233946
2023-12-01 09:14:33,43.676321945804276,83.02156141619848
2023-12-01 09:14:34,5.594422949037596,30.19792092566219
2023-12-01 09:14:35,6.784749163981602,29.319083904714944
2023-12-01 09:14:36,6.044530515174666,37.20266565704086
2023-12-01 09:14:37,5.199895543590735,35.07757830646972
2023-12-01 09:14:38,4.275862324041387,32.86120792319639
2023-12-01 09:14:39,4.349718742783311,36.18095537110588
2023-12-01 09:14:40,3.6012782445686087,29.30954706066852
2023-12-01 09:14:41,6.412127788725326,34.289992524375485
2023-12-01 09:14:42,6.41601315190525,27.62785506558358
2023-12-01 09:14:43,5.2871623715983995,32.479460594408394
2023-12-01 09:14:44,4.34018399434519,31.689273933321765
2023-12-01 09:14:45,3.923813905933235,39.20351300243355
2023-12-01 09:14:46,7.210133419169127,31.39520885948946
2023-12-01 09:14:47,3.6698874776986443,32.88799585714143
2023-12-01 09:14:48,2.076425956500645,36.62608639057217
2023-12-01 09:14:49,3.8533695744265932,37.70720075605623
2023-12-01 09:14:50,4.789916524816676,35.29690218585266
2023-12-01 09:14:51,5.404022153198838,37.56064564563262
2023-12-01 09:14:52,5.718347730162484,33.43767516185232
2023-12-01 09:14:53,7.0936117508746985,33.739816692874854
2023-12-01 09:14:54,2.1220444493459696,40.17078570050415
2023-12-01 09:14:55,9.017025518030744,41.36642828766718
2023-12-01 09:14:56,6.127135344311329,26.36594546992891
2023-12-01 09:14:57,5.751832963762512,31.221590471422225
2023-12-01 09:14:58,6.845414793894988,30.722418246869875
2023-12-01 09:14:59,5.258463333090802,26.457801793866377
2023-12-01 09:15:00,3.5971261782870645,45.577711270811314
2023-12-01 09:15:01,1.4580996631882543,31.744641106239243
2023-12-01 09:15:02,6.704765642814999,34.59197838208363
2023-12-01 09:15:03,6.41710216816543,31.928008108756636
2023-12-01 09:15:04,1.7788096411274545,43.832540664711416
2023-12-01 09:15:05,4.323156282305506,23.620212857179485
2023-12-01 09:15:06,2.8571465272952348,30.104855691784262
2023-12-01 09:15:07,4.449899543032712,36.17358075973648
2023-12-01 09:15:08,1.5167530730455288,27.97634203121123
2023-12-01 09:15:09,6.221759551407592,41.75192302300889
2023-12-01 09:15:10,3.394635833558723,34.50130449391312
2023-12-01 09:15:11,6.312527424065441,30.713386992390667
2023-12-01 09:15:12,8.12399319658767,33.19832775068539
2023-12-01 09:15:13,3.1918588996756942,32.32080270852963
2023-12-01 09:15:14,3.827803125744051,31.609765366092706
2023-12-01 09:15:15,4.857431098211094,34.892658002206566
2023-12-01 09:15:16,4.187461678394456,39.165161747725236
2023-12-01 09:15:17,6.238760999678524,39.43057043326029
2023-12-01 09:15:18,7.372372367307456,36.02229026591802
2023-12-01 09:15:19,3.406577475702842,38.83649734044802
2023-12-01 09:15:20,2.553658451971128,41.86747613500093
2023-12-01 09:15:21,5.235595427412971,34.51211403411824
2023-12-01 09:15:22,4.647640972458645,37.03097989048348
2023-12-01 09:15:23,4.662378182889098,32.620934827609084
2023-12-01 09:15:24,3.866352174690104,38.222725395654905
2023-12-01 09:15:25,6.796845549631653,27.145958321087043
2023-12-01 09:15:26,6.556830952314714,35.464695724822306
2023-12-01 09:15:27,3.917715608301995,31.715405023230947
2023-12-01 09:15:28,4.013413677192343,44.36659848866839
2023-12-01 09:15:29,7.276508973403874,40.052011461165286
2023-12-01 09:15:30,2.553898781426005,38.27818144332138
2023-12-01 09:15:31,7.342616147556565,36.57706063034406
2023-12-01 09:15:32,6.299124260395198,31.646419023695945
2023-12-01 09:15:33,4.949718353535816,30.761282703410924
2023-12-01 09:15:34,4.260707125557033,32.294812420725044
2023-12-01 09:15:35,8.061533448922532,33.66225914376803
2023-12-01 09:15:36,5.098037229500942,36.42494931042029
2023-12-01 09:15:37,4.561597817818024,36.15849153870472
2023-12-01 09:15:38,2.477342079330287,46.39881894950533
2023-12-01 09:15:39,4.187385375465426,36.85433259417872
2023-12-01 09:15:40,4.611539060146049,37.913607792579455
2023-12-01 09:15:41,6.36716106346444,39.077968074345634
2023-12-01 09:15:42,3.372845033504878,30.482224037764084
2023-12-01 09:15:43,3.3330000387012237,33.584666627867634
2023-12-01 09:15:44,5.7798473275681355,30.69234004749117
2023-12-01 09:15:45,5.639758952707937,33.92865265013142
2023-12-01 09:15:46,2.9849999767594206,35.658358651429616
2023-12-01 09:15:47,5.704767463911846,34.517706103414305
2023-12-01 09:15:48,6.841797746751749,29.188120464016283
2023-12-01 09:15:49,7.561647406344587,28.31505528822449
2023-12-01 09:15:50,4.5340672378150675,37.74896140553474
2023-12-01 09:15:51,6.536677894916847,34.02894438367232
2023-12-01 09:15:52,5.168782417348605,39.88585347042452
2023-12-01 09:15:53,2.6420329285809223,28.76484714657883
2023-12-01 09:15:54,3.3325144934549202,19.358708896344318
2023-12-01 09:15:55,1.2359952007308803,36.400323085693024
2023-12-01 09:15:56,3.5934781415399586,30.92983752094035
2023-12-01 09:15:57,2.665646334968379,36.05173299812035
2023-12-01 09:15:58,2.115805180320446,31.41751199632574
2023-12-01 09:15:59,3.520726094930959,28.017362471146487
2023-12-01 09:16:00,3.4061672716666442,37.06074607369442
2023-12-01 09:16:01,6.6159490737936695,26.48843214623579
2023-12-01 09:16:02,5.750286401406928,46.447031665862106
2023-12-01 09:16:03,6.522229634846049,34.52878324932418
2023-12-01 09:16:04,52.2336808306178,67.37266099887049
2023-12-01 09:16:05,34.394077051800565,66.43497787879849
2023-12-01 09:16:06,41.80957133964088,64.50836287883845
2023-12-01 09:16:07,4.258284693787022,37.07457043561841
2023-12-01 09:16:08,5.168489235448311,37.1078663359429
2023-12-01 09:16:09,4.347036085757207,28.50019897802728
2023-12-01 09:16:10,4.177870881849987,35.63091321294231
2023-12-01 09:16:11,6.190861934645049,40.14812423083272
2023-12-01 09:16:12,43.534878497854045,63.89889025453084
2023-12-01 09:16:13,34.08899569284608,74.28880347296209
2023-12-01 09:16:14,43.248564639239135,69.70569937810802
2023-12-01 09:16:15,5.215612165132591,46.0144975422277
2023-12-01 09:16:16,1.420540352896527,36.94270495840971
2023-12-01 09:16:17,3.474300535377566,36.44892341940964
2023-12-01 09:16:18,8.769204523723852,45.02072346193971
2023-12-01 09:16:19,2.902780606306158,33.679120303110004
2023-12-01 09:16:20,6.235005389543004,42.64761075585152
2023-12-01 09:16:21,0.4304968119644812,43.147474224650665
2023-12-01 09:16:22,7.617805069819772,33.806415973883375
2023-12-01 09:16:23,8.711675506991941,40.235539657476075
2023-12-01 09:16:24,4.419718507697974,40.78620743130685
2023-12-01 09:16:25,4.713965329600004,38.523696483608056
2023-12-01 09:16:26,5.905306174622902,41.091053695083055
2023-12-01 09:16:27,9.03850856077916,39.805256421888714
2023-12-01 09:16:28,4.208710758113122,31.1781069709278
2023-12-01 09:16:29,7.305229072708393,34.534735706294384
2023-12-01 09:16:30,47.75111620904637,80.54329412610993
2023-12-01 09:16:31,49.57607551219523,68.76070071800565
2023-12-01 09:16:32,46.07792856637399,67.6529237659606
2023-12-01 09:16:33,6.466826795952217,43.308180593481325
2023-12-01 09:16:34,45.361893777777034,72.7062954616009
2023-12-01 09:16:35,36.56204046680242,62.69049689155871
2023-12-01 09:16:36,50.5151788639422,60.1966017111338
2023-12-01 09:16:37,43.320657991718655,60.62807826359984
2023-12-01 09:16:38,49.05146450773937,73.03480452702847
2023-12-01 09:16:39,46.9686510735368,64.20311619769629
2023-12-01 09:16:40,37.05769729556531,73.01443882769827
2023-12-01 09:16:41,45.37020812830974,68.76657688615741
2023-12-01 09:16:42,51.44999641005469,70.96790606595022
2023-12-01 09:16:43,49.03023560489149,66.38587175814736
2023-12-01 09:16:44,43.65046422974859,66.63325938661235
2023-12-01 09:16:45,37.70504433413198,65.42275551215135
2023-12-01 09:16:46,55.43069404317306,63.91148024119925
2023-12-01 09:16:47,47.812935685405606,63.26488237179849
2023-12-01 09:16:48,49.57188793747258,68.96792378292474
2023-12-01 09:16:49,47.82732141591847,56.67251330395019
2023-12-01 09:16:50,42.482229360438765,64.58825718863866
2023-12-01 09:16:51,36.91182305134656,60.85519476390431
2023-12-01 09:16:52,40.22114817869984,65.04434708894681
2023-12-01 09:16:53,3.4074129278133705,40.64102751055591
2023-12-01 09:16:54,50.352940477765074,66.95094737484992
2023-12-01 09:16:55,8.196436273291924,24.286021608202038
2023-12-01 09:16:56,6.554573496688591,38.386753322865204
2023-12-01 09:16:57,5.9133718165665545,41.66691184271344
2023-12-01 09:16:58,6.955112280735195,28.40938711888844
2023-12-01 09:16:59,6.030856854516299,38.77944840150429
2023-12-01 09:17:00,5.763472312058533,24.047506716951116
2023-12-01 09:17:01,5.354360471772827,27.343371944193816
2023-12-01 09:17:02,6.713428437920949,37.83120759202538
2023-12-01 09:17:03,4.730915878923612,38.50544501999249
2023-12-01 09:17:04,2.7069994970233475,36.37745575116352
2023-12-01 09:17:05,9.110028995009632,48.036012702383545
2023-12-01 09:17:06,6.528116951585019,38.07251768963565
2023-12-01 09:17:07,5.69692231486238,39.54302400474197
2023-12-01 09:17:08,3.1650415685758664,32.83209159640447
2023-12-01 09:17:09,3.154385670476218,42.749651987319865
2023-12-01 09:17:10,9.474880599321093,25.74564723592286
2023-12-01 09:17:11,5.277580427250319,37.207926386343594
2023-12-01 09:17:12,3.031914547612799,34.66541430031638
2023-12-01 09:17:13,4.02801169780733,42.07858850801582
2023-12-01 09:17:14,8.228945589077078,42.18396367057759
2023-12-01 09:17:15,7.142421766900856,37.7960771669705
2023-12-01 09:17:16,1.1592505379401463,37.13950412293059
2023-12-01 09:17:17,5.599791953148917,38.294827813993315
2023-12-01 09:17:18,7.814725510999257,40.66560754024679
2023-12-01 09:17:19,5.888273145322715,28.67758674496347
2023-12-01 09:17:20,4.2374054110787736,33.32053885404695
2023-12-01 09:17:21,8.731389721720765,28.959959168810286
2023-12-01 09:17:22,4.932394173582933,36.70364004892713
2023-12-01 09:17:23,4.5215678591425315,42.331956907752605
2023-12-01 09:17:24,4.023899362140606,37.28735983218967
2023-12-01 09:17:25,6.22171153121658,35.77386493237711
2023-12-01 09:17:26,5.313884972154049,35.87545574247384
2023-12-01 09:17:27,3.7117107462430914,32.69196372449677
2023-12-01 09:17:28,3.8562105514140983,35.75128555496114
2023-12-01 09:17:29,3.3981169210782314,36.177170209832965
2023-12-01 09:17:30,4.571586229841354,42.026383060061775
2023-12-01 09:17:31,5.530224032520674,34.849919864882445
2023-12-01 09:17:32,3.652116405439985,34.366003688234464
2023-12-01 09:17:33,9.23066863325362,34.834635846009725
2023-12-01 09:17:34,1.6243702351246938,31.465667489865375
2023-12-01 09:17:35,6.287088473296941,40.24662885826852
2023-12-01 09:17:36,8.559010443698384,35.8682728224812
2023-12-01 09:17:37,4.93811621180584,33.02950819615136
2023-12-01 09:17:38,3.5248374449613973,37.21060277598666
2023-12-01 09:17:39,2.1257990232752557,34.157639881937
2023-12-01 09:17:40,2.538265230775149,26.554661555899948
2023-12-01 09:17:41,5.688639829593518,36.82379681188093
2023-12-01 09:17:42,4.780218349290425,39.86022158239709
2023-12-01 09:17:43,47.41956138385419,77.99784253680934
2023-12-01 09:17:44,48.56859230301465,67.77688721437184
2023-12-01 09:17:45,6.890355652784693,30.56921189168557
2023-12-01 09:17:46,5.485238858690574,32.272453148014705
2023-12-01 09:17:47,3.4572903228957337,45.85362120056719
2023-12-01 09:17:48,2.4928842596892298,44.46745201496444
2023-12-01 09:17:49,4.009191981788495,38.87824372586161
2023-12-01 09:17:50,6.4635199772684935,43.3831391040585
2023-12-01 09:17:51,3.046241966850179,34.16610822102534
2023-12-01 09:17:52,2.394998277731041,31.013076599159906
2023-12-01 09:17:53,45.07567081156241,57.897184708342856
2023-12-01 09:17:54,42.0183413120454,55.84000921973456
2023-12-01 09:17:55,43.616446226650304,67.13617887703101
2023-12-01 09:17:56,42.803077233979785,69.66097050282424
2023-12-01 09:17:57,46.252471449846446,67.65490761322364
2023-12-01 09:17:58,54.05645378880946,65.87019713894189
2023-12-01 09:17:59,43.63011156873265,62.93966004346929
2023-12-01 09:18:00,39.24144619904325,62.28278912986732
2023-12-01 09:18:01,41.71064917197796,74.10888499015891
2023-12-01 09:18:02,45.00842287987395,69.77879412054163
2023-12-01 09:18:03,37.77889482656603,57.83034197448336
2023-12-01 09:18:04,39.882484376693384,62.12350645794225
2023-12-01 09:18:05,45.051849578733105,72.89182307184251
2023-12-01 09:18:06,50.660834757783995,63.06085543667595
2023-12-01 09:18:07,46.63263159215395,66.03681005321972
2023-12-01 09:18:08,43.67022922859769,66.98771724509518
2023-12-01 09:18:09,31.451120916046303,54.73547635495545
2023-12-01 09:18:10,44.04309932635169,74.17105618735272
2023-12-01 09:18:11,48.722120500622275,68.26587849934079
2023-12-01 09:18:12,43.30097940474,60.75248044917631
2023-12-01 09:18:13,58.14970902775955,68.9921520651409
2023-12-01 09:18:14,49.585969192044246,62.4374069506564
2023-12-01 09:18:15,44.2286571945897,67.88908667555762
2023-12-01 09:18:16,48.485601058086246,60.799224775791714
2023-12-01 09:18:17,48.37961899710936,64.51881180895631
2023-12-01 09:18:18,5.941240991665865,37.54103472476428
2023-12-01 09:18:19,2.7353238611699715,39.541033268257785
2023-12-01 09:18:20,3.8891115477599527,34.24203456291809
2023-12-01 09:18:21,5.73509540191265,29.726843159984224
2023-12-01 09:18:22,6.377281892221225,41.304443823220176
2023-12-01 09:18:23,6.152483235461482,30.129182076683172
2023-12-01 09:18:24,1.4019900087983923,33.165951407711546
2023-12-01 09:18:25,2.913135972775258,34.494159887577844
2023-12-01 09:18:26,9.396911496294141,32.045602207906526
2023-12-01 09:18:27,4.6324814402562655,29.316160624117742
2023-12-01 09:18:28,6.828389004496027,35.11941425806434
2023-12-01 09:18:29,4.7332791140255015,33.31583339751003
2023-12-01 09:18:30,44.4339956354398,61.066605050619856
2023-12-01 09:18:31,44.735424856528326,66.34482113745663
2023-12-01 09:18:32,38.50447320906187,62.478273081203554
2023-12-01 09:18:33,42.18197077971739,74.84287089567479
2023-12-01 09:18:34,43.69101749618764,70.51912010052831
2023-12-01 09:18:35,47.37993644359856,56.05690316819537
2023-12-01 09:18:36,43.94640984189545,62.66764726841953
2023-12-01 09:18:37,38.32937305965388,64.3222215092498
2023-12-01 09:18:38,40.636021488383406,70.31433515327858
2023-12-01 09:18:39,51.61475469352269,73.64979499791056
2023-12-01 09:18:40,50.98308977628953,71.39768401129649
2023-12-01 09:18:41,42.75028115458883,66.11469710230975
2023-12-01 09:18:42,53.782520411602796,71.62993236644999
2023-12-01 09:18:43,34.181241767495294,66.42985837126795
2023-12-01 09:18:44,39.1648759473866,60.15143376554828
2023-12-01 09:18:45,42.545766720267025,74.11948690290409
2023-12-01 09:18:46,44.19480005667355,68.38238583798967
2023-12-01 09:18:47,37.31998897315125,67.41686034614749
2023-12-01 09:18:48,45.72643009809195,59.99472196539895
2023-12-01 09:18:49,48.41620113980963,65.37423914889143
2023-12-01 09:18:50,47.08404191425143,70.82193157900468
2023-12-01 09:18:51,41.932660674688066,56.3240642473071
2023-12-01 09:18:52,51.44388692296523,66.57184710726658
2023-12-01 09:18:53,44.80053203305917,56.679884810959976
2023-12-01 09:18:54,6.584885529635161,26.52017182948309
2023-12-01 09:18:55,5.933995376537884,34.25426044109799
2023-12-01 09:18:56,7.782375882343503,26.549818369142386
2023-12-01 09:18:57,1.347552202377404,44.699840046205
2023-12-01 09:18:58,7.701092758212704,32.74359595668937
2023-12-01 09:18:59,5.803624113711032,31.99019276786084
2023-12-01 09:19:00,5.656513309569612,34.145905407997496
2023-12-01 09:19:01,4.54340985986935,36.87918616924737
2023-12-01 09:19:02,1.3376561587965634,33.4394890749967
2023-12-01 09:19:03,4.69204868835697,36.159535739176214
2023-12-01 09:19:04,5.013968205021687,29.473419621844336
2023-12-01 09:19:05,4.906385446657496,39.60484560114156
2023-12-01 09:19:06,4.757324608352848,26.087320341841952
2023-12-01 09:19:07,2.126692394530166,34.78476303356289
2023-12-01 09:19:08,5.441945289564745,30.81610933751768
2023-12-01 09:19:09,4.905639260514332,30.067090680214527
2023-12-01 09:19:10,9.236921660313621,35.3400059271804
2023-12-01 09:19:11,8.531238353185316,33.68246889929526
2023-12-01 09:19:12,5.869755158705883,33.34241184072737
2023-12-01 09:19:13,5.122483388169633,34.61563809859394
2023-12-01 09:19:14,7.289724809894415,39.526051358432674
2023-12-01 09:19:15,2.812935683318416,43.748701753212174
2023-12-01 09:19:16,2.644325212453918,35.311393241274374
2023-12-01 09:19:17,2.224190996118244,31.056344085285474
2023-12-01 09:19:18,4.944004822371373,36.373341545321175
2023-12-01 09:19:19,4.751116489146692,32.60851605683492
2023-12-01 09:19:20,3.997646157403252,32.62167317258193
2023-12-01 09:19:21,0.4934205772242768,32.47825521877413
2023-12-01 09:19:22,2.609960211251653,35.18380185738085
2023-12-01 09:19:23,6.667941915168413,32.64726639517001
2023-12-01 09:19:24,48.36782384734905,72.48299308582106
2023-12-01 09:19:25,46.135651764100885,79.05562964423014
2023-12-01 09:19:26,46.50012914555213,61.99467997901314
2023-12-01 09:19:27,4.707837019124387,35.47458428081144
2023-12-01 09:19:28,8.134356244692956,33.76031430887244
2023-12-01 09:19:29,7.108338761204979,36.653343761803875
2023-12-01 09:19:30,4.070954959171655,39.79870081351057
2023-12-01 09:19:31,6.070977953098597,31.030104215294752
2023-12-01 09:19:32,0.617630138199452,27.694799457654838
2023-12-01 09:19:33,6.964026958255772,38.707710355112475
2023-12-01 09:19:34,5.092509077364895,27.702824882659414
2023-12-01 09:19:35,5.049475103239418,39.806820729139524
2023-12-01 09:19:36,4.920425139802967,35.873370469056134
2023-12-01 09:19:37,3.7081591305554076,34.80890578825684
2023-12-01 09:19:38,4.1024561222903815,27.558221599496434
2023-12-01 09:19:39,2.5106481756206462,40.02023896493818
2023-12-01 09:19:40,5.161630693081667,37.1771495022955
2023-12-01 09:19:41,2.7501430849126827,30.362044153411233
2023-12-01 09:19:42,3.020018377451847,29.928125344575346
2023-12-01 09:19:43,4.1801212050547605,31.247213014212974
2023-12-01 09:19:44,4.35989058102027,38.18331125148961
2023-12-01 09:19:45,7.564333815040978,26.77533606354978
2023-12-01 09:19:46,9.11695875233598,30.02715550367482
2023-12-01 09:19:47,1.633536028292696,35.29929632430831
2023-12-01 09:19:48,4.36064515612425,43.059499438779696
2023-12-01 09:19:49,-0.0747426967818603,33.82055180741859
2023-12-01 09:19:50,4.349521234390497,36.21931865969405
2023-12-01 09:19:51,5.384172577079906,33.12251415314436
2023-12-01 09:19:52,4.8217827425887165,40.45521758243374
2023-12-01 09:19:53,3.3563250283197554,40.366268501572655
2023-12-01 09:19:54,3.907256299538652,37.77189795184324
2023-12-01 09:19:55,7.097539727204191,36.387997975041905
2023-12-01 09:19:56,2.558931593189061,39.04421839640088
2023-12-01 09:19:57,7.950444227340159,35.71726714437251
2023-12-01 09:19:58,8.96489354446622,34.686986647455505
2023-12-01 09:19:59,6.917663393889162,28.178588432405807
2023-12-01 09:20:00,1.4563657761877504,39.77463254434884
2023-12-01 09:20:01,2.320603128683753,30.48681983977371
2023-12-01 09:20:02,4.763666124107962,33.6324541812482
2023-12-01 09:20:03,9.5244092832089,38.1919174783632
2023-12-01 09:20:04,5.6658759423594285,34.031300281599364
2023-12-01 09:20:05,5.687024238140484,40.47847566380285
2023-12-01 09:20:06,1.6002347843996088,29.11095350707584
2023-12-01 09:20:07,4.605129407767872,36.22100657927799
2023-12-01 09:20:08,8.300755085246434,31.23072701061281
2023-12-01 09:20:09,3.736945533025953,46.43289017691489
2023-12-01 09:20:10,-0.3870594103145484,41.29021117621548
2023-12-01 09:20:11,5.6133259769967125,29.744432808236862
2023-12-01 09:20:12,5.724741007388997,37.838031908756115
2023-12-01 09:20:13,5.826940688334515,32.06190281770432
2023-12-01 09:20:14,5.811227746151305,39.12662094597198
2023-12-01 09:20:15,5.9289309465934785,43.066321068271634
2023-12-01 09:20:16,4.320164422680653,31.698492139624342
2023-12-01 09:20:17,1.6796729408499878,37.135462275219616
2023-12-01 09:20:18,4.773502048259779,25.1164277417541
2023-12-01 09:20:19,6.070744866338124,37.060339144025434
2023-12-01 09:20:20,2.5988889784976763,38.723085153916514
2023-12-01 09:20:21,4.9450549250139515,33.06490517047692
2023-12-01 09:20:22,5.955486652197102,42.24496079376567
2023-12-01 09:20:23,1.9633650605837687,27.108768289485212
2023-12-01 09:20:24,1.5964705696186838,24.709231620167685
2023-12-01 09:20:25,6.5781940000794705,37.37943050899622
2023-12-01 09:20:26,3.074195144266362,42.09628913604802
2023-12-01 09:20:27,4.490510146387834,36.49946091372178
2023-12-01 09:20:28,3.83394816539932,40.24881272569711
2023-12-01 09:20:29,5.476588038444935,37.7753286856377
2023-12-01 09:20:30,6.935469807878873,33.909450124342165
2023-12-01 09:20:31,1.786128144985494,44.22567686256933
2023-12-01 09:20:32,5.908779755482945,37.01708516329059
2023-12-01 09:20:33,2.506302564709612,34.60797756211738
2023-12-01 09:20:34,6.8963518609258125,30.93771505104815
2023-12-01 09:20:35,5.967631669522426,31.21328256660204
2023-12-01 09:20:36,4.906409089634185,28.686808343034386
2023-12-01 09:20:37,4.523004104248468,37.94441787613009
2023-12-01 09:20:38,3.412302888037198,34.73711181733046
2023-12-01 09:20:39,4.955896984142602,25.548856151934732
2023-12-01 09:20:40,4.557334343677505,39.017189971426106
2023-12-01 09:20:41,4.03344791254926,51.120265485246165
2023-12-01 09:20:42,6.470879585183145,46.096548462073265
2023-12-01 09:20:43,5.926855801231352,33.67766137031882
2023-12-01 09:20:44,2.9501584768044404,38.58640436897146
2023-12-01 09:20:45,3.445521351326967,32.786674731721035
2023-12-01 09:20:46,3.8224708036791952,32.532633204360415
2023-12-01 09:20:47,4.077762636727505,33.73752273314025
2023-12-01 09:20:48,6.5092404007282525,42.10787625224697
2023-12-01 09:20:49,3.873518924902866,25.675234693327695
2023-12-01 09:20:50,3.4121670050385617,30.66611543825109
2023-12-01 09:20:51,9.683637469705086,31.58949591667
2023-12-01 09:20:52,4.232989543149123,34.06876483796848
2023-12-01 09:20:53,2.928302417305848,30.343399758348703
2023-12-01 09:20:54,5.421976064025695,37.94150460067795
2023-12-01 09:20:55,3.518539056934448,37.82715452645024
2023-12-01 09:20:56,4.917036204042768,38.20649912614758
2023-12-01 09:20:57,3.9201608342974996,36.93013455537611
2023-12-01 09:20:58,5.458224770912515,33.47331094019114
2023-12-01 09:20:59,4.039461742066332,35.513632683471094
2023-12-01 09:21:00,4.385404390772235,29.882468003680742
2023-12-01 09:21:01,7.156895322645452,42.341030900399346
2023-12-01 09:21:02,5.610677501840695,35.47396319136019
2023-12-01 09:21:03,4.916816995139952,39.46660317988544
2023-12-01 09:21:04,4.798971147103436,35.92740742143195
2023-12-01 09:21:05,8.34120039432094,34.31556950993492
2023-12-01 09:21:06,4.823479275060396,39.7118368756638
2023-12-01 09:21:07,6.049284689881447,35.22139773936594
2023-12-01 09:21:08,3.4386361174789375,34.14379844894837
2023-12-01 09:21:09,2.0447066535469904,30.854874583296308
2023-12-01 09:21:10,6.114927210683214,21.71392630368595
2023-12-01 09:21:11,7.320477220224928,29.137190385791925
2023-12-01 09:21:12,3.4923793084486356,34.25385896988748
2023-12-01 09:21:13,4.201773369849654,34.56196424415059
2023-12-01 09:21:14,4.584903340547532,35.30170361650612
2023-12-01 09:21:15,4.2654442119938984,33.6202080734169
2023-12-01 09:21:16,2.801928072603061,31.351810790731317
2023-12-01 09:21:17,4.492608561578175,31.597553194280223
2023-12-01 09:21:18,3.3486355545438062,31.85589855232737
2023-12-01 09:21:19,5.917449325396644,30.924456650344663
2023-12-01 09:21:20,4.517154744918408,43.43117720560484
2023-12-01 09:21:21,2.3456825208791163,33.15226392554006
2023-12-01 09:21:22,6.740942354935812,35.11867371636094
2023-12-01 09:21:23,4.139687878254074,40.34987245415127
2023-12-01 09:21:24,9.582133303451778,43.17270616307612
2023-12-01 09:21:25,46.14074927115479,67.77016544569817
2023-12-01 09:21:26,50.621311027918686,67.4986927073778
2023-12-01 09:21:27,48.580030509867036,74.15175448909545
2023-12-01 09:21:28,2.178960223192822,35.47247434893447
2023-12-01 09:21:29,,
2023-12-01 09:21:30,,
2023-12-01 09:21:31,,
2023-12-01 09:21:32,,
2023-12-01 09:21:33,,
2023-12-01 09:21:34,8.05844275903672,44.33105033939383
2023-12-01 09:21:35,5.38780224993199,36.7920765695088
2023-12-01 09:21:36,6.276446952824432,37.165986309256894
2023-12-01 09:21:37,8.022448412349554,23.666718586389344
2023-12-01 09:21:38,3.2130890014647937,35.23801878433948
2023-12-01 09:21:39,1.9782950401242703,42.07264140454378
2023-12-01 09:21:40,2.43871703456187,47.6092277194675
2023-12-01 09:21:41,0.9208052982292525,30.076140151218084
2023-12-01 09:21:42,5.528543599932461,37.05311444033927
2023-12-01 09:21:43,3.332657374080656,31.8580345215782
2023-12-01 09:21:44,5.685255213099849,38.962724263165555
2023-12-01 09:21:45,5.329382755631962,36.17909648329528
2023-12-01 09:21:46,7.297571612920779,48.10456142805842
2023-12-01 09:21:47,3.044756199739683,32.19351606454919
2023-12-01 09:21:48,4.712072905296964,38.52217762545325
2023-12-01 09:21:49,8.997765279509618,37.049439873782454
2023-12-01 09:21:50,4.456263575643013,35.13072270784671
2023-12-01 09:21:51,2.7968739350028917,33.86077914718656
2023-12-01 09:21:52,2.269955418551691,24.673499371399195
2023-12-01 09:21:53,7.144200006068676,35.25849274297186
2023-12-01 09:21:54,4.82930589524279,35.475565873125966
2023-12-01 09:21:55,4.956324116671498,34.27934047184015
2023-12-01 09:21:56,4.296313305489265,30.50530670085148
2023-12-01 09:21:57,6.648461984807438,29.946500146576447
2023-12-01 09:21:58,8.393842696273143,33.79477677658584
2023-12-01 09:21:59,9.352243965272951,34.976964680978774
2023-12-01 09:22:00,5.754394218198111,28.303278972223634
2023-12-01 09:22:01,3.868091169133035,39.61082720273562
2023-12-01 09:22:02,4.209080341937159,38.07806161188771
2023-12-01 09:22:03,1.5044330146057736,36.33065894805328
2023-12-01 09:22:04,5.078665423741176,28.45494241914266
2023-12-01 09:22:05,2.5938981915001973,40.4681307794541
2023-12-01 09:22:06,5.198531768886816,39.791715832319454
2023-12-01 09:22:07,5.8039437090036134,32.369346704065975
2023-12-01 09:22:08,3.412148788515661,36.904285176711156
2023-12-01 09:22:09,6.774075733619956,34.645591344428986
2023-12-01 09:22:10,45.977098929040395,75.67640856538708
2023-12-01 09:22:11,8.139593166358736,39.122521169374444
2023-12-01 09:22:12,1.0616571634391438,30.129442546422744
2023-12-01 09:22:13,9.41798173085427,36.53180734377946
2023-12-01 09:22:14,4.81443185147631,27.688480705093866
2023-12-01 09:22:15,5.805458659272321,39.46361837168067
2023-12-01 09:22:16,6.407350148588436,44.63381815346999
2023-12-01 09:22:17,4.681847948560438,43.63381797711858
2023-12-01 09:22:18,2.2165296197274733,39.619136905802556
2023-12-01 09:22:19,5.227859967550128,37.07976051138531
2023-12-01 09:22:20,5.313763440566856,34.11240505738221
2023-12-01 09:22:21,6.804714356119923,36.495036981091815
2023-12-01 09:22:22,3.511352321707809,37.77622049113186
2023-12-01 09:22:23,4.603784581815845,33.91459916540202
2023-12-01 09:22:24,7.4480631942175,33.909843922579114
2023-12-01 09:22:25,4.551710454484672,35.21367237982112
2023-12-01 09:22:26,2.4869559857893595,41.08884486766
2023-12-01 09:22:27,4.976449241412204,31.683560631470314
2023-12-01 09:22:28,2.515122394117883,23.89715653972411
2023-12-01 09:22:29,4.7200316741545585,36.235723061424345
2023-12-01 09:22:30,2.3355161826503896,40.870582531444235
2023-12-01 09:22:31,0.8231942830570711,36.09563822325678
2023-12-01 09:22:32,5.529502316639742,31.43475591301338
2023-12-01 09:22:33,7.499591702064787,42.828516514996664
2023-12-01 09:22:34,4.343439916071681,35.4943707736712
2023-12-01 09:22:35,4.792366173637547,40.30548574511431
2023-12-01 09:22:36,2.1221970521397315,30.413633685676626
2023-12-01 09:22:37,7.614821668814541,31.293760724249545
2023-12-01 09:22:38,4.261991653331838,41.13915905017777
2023-12-01 09:22:39,3.667089706381713,30.84867053896079
2023-12-01 09:22:40,5.866055662855944,31.32229728399679
2023-12-01 09:22:41,3.8221993739376776,35.68258130698726
2023-12-01 09:22:42,4.82403486748008,32.589123410858136
2023-12-01 09:22:43,2.9386623567186634,31.339630296552187
2023-12-01 09:22:44,5.725398853711225,41.718018280738534
2023-12-01 09:22:45,4.418695993279677,37.571320195771925
2023-12-01 09:22:46,3.0426549016374977,34.80933133371195
2023-12-01 09:22:47,7.109442782455454,38.45803619765089
2023-12-01 09:22:48,3.400339240445442,33.97108195286082
2023-12-01 09:22:49,6.513393119236818,33.313557734418865
2023-12-01 09:22:50,4.166424960501719,44.43415539852385
2023-12-01 09:22:51,5.72385349621369,36.09694304397581
2023-12-01 09:22:52,5.85119185768636,31.515649233512615
2023-12-01 09:22:53,9.258293590475624,39.2798553574088
2023-12-01 09:22:54,,
2023-12-01 09:22:55,,
2023-12-01 09:22:56,,
2023-12-01 09:22:57,,
2023-12-01 09:22:58,,
2023-12-01 09:22:59,,
2023-12-01 09:23:00,,
2023-12-01 09:23:01,,
2023-12-01 09:23:02,,
2023-12-01 09:23:03,6.677436288597347,36.72127752698207
2023-12-01 09:23:04,3.134527210500058,35.65676729568721
2023-12-01 09:23:05,5.468483671098654,37.376195972601124
2023-12-01 09:23:06,5.869012670338985,23.608309274537632
2023-12-01 09:23:07,5.941356447232258,33.74085986602514
2023-12-01 09:23:08,8.908333986904744,30.39362401104561
2023-12-01 09:23:09,5.934456659455605,36.714357916708096
2023-12-01 09:23:10,6.076230099384861,29.974855890223992
2023-12-01 09:23:11,2.947861261106982,29.544413779111643
2023-12-01 09:23:12,4.765570380532347,38.702112939861784
2023-12-01 09:23:13,7.7355945630102205,35.2283883155967
2023-12-01 09:23:14,0.6711080537729934,36.03466086895376
2023-12-01 09:23:15,6.252741675857804,38.650178783982625
2023-12-01 09:23:16,7.036787259659823,26.01541231666094
2023-12-01 09:23:17,5.77280840051087,38.73190007872401
2023-12-01 09:23:18,4.745176201566681,28.77590392821153
2023-12-01 09:23:19,2.8158743019806693,29.684378089941404
2023-12-01 09:23:20,4.036757206564109,36.18865720894991
2023-12-01 09:23:21,2.987103530719609,41.79902384401109
2023-12-01 09:23:22,4.542062833252234,30.976479819263314
2023-12-01 09:23:23,5.158930668424065,32.07823059297522
2023-12-01 09:23:24,7.214495852027522,35.7379665567973
2023-12-01 09:23:25,6.951465607071117,52.07296565762934
2023-12-01 09:23:26,0.580949160587986,36.55639510989923
2023-12-01 09:23:27,4.6120354111959125,36.4100293410705
2023-12-01 09:23:28,2.0517386129037067,32.351748900755716
2023-12-01 09:23:29,7.446229328677128,40.93124247930465
2023-12-01 09:23:30,4.171721566701008,22.49414677780728
2023-12-01 09:23:31,5.0421229831900325,40.29228536077161
2023-12-01 09:23:32,4.561394004143115,30.687020745134397
2023-12-01 09:23:33,43.682371761039946,60.01495290562154
2023-12-01 09:23:34,55.36745070723224,64.8450711647268
2023-12-01 09:23:35,43.62040181818332,63.55745221587851
2023-12-01 09:23:36,43.635256133370824,60.572543987692974
2023-12-01 09:23:37,37.82222587357147,69.67113672074703
2023-12-01 09:23:38,49.19284046921928,64.96565447673035
2023-12-01 09:23:39,36.35636106732022,78.59015121251139
2023-12-01 09:23:40,49.83586109526606,79.47887791430217
2023-12-01 09:23:41,45.91946423063839,72.79527321035104
2023-12-01 09:23:42,40.5304226314148,68.3756389032018
2023-12-01 09:23:43,45.35952596056392,55.184366555490975
2023-12-01 09:23:44,40.49163594274421,65.5517930796941
2023-12-01 09:23:45,43.19145318942995,67.8217858105091
2023-12-01 09:23:46,48.31168915042023,72.46697298147744
2023-12-01 09:23:47,38.13421182723218,64.67579030842138
2023-12-01 09:23:48,54.24463816832754,67.25385040452936
2023-12-01 09:23:49,42.331714850965525,60.26411654042559
2023-12-01 09:23:50,39.361119503147805,66.46240019163011
2023-12-01 09:23:51,45.48266239649082,67.1412257216444
2023-12-01 09:23:52,36.879617355151666,67.14220086674952
2023-12-01 09:23:53,,
2023-12-01 09:23:54,,
2023-12-01 09:23:55,,
2023-12-01 09:23:56,,
2023-12-01 09:23:57,,
2023-12-01 09:23:58,,
2023-12-01 09:23:59,,
2023-12-01 09:24:00,,
2023-12-01 09:24:01,3.3229404586087563,36.469546654967836
2023-12-01 09:24:02,4.399282563158565,39.69076189348165
2023-12-01 09:24:03,3.6940810395298462,39.96225117192596
2023-12-01 09:24:04,3.7565161263283846,35.37792781465902
2023-12-01 09:24:05,3.708747748169202,35.373426460045714
2023-12-01 09:24:06,9.149424038238031,38.673369968423486
2023-12-01 09:24:07,1.553797852920182,42.10692372002827
2023-12-01 09:24:08,1.134607516696935,33.62644049015682
2023-12-01 09:24:09,6.4978665588994575,27.327680650670874
2023-12-01 09:24:10,5.778197899604204,28.58491939599969
2023-12-01 09:24:11,6.53892812767361,36.62770880287301
2023-12-01 09:24:12,8.253984480846773,35.298672208628204
2023-12-01 09:24:13,-1.078925358517818,39.82451531609067
2023-12-01 09:24:14,5.528014794813247,30.04494570918902
2023-12-01 09:24:15,1.4079158248797277,28.78269211267355
2023-12-01 09:24:16,5.525946356927678,35.52427796414255
2023-12-01 09:24:17,8.732152904554333,33.37788408464135
2023-12-01 09:24:18,5.0253634773311235,28.99006469795917
2023-12-01 09:24:19,1.5688780361582664,39.38474403531265
2023-12-01 09:24:20,4.585792402053662,35.975124254297256
2023-12-01 09:24:21,5.574133359975198,38.8576530752969
2023-12-01 09:24:22,4.336061624481601,34.45923799010365
2023-12-01 09:24:23,7.698632231386085,33.17415394577709
2023-12-01 09:24:24,6.618909381072815,40.77195616770884
2023-12-01 09:24:25,5.961948481562825,30.485870517871874
2023-12-01 09:24:26,5.028238507804539,35.35868074830691
2023-12-01 09:24:27,3.6448466841096048,30.678223306145256
2023-12-01 09:24:28,6.934912166178751,33.47974792898351
2023-12-01 09:24:29,2.1324451469507575,49.973729490779974
2023-12-01 09:24:30,8.105151642468243,39.03861741240333
2023-12-01 09:24:31,6.568617693906337,35.806391078476175
2023-12-01 09:24:32,2.0673315172659277,37.10039705838506
2023-12-01 09:24:33,6.36836819876236,28.85389322035931
2023-12-01 09:24:34,8.172304815341832,38.28902767457263
2023-12-01 09:24:35,5.796023317957463,37.8918899874302
2023-12-01 09:24:36,3.139511003500129,28.081787862542917
2023-12-01 09:24:37,5.933374942698292,33.89144081443197
2023-12-01 09:24:38,9.336995426370596,34.450071425855704
2023-12-01 09:24:39,5.219505623962459,35.440886267012985
2023-12-01 09:24:40,4.617555906031379,37.238579169237376
2023-12-01 09:24:41,3.8803393501825765,32.88189814849835
2023-12-01 09:24:42,3.3380699608166635,37.08290178231109
2023-12-01 09:24:43,3.331781530177281,43.3266546271457
2023-12-01 09:24:44,7.9829291152115935,43.28467942433795
2023-12-01 09:24:45,6.233125597110535,33.62574639104547
2023-12-01 09:24:46,3.2539214801826635,37.964138741046135
2023-12-01 09:24:47,3.0917202854277988,38.34543371053449
2023-12-01 09:24:48,6.203963521352435,24.089604499372484
2023-12-01 09:24:49,6.057982679868299,41.156119390382784
2023-12-01 09:24:50,4.999678082133055,29.4204534638628
2023-12-01 09:24:51,4.068382250011238,38.74474290372992
2023-12-01 09:24:52,3.8835398251142994,31.563767372497356
2023-12-01 09:24:53,3.044738493779627,28.065806877879943
2023-12-01 09:24:54,6.4986677586117505,26.479156197815755
2023-12-01 09:24:55,5.546762017451638,33.36804530108538
2023-12-01 09:24:56,3.1320321464577825,34.08008166639343
2023-12-01 09:24:57,6.4268060245266225,35.55793044022306
2023-12-01 09:24:58,3.202151552606368,28.245293421582197
2023-12-01 09:24:59,4.901113787259598,36.29946909333562
2023-12-01 09:25:00,5.254769676505901,37.24165720048056
2023-12-01 09:25:01,4.448749978318238,39.790355783242646
2023-12-01 09:25:02,3.271932304070387,31.406773578996614
2023-12-01 09:25:03,3.4036255995380813,37.803421170559474
2023-12-01 09:25:04,7.227971343305962,34.33435133663772
2023-12-01 09:25:05,6.399195311150614,25.373072048179303
2023-12-01 09:25:06,4.121974069739121,34.739674159281776
2023-12-01 09:25:07,4.63109760092106,32.09135717364382
2023-12-01 09:25:08,4.8995178491028435,44.96769076965199
2023-12-01 09:25:09,9.875852224817148,38.786373504185605
2023-12-01 09:25:10,3.790514113148218,35.96273273592643
2023-12-01 09:25:11,7.787446877739657,44.804286693552704
2023-12-01 09:25:12,5.6491238729487545,37.9607844136931
2023-12-01 09:25:13,2.155198821279875,41.457693559289844
2023-12-01 09:25:14,5.218640982364862,45.23296659695538
2023-12-01 09:25:15,7.918013663244263,36.34959383153732
2023-12-01 09:25:16,5.87418968067922,33.23846921968251
2023-12-01 09:25:17,5.163316606044292,38.1580743791919
2023-12-01 09:25:18,3.9104099702295407,30.97468018443047
2023-12-01 09:25:19,4.957256867871443,30.025955348327972
2023-12-01 09:25:20,3.6823902251663414,38.15151660759828
2023-12-01 09:25:21,3.9700858909474626,38.62423453951225
2023-12-01 09:25:22,6.39641193709461,40.61730033072073
2023-12-01 09:25:23,4.128407395571772,37.00471544033602
2023-12-01 09:25:24,3.6247439209994496,38.73849363877131
2023-12-01 09:25:25,3.422035628386282,31.225152739966052
2023-12-01 09:25:26,7.944163685377506,24.570140517083047
2023-12-01 09:25:27,4.904926914385701,42.44536323972284
2023-12-01 09:25:28,8.070127109103533,40.13741709790777
2023-12-01 09:25:29,3.9480996926579195,29.197323333373724
2023-12-01 09:25:30,7.1220412669641995,39.17181353165314
2023-12-01 09:25:31,4.018598649323971,37.000821258102356
2023-12-01 09:25:32,7.906414861716368,29.696664978310736
2023-12-01 09:25:33,1.8880392560706718,34.12198627229763
2023-12-01 09:25:34,7.136390297616764,34.70991513367548
2023-12-01 09:25:35,6.512110115269966,40.768596408066415
2023-12-01 09:25:36,4.218882095032755,25.777033470232087
2023-12-01 09:25:37,8.090695359536364,35.13763801398483
2023-12-01 09:25:38,3.894884644072397,35.40404053741591
2023-12-01 09:25:39,6.363429832353095,32.13392374224073
2023-12-01 09:25:40,2.4957555924631656,28.402823557196896
2023-12-01 09:25:41,6.687655215476111,34.26050879338658
2023-12-01 09:25:42,5.975185819852839,40.550888865303996
2023-12-01 09:25:43,9.52186391381931,32.62641766668382
2023-12-01 09:25:44,3.6290008730126306,40.19090623228052
2023-12-01 09:25:45,4.9145055794358,42.41876859749443
2023-12-01 09:25:46,4.190075041299891,30.274247263443367
2023-12-01 09:25:47,6.281977841739039,34.33361682864069
2023-12-01 09:25:48,3.8663344380405307,34.93095182294112
2023-12-01 09:25:49,5.366234810228778,37.99079483965234
2023-12-01 09:25:50,6.16124836360342,33.67269260835133
2023-12-01 09:25:51,6.492712640123484,29.84001979160118
2023-12-01 09:25:52,1.5470807072410904,38.2533244199212
2023-12-01 09:25:53,7.948489222504428,34.43533797341809
2023-12-01 09:25:54,2.913884305852333,34.045920916807646
2023-12-01 09:25:55,5.392858910651971,37.32316024194509
2023-12-01 09:25:56,3.282349174897459,31.606910800835912
2023-12-01 09:25:57,8.444242007554529,37.934444370125
2023-12-01 09:25:58,5.809895475526038,42.66484171059049
2023-12-01 09:25:59,7.26882158705027,36.637340726084894
2023-12-01 09:26:00,2.6450389791589393,37.66511183049029
2023-12-01 09:26:01,3.8959042474867163,27.820297816972435
2023-12-01 09:26:02,5.127328852907737,29.455146964173807
2023-12-01 09:26:03,4.234466335803572,37.49449115147949
2023-12-01 09:26:04,3.0601319246778385,38.409766411964924
2023-12-01 09:26:05,5.731725255513845,35.94117767209286
2023-12-01 09:26:06,7.0888113695109505,38.36359269690866
2023-12-01 09:26:07,3.533642652308197,37.9346138295066
2023-12-01 09:26:08,7.487671223605747,48.948809119347814
2023-12-01 09:26:09,5.434551106820443,24.157428950422627
2023-12-01 09:26:10,5.080176876133111,25.54435485707747
2023-12-01 09:26:11,8.494988929072807,38.44476366405659
2023-12-01 09:26:12,6.837745635033861,33.56354888962529
2023-12-01 09:26:13,6.859022926869335,24.452834768621656
2023-12-01 09:26:14,5.228713332677232,37.31131690023967
2023-12-01 09:26:15,8.774795817607073,35.545590168924484
2023-12-01 09:26:16,4.705962038189616,29.6801944521082
2023-12-01 09:26:17,40.01942838444955,79.72854011515716
2023-12-01 09:26:18,38.98761667112333,71.27954965250088
2023-12-01 09:26:19,3.2873219293663056,36.84415598110466
2023-12-01 09:26:20,6.650331957726431,31.071919398361125
2023-12-01 09:26:21,3.904514526960763,28.658412588920122
2023-12-01 09:26:22,4.9299523214197185,45.43219839215786
2023-12-01 09:26:23,4.685206313892306,43.49844957455738
2023-12-01 09:26:24,3.760521947473943,45.79231784352929
2023-12-01 09:26:25,0.7463785459135623,35.98774413164294
2023-12-01 09:26:26,5.193205593167775,28.3240326154437
2023-12-01 09:26:27,5.672521810567538,31.901918485684003
2023-12-01 09:26:28,5.112046389937707,30.8545565033105
2023-12-01 09:26:29,4.799244953670632,26.9422222552839
2023-12-01 09:26:30,1.4759528793822292,43.81653680395986
2023-12-01 09:26:31,,
2023-12-01 09:26:32,,
2023-12-01 09:26:33,,
2023-12-01 09:26:34,,
2023-12-01 09:26:35,,
2023-12-01 09:26:36,,
2023-12-01 09:26:37,,
2023-12-01 09:26:38,5.2898732831129145,33.01510427713266
2023-12-01 09:26:39,2.109980221170827,38.01533814861535
2023-12-01 09:26:40,3.84187015534332,30.909514027982205
2023-12-01 09:26:41,3.4559058232000073,32.58420000815089
2023-12-01 09:26:42,5.4674585877967585,32.21497942791635
2023-12-01 09:26:43,6.677129829164588,30.052391338059984
2023-12-01 09:26:44,3.4400273383355837,28.786234175847788
2023-12-01 09:26:45,4.2937863896466055,40.9195039924454
2023-12-01 09:26:46,3.5314475170430013,34.696527948524334
2023-12-01 09:26:47,5.38990876897279,33.56698846762816
2023-12-01 09:26:48,7.258653603204515,32.86769030004791
2023-12-01 09:26:49,5.81107550092101,38.51143769605015
2023-12-01 09:26:50,3.0792110522448493,29.76763275501583
2023-12-01 09:26:51,5.5791656757110095,26.890598528960926
2023-12-01 09:26:52,3.2726930285521014,36.44825614339286
2023-12-01 09:26:53,3.032559245339079,35.87593287134592
2023-12-01 09:26:54,1.5185433531937167,34.71120066324215
2023-12-01 09:26:55,8.022248696019176,26.769423063575722
2023-12-01 09:26:56,5.462453798342204,37.816664401384685
2023-12-01 09:26:57,0.8082523974617599,35.76268785601095
2023-12-01 09:26:58,6.436857915720402,39.765537700666854
2023-12-01 09:26:59,4.984044728704666,35.417849060213975
2023-12-01 09:27:00,6.184755138018057,35.43912064910085
2023-12-01 09:27:01,2.549725074023744,35.911168963471724
2023-12-01 09:27:02,4.722390289452876,35.23657127931191
2023-12-01 09:27:03,7.818609632638644,33.638108274876544
2023-12-01 09:27:04,5.057258009079331,32.335205737085474
2023-12-01 09:27:05,4.682681600169676,40.88760332056651
2023-12-01 09:27:06,3.723131722056686,34.914941850648546
2023-12-01 09:27:07,10.036744208681185,27.915628209017996
2023-12-01 09:27:08,3.2039478945435773,35.98838599884185
2023-12-01 09:27:09,3.7564729874747345,39.98042462839515
2023-12-01 09:27:10,8.321282516234675,34.30711352176386
2023-12-01 09:27:11,2.1340980630026016,43.588554582799226
2023-12-01 09:27:12,3.742937220000592,35.9059609797947
2023-12-01 09:27:13,6.676749498476825,26.75825138957446
2023-12-01 09:27:14,5.935508085501528,36.6942764270955
2023-12-01 09:27:15,4.810247371954282,29.695587208034866
2023-12-01 09:27:16,5.168744596217513,28.96986859937175
2023-12-01 09:27:17,6.734220804695087,31.749958760198442
2023-12-01 09:27:18,9.216554586693164,40.44330954540938
2023-12-01 09:27:19,42.9219225196916,65.81356078645548
2023-12-01 09:27:20,47.44381816323369,70.11401311563732
2023-12-01 09:27:21,41.91785259684308,65.65048746547058
2023-12-01 09:27:22,47.48548474044456,60.554590611279906
2023-12-01 09:27:23,46.96745767535966,64.02552308352257
2023-12-01 09:27:24,44.00754967015915,65.86162343597803
2023-12-01 09:27:25,45.41064368790406,63.78592434465634
2023-12-01 09:27:26,44.93238404755957,55.54565876818988
2023-12-01 09:27:27,49.011268250553044,69.79917387204377
2023-12-01 09:27:28,51.990863230222985,58.82004264032852
2023-12-01 09:27:29,36.80225936880773,61.83438932562831
2023-12-01 09:27:30,39.86393137157189,68.76356322343707
2023-12-01 09:27:31,41.533317875506306,63.63078370099593
2023-12-01 09:27:32,37.81989391092856,64.60541662592098
2023-12-01 09:27:33,40.259916864870675,62.30539722981468
2023-12-01 09:27:34,33.085233044141404,67.20503980048652
2023-12-01 09:27:35,50.91401008023185,64.68487492823051
2023-12-01 09:27:36,44.033322205746394,68.39869454383906
2023-12-01 09:27:37,47.01623754721693,63.571847297918104
2023-12-01 09:27:38,8.26632131340779,37.75958117272391
2023-12-01 09:27:39,4.152765529571578,36.471085337633454
2023-12-01 09:27:40,4.732682358124079,44.23534127222375
2023-12-01 09:27:41,1.69627142088502,41.20089771187639
2023-12-01 09:27:42,5.3849484073088245,37.2716132336096
2023-12-01 09:27:43,-1.5975201416139555,34.07657773093895
2023-12-01 09:27:44,6.083261598346592,37.8980846723944
2023-12-01 09:27:45,4.491792989809023,44.75571787288441
2023-12-01 09:27:46,5.405097319894452,34.65613744773947
2023-12-01 09:27:47,44.5308240003885,68.94230482900925
2023-12-01 09:27:48,54.636733737998725,64.75528033219636
2023-12-01 09:27:49,53.08504170520703,71.37072122386012
2023-12-01 09:27:50,0.15907885338766814,32.235674548105614
2023-12-01 09:27:51,1.743330164675136,38.16376130545146
2023-12-01 09:27:52,5.538971489617589,26.921358996324635
2023-12-01 09:27:53,3.2677491209469602,33.877136470080586
2023-12-01 09:27:54,8.53032735784566,28.801089456170438
2023-12-01 09:27:55,6.285812303348681,31.114549636775504
2023-12-01 09:27:56,4.6340595954478285,41.50576395633796
2023-12-01 09:27:57,1.381759725078357,34.14188802866972
2023-12-01 09:27:58,3.7661126407913845,43.1379178389426
2023-12-01 09:27:59,4.84185866540897,34.5009163472413
2023-12-01 09:28:00,4.024252509744638,28.603788453822904
2023-12-01 09:28:01,2.036519630533921,41.66833760408485
2023-12-01 09:28:02,5.882093843017584,36.68290880580986
2023-12-01 09:28:03,46.087125512497074,81.21691368452296
2023-12-01 09:28:04,52.98535133708265,74.71184497648653
2023-12-01 09:28:05,38.78839593380356,63.0852752497819
2023-12-01 09:28:06,4.489726917915457,31.382093811529018
2023-12-01 09:28:07,2.2687551444544973,44.04077944811185
2023-12-01 09:28:08,4.942473544510003,32.058410272945814
2023-12-01 09:28:09,3.036289936560645,29.862714914081064
2023-12-01 09:28:10,5.681474905950224,37.145627548857185
2023-12-01 09:28:11,4.359732446695504,35.06553606598004
2023-12-01 09:28:12,6.101767427571893,35.37433681034405
2023-12-01 09:28:13,5.505794176163155,43.703948379048
2023-12-01 09:28:14,2.6963464347405974,28.382578379499925
2023-12-01 09:28:15,6.892852466034628,30.37178088957794
2023-12-01 09:28:16,4.4320593789166,31.755916048445908
2023-12-01 09:28:17,7.993840073885694,25.120261387919555
2023-12-01 09:28:18,6.547190572020647,39.776457336284096
2023-12-01 09:28:19,5.676734573587328,24.19017745928528
2023-12-01 09:28:20,7.344660438188782,34.239928599674734
2023-12-01 09:28:21,5.601717461919781,30.325096254398638
2023-12-01 09:28:22,6.662889703069168,27.811074582663835
2023-12-01 09:28:23,6.404144070968704,32.10083393639299
2023-12-01 09:28:24,9.29692667458584,34.594761146889994
2023-12-01 09:28:25,3.5819955454987507,32.60059923720555
2023-12-01 09:28:26,2.9006734028533034,36.830625135481576
2023-12-01 09:28:27,4.472194202333771,30.188583864361682
2023-12-01 09:28:28,41.03220100428704,68.40257118562158
2023-12-01 09:28:29,3.5555534651475407,42.99589431585556
2023-12-01 09:28:30,6.803089643161863,41.934169727135156
2023-12-01 09:28:31,6.159318976166815,30.18698632370308
2023-12-01 09:28:32,,
2023-12-01 09:28:33,,
2023-12-01 09:28:34,,
2023-12-01 09:28:35,,
2023-12-01 09:28:36,,
2023-12-01 09:28:37,,
2023-12-01 09:28:38,,
2023-12-01 09:28:39,,
2023-12-01 09:28:40,,
2023-12-01 09:28:41,6.537128937585082,31.729157042853103
2023-12-01 09:28:42,5.664141662568533,35.28445636405854
2023-12-01 09:28:43,5.058738325134928,29.346508860151268
2023-12-01 09:28:44,6.010016416509528,29.06663043902477
2023-12-01 09:28:45,5.977451220124117,34.4083370840741
2023-12-01 09:28:46,7.260896709022861,24.876293122081613
2023-12-01 09:28:47,3.795299694480203,30.040373300811574
2023-12-01 09:28:48,8.257709045902443,38.79948528369238
2023-12-01 09:28:49,6.740018471723767,32.90909701399396
2023-12-01 09:28:50,1.3837125344823207,35.04383747256759
2023-12-01 09:28:51,4.326247657362712,32.77938061003418
2023-12-01 09:28:52,4.394077863135994,43.71973959062893
2023-12-01 09:28:53,4.4336186020033646,38.976311687259056
2023-12-01 09:28:54,3.4159722609525227,39.15928112029685
2023-12-01 09:28:55,3.5867689487369825,36.70994717316799
2023-12-01 09:28:56,3.4782105686891276,30.914487178257744
2023-12-01 09:28:57,4.141702442587296,32.93365371614192
2023-12-01 09:28:58,5.9474522610918275,30.010636222168696
2023-12-01 09:28:59,5.628522074446334,25.034195459296193
2023-12-01 09:29:00,4.515300253045308,36.62159248556749
2023-12-01 09:29:01,3.2556759022706925,42.398287209698914
2023-12-01 09:29:02,6.5818828177336535,30.942623876885335
2023-12-01 09:29:03,7.5547499016229835,34.00916179716181
2023-12-01 09:29:04,2.1511980419335694,44.392202938346415
2023-12-01 09:29:05,4.558035531021343,36.24738362309322
2023-12-01 09:29:06,5.414346423957288,41.53626042408315
2023-12-01 09:29:07,1.8609405239924697,38.81429177039571
2023-12-01 09:29:08,5.442096718969364,31.355277447925285
2023-12-01 09:29:09,6.808668440343694,30.307313196199967
2023-12-01 09:29:10,4.249907642013791,44.936657076156465
2023-12-01 09:29:11,4.384642620934264,43.74827088028617
2023-12-01 09:29:12,6.1392171102075475,31.30826861794747
2023-12-01 09:29:13,5.720991283112404,41.43329227525383
2023-12-01 09:29:14,3.0864762909683368,28.83970896141441
2023-12-01 09:29:15,4.095450005777813,33.967441878642504
2023-12-01 09:29:16,5.495094795676649,42.34316842660525
2023-12-01 09:29:17,8.883361819319688,39.03232272259508
2023-12-01 09:29:18,5.663531363536773,29.67409230975218
2023-12-01 09:29:19,1.3450582477716257,35.857544030465355
2023-12-01 09:29:20,7.2831488748248745,34.918701726766066
2023-12-01 09:29:21,1.6190277798672756,35.63645657823279
2023-12-01 09:29:22,8.352583067661554,35.20176925702249
2023-12-01 09:29:23,4.006176722834685,44.58383413454454
2023-12-01 09:29:24,3.1239951320843735,34.125904007947824
2023-12-01 09:29:25,6.260065292282167,41.009365265031164
2023-12-01 09:29:26,9.561308390085028,31.96235844496396
2023-12-01 09:29:27,8.585688164866681,33.0618189911731
2023-12-01 09:29:28,6.439863355825181,31.52574474961136
2023-12-01 09:29:29,3.8710022038822287,33.06257788913938
2023-12-01 09:29:30,3.720500838414439,24.85735722993236
2023-12-01 09:29:31,6.35504233003447,33.514315409608784
2023-12-01 09:29:32,2.717945718078322,41.07619024163267
2023-12-01 09:29:33,4.074591551032532,38.197493435011936
2023-12-01 09:29:34,4.870558140584746,28.062992269796844
2023-12-01 09:29:35,10.43184179112264,35.01055069349901
2023-12-01 09:29:36,8.976197202081483,43.901957905775625
2023-12-01 09:29:37,7.109927098135939,34.40351842058444
2023-12-01 09:29:38,6.281710929157512,32.027761056359445
2023-12-01 09:29:39,6.3358872501973185,31.44106564311754
2023-12-01 09:29:40,7.649906271764042,36.98648907883878
2023-12-01 09:29:41,5.064744372137986,36.29816741451109
2023-12-01 09:29:42,2.762943555496667,36.479405309615096
2023-12-01 09:29:43,2.9481515801654616,35.45798885829239
2023-12-01 09:29:44,5.848810622934754,33.623377600275184
2023-12-01 09:29:45,4.222654646559543,33.89222653602552
2023-12-01 09:29:46,5.1844729805083665,48.40100529603933
2023-12-01 09:29:47,6.916794797382365,34.32709161007928
2023-12-01 09:29:48,5.418806103521453,39.32742977314636
2023-12-01 09:29:49,8.381723341432032,37.461555641179075
2023-12-01 09:29:50,4.644823728796872,38.80134927803853
2023-12-01 09:29:51,5.271758040298092,38.41403939114299
2023-12-01 09:29:52,5.366616588096493,38.51144887120192
2023-12-01 09:29:53,5.857191463314886,36.73032228199757
2023-12-01 09:29:54,5.8807824175191,42.81353031781987
2023-12-01 09:29:55,6.392211249020795,36.22013259196481
2023-12-01 09:29:56,4.318630619026372,38.22413234525508
2023-12-01 09:29:57,5.9830477601966745,33.11157518135303
2023-12-01 09:29:58,6.002585210867329,31.944176596768802
2023-12-01 09:29:59,4.386817325047616,39.71520173467811
2023-12-01 09:30:00,4.971363188459177,44.47170668746206
2023-12-01 09:30:01,2.518283756689094,30.717555404294163
2023-12-01 09:30:02,4.197547561475534,36.17706360528348
2023-12-01 09:30:03,5.646093300403225,28.6480769224759
2023-12-01 09:30:04,38.868377762610564,66.14926429216023
2023-12-01 09:30:05,44.96304411757715,73.80935129375415
2023-12-01 09:30:06,49.33173326594731,64.0541511244501
2023-12-01 09:30:07,3.2724627765813317,34.85875992655521
2023-12-01 09:30:08,2.4939361824800947,33.96377684904782
2023-12-01 09:30:09,2.0476729142589023,35.44550333987515
2023-12-01 09:30:10,4.084195412236489,40.48565719345193
2023-12-01 09:30:11,1.6100009277742289,37.8637650801368
2023-12-01 09:30:12,4.44806438436013,42.013469891168356
2023-12-01 09:30:13,5.432660278934582,39.49229790385429
2023-12-01 09:30:14,6.232404779602731,36.30364282153087
2023-12-01 09:30:15,5.726271654067586,40.6924941832291
2023-12-01 09:30:16,5.022196235155605,35.680586348368436
2023-12-01 09:30:17,5.503480222850816,34.31244083004484
2023-12-01 09:30:18,6.729387914661064,28.27945311182239
2023-12-01 09:30:19,4.90713575892226,28.99303686798576
2023-12-01 09:30:20,2.899773918648967,40.317963259141365
2023-12-01 09:30:21,7.454274304592803,37.99742099708782
2023-12-01 09:30:22,5.233558158221117,42.207253543654986
2023-12-01 09:30:23,4.821402970134791,28.372644151356887
2023-12-01 09:30:24,6.978147749521117,37.43016297829809
2023-12-01 09:30:25,5.9529161905866115,33.40125837143278
2023-12-01 09:30:26,5.569774139169388,24.86034371522182
2023-12-01 09:30:27,4.705713464666589,42.497384666102406
2023-12-01 09:30:28,4.831401573214728,34.21571673762487
2023-12-01 09:30:29,2.8178012123960077,42.21226048207568
2023-12-01 09:30:30,1.0021308077185274,40.165669878839054
2023-12-01 09:30:31,5.463647674287105,30.2357361450703
2023-12-01 09:30:32,6.573146732268593,35.12964372578528
2023-12-01 09:30:33,2.056437478269511,36.75805920588659
2023-12-01 09:30:34,3.0250336702241842,32.65092113714735
2023-12-01 09:30:35,5.761822834371624,36.577275959491764
2023-12-01 09:30:36,8.242915066728305,30.654605977309856
2023-12-01 09:30:37,3.034671842716337,35.03746521868047
2023-12-01 09:30:38,48.99815849014337,63.373019369402805
2023-12-01 09:30:39,7.288779033985669,40.167443779947135
2023-12-01 09:30:40,6.002727077907851,39.817401893805815
2023-12-01 09:30:41,6.604930486280905,36.832830260984394
2023-12-01 09:30:42,1.5729649869516682,43.917181032066864
2023-12-01 09:30:43,5.411650997486484,29.78672776712976
2023-12-01 09:30:44,6.92111268327642,34.6538938191055
2023-12-01 09:30:45,2.9436678124693736,31.22483685232419
2023-12-01 09:30:46,3.856979100844942,35.28478597145256
2023-12-01 09:30:47,2.4480066975202157,27.304898307136344
2023-12-01 09:30:48,3.668784799819481,34.80824024089547
2023-12-01 09:30:49,5.118510385872803,38.30959706618661
2023-12-01 09:30:50,4.677222818498394,30.292761997896548
2023-12-01 09:30:51,2.732981235388121,33.88692972424731
2023-12-01 09:30:52,2.821570933646506,37.55805158812382
2023-12-01 09:30:53,4.209686729119095,28.04433537964074
2023-12-01 09:30:54,7.735903253627637,40.03635035953661
2023-12-01 09:30:55,1.9024286188496529,38.54239112168845
2023-12-01 09:30:56,5.002778059314674,31.649955667081976
2023-12-01 09:30:57,8.071455539156617,28.373203901700627
2023-12-01 09:30:58,5.347245394375637,36.67181357006146
2023-12-01 09:30:59,4.971073993244666,38.49756028889976
2023-12-01 09:31:00,6.900363150935669,33.28182625719752
2023-12-01 09:31:01,9.755078647568638,37.804885221363186
2023-12-01 09:31:02,2.7908652492483212,33.95048990287104
2023-12-01 09:31:03,6.75646206960036,35.323595493783166
2023-12-01 09:31:04,5.643375323245102,34.533379836263954
2023-12-01 09:31:05,0.09700566914661035,42.010596003058225
2023-12-01 09:31:06,3.924159084016397,36.65924111985495
2023-12-01 09:31:07,4.283838783651227,36.29623132183134
2023-12-01 09:31:08,3.3208363118192037,24.806857929781145
2023-12-01 09:31:09,7.747102619445956,37.37292118188229
2023-12-01 09:31:10,4.078886090569082,41.66532491358308
2023-12-01 09:31:11,5.24265581048055,32.444037241585356
2023-12-01 09:31:12,2.6476390582078095,32.026538830307565
2023-12-01 09:31:13,3.776783143394302,25.77409423846493
2023-12-01 09:31:14,4.5706506256569694,45.86800042001699
2023-12-01 09:31:15,3.7510185611767444,51.55203504410852
2023-12-01 09:31:16,4.141693406629718,28.2012214386777
2023-12-01 09:31:17,0.602492827865361,32.86160826994019
2023-12-01 09:31:18,4.0180418350129,23.694905602030662
2023-12-01 09:31:19,2.733004336913267,42.88242905311032
2023-12-01 09:31:20,6.341779486008642,34.58293777033749
2023-12-01 09:31:21,3.8117579192716167,34.304655560803376
2023-12-01 09:31:22,47.69257800573205,74.2551610452003
2023-12-01 09:31:23,6.66219195763422,29.11561574598119
2023-12-01 09:31:24,6.825635328604617,38.43397701959074
2023-12-01 09:31:25,5.834849053333745,36.57101549913726
2023-12-01 09:31:26,2.7519064923915284,24.407978578665904
2023-12-01 09:31:27,3.584105935812608,38.45322784456766
2023-12-01 09:31:28,8.860235140769017,36.67397846202086
2023-12-01 09:31:29,7.394679116098396,33.33711803738821
2023-12-01 09:31:30,32.27636882996361,79.83287249862524
2023-12-01 09:31:31,46.728749025836414,64.46489660477056
2023-12-01 09:31:32,47.768897921673165,68.74545433156422
2023-12-01 09:31:33,7.304010276336999,29.951636522671674
2023-12-01 09:31:34,7.22801056422411,40.63656309259626
2023-12-01 09:31:35,0.41706173091867793,28.991171888776833
2023-12-01 09:31:36,4.931915252399773,33.43799431234863
2023-12-01 09:31:37,4.8925056450298925,35.01862022861514
2023-12-01 09:31:38,6.668611295098724,41.114092074814835
2023-12-01 09:31:39,3.0361323890800342,27.482722431494185
2023-12-01 09:31:40,3.437549769572313,32.806267006509465
2023-12-01 09:31:41,7.070612144693758,36.60825068584154
2023-12-01 09:31:42,7.215907997305243,30.680993699981062
2023-12-01 09:31:43,5.22175073238647,35.7777675973465
2023-12-01 09:31:44,5.622530913895858,39.34965638808227
2023-12-01 09:31:45,7.056872618206527,41.82388100769523
2023-12-01 09:31:46,4.300926341454814,29.32563271621364
2023-12-01 09:31:47,1.2214420306215747,28.0479370727672
2023-12-01 09:31:48,6.086562588663254,44.57549655734778
2023-12-01 09:31:49,5.3328456346155155,34.327975184073175
2023-12-01 09:31:50,4.488976826437306,33.370546760102236
2023-12-01 09:31:51,3.527560019912029,28.255288526400584
2023-12-01 09:31:52,0.9803840083058262,33.184001685252525
2023-12-01 09:31:53,4.013915729462065,36.02250409388853
2023-12-01 09:31:54,2.6263398603404338,35.09949474569184
2023-12-01 09:31:55,3.109491941875156,31.43939648275986
2023-12-01 09:31:56,3.232517157746532,29.371102620939656
2023-12-01 09:31:57,4.999671391750197,36.56770748008596
2023-12-01 09:31:58,4.356192430279041,41.54779172932212
2023-12-01 09:31:59,1.6288903612633217,22.83668762222625
2023-12-01 09:32:00,4.73664674178915,35.297648971885145
2023-12-01 09:32:01,5.43095716196721,30.860624383989492
2023-12-01 09:32:02,5.3975910688134885,36.61410593157417
2023-12-01 09:32:03,1.1921317884373939,44.26585604711752
2023-12-01 09:32:04,3.420876865518855,38.76047608943644
2023-12-01 09:32:05,2.066958460925485,37.163802023939034
2023-12-01 09:32:06,3.385664801941214,28.54899751890138
2023-12-01 09:32:07,3.7929978237852273,33.98223107134847
2023-12-01 09:32:08,4.496823415268027,33.30589208972394
2023-12-01 09:32:09,2.32274654845426,36.871862264355684
2023-12-01 09:32:10,4.649140184088228,41.52031816031834
2023-12-01 09:32:11,2.993382980629974,30.148876365070358
2023-12-01 09:32:12,4.467550358628754,34.064181111295575
2023-12-01 09:32:13,6.400982689110998,43.6112625541713
2023-12-01 09:32:14,3.7802564173677133,41.99101131192097
2023-12-01 09:32:15,1.2895337479771887,27.795015279117877
2023-12-01 09:32:16,7.552441812201053,36.85590846063768
2023-12-01 09:32:17,8.540995945845081,41.20195845491837
2023-12-01 09:32:18,3.3454074715776776,36.74588801504449
2023-12-01 09:32:19,5.237344163429981,34.1278676013249
2023-12-01 09:32:20,3.411044816601346,25.47445670573422
2023-12-01 09:32:21,8.249586757671802,30.963485570289603
2023-12-01 09:32:22,5.971521248801306,41.713542524544394
2023-12-01 09:32:23,53.65779137796454,79.79684519834935
2023-12-01 09:32:24,4.714792655854569,29.745163859263133
2023-12-01 09:32:25,5.638430224614628,40.4229511768146
2023-12-01 09:32:26,6.580459794623664,41.93568541336759
2023-12-01 09:32:27,3.230446812606111,37.77773579174581
2023-12-01 09:32:28,4.488370678045214,33.85538166883173
2023-12-01 09:32:29,1.9794683415285435,34.51986604014801
2023-12-01 09:32:30,6.699608172652046,29.744110680130056
2023-12-01 09:32:31,3.5024116917621013,44.36800733158134
2023-12-01 09:32:32,3.653303265684402,27.569549320190795
2023-12-01 09:32:33,6.422794400403633,34.54362021255741
2023-12-01 09:32:34,2.588302534542899,38.050369062268004
2023-12-01 09:32:35,4.291965273506048,36.826944988104906
2023-12-01 09:32:36,4.6223713439071545,35.56877533055393
2023-12-01 09:32:37,2.717384039226435,41.79897168275907
2023-12-01 09:32:38,8.343768271380915,32.17539817483538
2023-12-01 09:32:39,5.343800124514068,30.800403893774778
2023-12-01 09:32:40,5.746301899135094,36.55205713596596
2023-12-01 09:32:41,5.684131195778144,36.32587505349175
2023-12-01 09:32:42,0.9722938472696923,38.81360426867659
2023-12-01 09:32:43,48.5759619279882,73.84767448951362
2023-12-01 09:32:44,44.823684451238904,75.38469143064866
2023-12-01 09:32:45,52.25154707069916,68.4030056098793
2023-12-01 09:32:46,5.581280760631699,42.868846459938226
2023-12-01 09:32:47,4.995981124651826,35.99379947286119
2023-12-01 09:32:48,2.334967301929856,21.27008632468119
2023-12-01 09:32:49,3.0464458933899756,39.85094582396132
2023-12-01 09:32:50,5.571331848428165,35.03703401456919
2023-12-01 09:32:51,4.165688398329589,31.826617963754373
2023-12-01 09:32:52,5.585433575808767,43.13068984315134
2023-12-01 09:32:53,4.76299091751823,34.89820731956802
2023-12-01 09:32:54,8.43239460023505,40.629095881167295
2023-12-01 09:32:55,0.36733685136110505,35.29875651940048
2023-12-01 09:32:56,5.226273579326492,28.058694397356
2023-12-01 09:32:57,4.700317346181675,37.69949411881995
2023-12-01 09:32:58,6.211039416267342,38.5160007046377
2023-12-01 09:32:59,5.77742193844581,35.25603443997883
2023-12-01 09:33:00,3.5542079343171773,34.45616805074418
2023-12-01 09:33:01,4.916927606750217,24.138741251591753
2023-12-01 09:33:02,7.561594100270059,48.6138693179602
2023-12-01 09:33:03,5.673319041522708,31.926028413219846
2023-12-01 09:33:04,2.0763460892357677,41.29627188670122
2023-12-01 09:33:05,4.041120773708037,39.06043599036974
2023-12-01 09:33:06,4.618877038465615,38.69919862827865
2023-12-01 09:33:07,4.921759102770533,33.4419302592149
2023-12-01 09:33:08,5.412060719244213,36.453059176148656
2023-12-01 09:33:09,4.814315090403875,32.69525353598808
2023-12-01 09:33:10,5.270707323087728,28.384026176449773
2023-12-01 09:33:11,5.453428452367218,34.19083716828667
2023-12-01 09:33:12,3.024348321039487,32.18244203217333
2023-12-01 09:33:13,7.765888524764145,32.56816874199666
2023-12-01 09:33:14,5.971722260768035,37.875958253283216
2023-12-01 09:33:15,5.268160277420119,38.5071345824647
2023-12-01 09:33:16,6.438070089422181,28.65906730076226
2023-12-01 09:33:17,5.925258503373458,38.75727007076231
2023-12-01 09:33:18,8.92058482727316,33.71025122962851
2023-12-01 09:33:19,6.0859304022350384,34.71315118670511
2023-12-01 09:33:20,6.325144718504069,26.592947481135404
2023-12-01 09:33:21,4.040918060683918,42.09269476338372
2023-12-01 09:33:22,4.203043831081238,38.40728054416769
2023-12-01 09:33:23,1.3244350517404997,46.97451951264897
2023-12-01 09:33:24,4.921309191644397,35.60047269545104
2023-12-01 09:33:25,4.60697564600418,32.78142366716539
2023-12-01 09:33:26,3.1040324091398546,29.165840725166223
2023-12-01 09:33:27,6.5871248529423285,33.35287514768737
2023-12-01 09:33:28,5.2933918565210245,33.997044406021786
2023-12-01 09:33:29,6.877388570181628,45.095615600133115
2023-12-01 09:33:30,7.109103422785141,31.629206299113132
2023-12-01 09:33:31,6.596650521717479,38.481580567907876
2023-12-01 09:33:32,3.4996969957548245,39.626673701121305
2023-12-01 09:33:33,4.382420501217947,40.91430039344349
2023-12-01 09:33:34,3.982376197190983,31.381598115597825
2023-12-01 09:33:35,5.009721024905236,32.59491878899196
2023-12-01 09:33:36,0.472398680420409,45.038442455856554
2023-12-01 09:33:37,3.2082720254239847,37.88577714531369
2023-12-01 09:33:38,5.933164156122926,30.65408837685132
2023-12-01 09:33:39,3.310481698450813,33.096870227576105
2023-12-01 09:33:40,7.888500358792909,39.883330157855596
2023-12-01 09:33:41,2.1611021003752757,37.90508405802703
2023-12-01 09:33:42,0.6955944102466809,33.053046201508
2023-12-01 09:33:43,4.830387534051993,30.923957651790992
2023-12-01 09:33:44,4.2663697968430485,27.95197799658935
2023-12-01 09:33:45,5.6402896535976215,30.958475248090593
2023-12-01 09:33:46,1.6665739776909114,34.672006895549686
2023-12-01 09:33:47,5.546201839938312,41.01782678023315
2023-12-01 09:33:48,5.335173080649569,30.318674695750907
2023-12-01 09:33:49,3.2114376203956745,42.28833613463675
2023-12-01 09:33:50,4.043260563608249,25.086772867679603
2023-12-01 09:33:51,45.594299994027516,71.3661026371847
2023-12-01 09:33:52,42.22676281825503,68.08518888719354
2023-12-01 09:33:53,50.127236915073546,64.62775263062107
2023-12-01 09:33:54,40.61250825424381,65.04268525282492
2023-12-01 09:33:55,40.85936851841734,58.68655989863075
2023-12-01 09:33:56,38.08440548617089,62.02938346513764
2023-12-01 09:33:57,46.65939850860296,61.04956166382008
2023-12-01 09:33:58,40.303042024721655,62.11361387123829
2023-12-01 09:33:59,36.1230000204523,55.947422092765144
2023-12-01 09:34:00,51.02338197310744,62.69358160331863
2023-12-01 09:34:01,44.549521864020164,61.347499063092314
2023-12-01 09:34:02,41.97959489673592,68.91020768363461
2023-12-01 09:34:03,38.272686791375094,59.06459169587635
2023-12-01 09:34:04,49.4560914933694,63.69947271951289
2023-12-01 09:34:05,42.3288599346609,63.05417603753949
2023-12-01 09:34:06,51.152684920790605,61.32471170140952
2023-12-01 09:34:07,39.84055604839442,70.03815945294181
2023-12-01 09:34:08,42.492268879479454,63.891363189683524
2023-12-01 09:34:09,45.33385953714021,74.41238563732415
2023-12-01 09:34:10,40.87955800704255,72.65964939134662
2023-12-01 09:34:11,35.055783017256765,70.57033744384634
2023-12-01 09:34:12,48.27211410882325,56.18936920120799
2023-12-01 09:34:13,33.57493026922256,58.41549044997721
2023-12-01 09:34:14,39.6622181267241,75.11900897750695
2023-12-01 09:34:15,,
2023-12-01 09:34:16,,
2023-12-01 09:34:17,,
2023-12-01 09:34:18,,
2023-12-01 09:34:19,,
2023-12-01 09:34:20,,
2023-12-01 09:34:21,,
2023-12-01 09:34:22,46.46662774587553,65.75188463479071
2023-12-01 09:34:23,43.499820434730196,62.44767389821008
2023-12-01 09:34:24,46.09083526665798,59.42846382640528
2023-12-01 09:34:25,45.943445374872276,70.47252769874012
2023-12-01 09:34:26,49.46644964275015,65.41642893362902
2023-12-01 09:34:27,52.19520614987708,70.59937454434407
2023-12-01 09:34:28,52.650166717359134,64.49919152813965
2023-12-01 09:34:29,42.69746065505012,62.91592374929928
2023-12-01 09:34:30,50.13661118018778,60.06399744652451
2023-12-01 09:34:31,36.11180266914402,66.99413654069258
2023-12-01 09:34:32,45.2582569867869,67.60395914333999
2023-12-01 09:34:33,41.56528902945956,65.7055457433115
2023-12-01 09:34:34,50.08881731523616,74.05839544148303
2023-12-01 09:34:35,45.691807321770966,65.43619262300673
2023-12-01 09:34:36,5.294004646091672,45.71170045596549
2023-12-01 09:34:37,6.130028193821676,32.20546290872564
2023-12-01 09:34:38,4.386671093026882,36.57912895560406
2023-12-01 09:34:39,4.60995707120572,26.017168123215193
2023-12-01 09:34:40,4.417760115017951,36.886288933472834
2023-12-01 09:34:41,3.4081713049420572,26.26959066235319
2023-12-01 09:34:42,8.495706176229678,35.66033847807393
2023-12-01 09:34:43,1.7475766837594002,38.040519055646925
2023-12-01 09:34:44,3.5650639469357,32.03947310193704
2023-12-01 09:34:45,2.1888078291366373,32.62646622082225
2023-12-01 09:34:46,7.067412716173372,36.4862310332629
2023-12-01 09:34:47,7.355978084566238,37.14012283379585
2023-12-01 09:34:48,3.246636901706169,24.112427868831418
2023-12-01 09:34:49,9.221997558213317,33.45009338195425
2023-12-01 09:34:50,6.512859935694994,46.113277964774085
2023-12-01 09:34:51,6.831045237880932,27.55645454414775
2023-12-01 09:34:52,2.65119536499837,36.43564669390041
2023-12-01 09:34:53,7.90365236108202,28.949903635812976
2023-12-01 09:34:54,7.254446779093038,24.46452089430997
2023-12-01 09:34:55,5.032968236393371,35.72457866471841
2023-12-01 09:34:56,6.278722433700308,36.642388511846775
2023-12-01 09:34:57,5.743910128992676,38.899165303462176
2023-12-01 09:34:58,2.3011982912236215,28.144855428946137
2023-12-01 09:34:59,6.493828002464369,29.11070514092618
2023-12-01 09:35:00,3.3398523145424046,36.771890767131296
2023-12-01 09:35:01,4.152779342292037,31.65745219636183
2023-12-01 09:35:02,,
2023-12-01 09:35:03,,
2023-12-01 09:35:04,,
2023-12-01 09:35:05,,
2023-12-01 09:35:06,,
2023-12-01 09:35:07,,
2023-12-01 09:35:08,,
2023-12-01 09:35:09,,
2023-12-01 09:35:10,,
2023-12-01 09:35:11,,
2023-12-01 09:35:12,,
2023-12-01 09:35:13,,
2023-12-01 09:35:14,,
2023-12-01 09:35:15,,
2023-12-01 09:35:16,,
2023-12-01 09:35:17,,
2023-12-01 09:35:18,4.577715115749041,37.32894061379278
2023-12-01 09:35:19,3.546496732094893,37.719557564884255
2023-12-01 09:35:20,6.606903181689919,29.529771747231152
2023-12-01 09:35:21,5.102174846307828,44.24956743269386
2023-12-01 09:35:22,4.456018905431833,38.21237629138781
2023-12-01 09:35:23,5.220356647955485,35.91291827712311
2023-12-01 09:35:24,4.033317746155764,30.73032285463218
2023-12-01 09:35:25,7.058680007417104,32.091731602272084
2023-12-01 09:35:26,3.072545795489976,38.97185352624834
2023-12-01 09:35:27,2.532791799250041,29.006500836729963
2023-12-01 09:35:28,6.998845731439266,32.294399979739495
2023-12-01 09:35:29,5.748534646474022,39.19743085823078
2023-12-01 09:35:30,-1.1004640156577006,39.00429627400183
2023-12-01 09:35:31,3.4015173741519895,38.54203717814265
2023-12-01 09:35:32,7.042321761736057,41.6197205234796
2023-12-01 09:35:33,5.506383352313624,36.07576886773204
2023-12-01 09:35:34,4.261603500655262,30.01145443283264
2023-12-01 09:35:35,7.527416318791758,35.50753996155846
2023-12-01 09:35:36,4.155233646769635,34.961361676526984
2023-12-01 09:35:37,6.268227007187707,37.304975356214165
2023-12-01 09:35:38,3.532732859222862,34.92772140868137
2023-12-01 09:35:39,5.828866814171299,36.40457808092555
2023-12-01 09:35:40,1.1172781200395963,35.45548975338862
2023-12-01 09:35:41,8.314070502739419,31.145346620233486
2023-12-01 09:35:42,6.631354170387837,33.33851451597291
2023-12-01 09:35:43,6.780655565723762,39.49146867823276
2023-12-01 09:35:44,7.795137663152812,40.421901614407915
2023-12-01 09:35:45,3.8431546787211985,24.159104679484898
2023-12-01 09:35:46,6.679871346437009,36.80088231026321
2023-12-01 09:35:47,36.76159151463516,72.85847965537236
2023-12-01 09:35:48,5.196343255597313,35.42928193577464
2023-12-01 09:35:49,5.145033363177806,31.459889617383407
2023-12-01 09:35:50,5.938497741140615,36.976775522236835
2023-12-01 09:35:51,2.5905955850407754,35.284570900984924
2023-12-01 09:35:52,5.54797349829396,32.20068237413703
2023-12-01 09:35:53,40.89734431218365,70.35393870713646
2023-12-01 09:35:54,46.57308211315391,70.76276204516886
2023-12-01 09:35:55,6.602076518395703,34.87333684161825
2023-12-01 09:35:56,5.938196554233198,33.114161101947545
2023-12-01 09:35:57,4.386028990266286,37.690837754871986
2023-12-01 09:35:58,6.580895838556931,38.49679195662855
2023-12-01 09:35:59,6.5693697743378,42.28441169072659
2023-12-01 09:36:00,5.612998774667171,32.3114182229967
2023-12-01 09:36:01,6.5081494570468275,42.245828584610805
2023-12-01 09:36:02,3.814158011611858,37.658849640165535
2023-12-01 09:36:03,2.8160484613416124,43.18557423316471
2023-12-01 09:36:04,2.1383264859063598,32.79000776179656
2023-12-01 09:36:05,6.604423003387537,34.030663989780294
2023-12-01 09:36:06,4.052813574767296,38.11598332720711
2023-12-01 09:36:07,5.263861333179597,31.175203717025138
2023-12-01 09:36:08,5.262052453698639,28.32185466522955
2023-12-01 09:36:09,8.11259265286317,36.71945039822772
2023-12-01 09:36:10,4.26409885288993,33.1687754689447
2023-12-01 09:36:11,5.036194210930322,39.59976094664973
2023-12-01 09:36:12,4.820242964822162,36.01371825021924
2023-12-01 09:36:13,5.666269370746028,39.49876130415531
2023-12-01 09:36:14,5.381659915954637,34.00228302134831
2023-12-01 09:36:15,4.460704320782225,35.25257728821448
2023-12-01 09:36:16,5.41429160900753,32.09218895662462
2023-12-01 09:36:17,3.491924997989069,34.29566619370455
2023-12-01 09:36:18,7.852247133774302,34.47213626957955
2023-12-01 09:36:19,6.366404567700595,34.67850915075793
2023-12-01 09:36:20,4.490553947848968,40.87247646079424
2023-12-01 09:36:21,4.8165835951906315,35.465202758360775
2023-12-01 09:36:22,2.5796334841256994,38.286891115486
2023-12-01 09:36:23,5.715527894109547,40.38856532734571
2023-12-01 09:36:24,6.547402776945955,29.291487406115966
2023-12-01 09:36:25,6.484302160598952,34.62493858926107
2023-12-01 09:36:26,4.021686747172275,34.855566009656556
2023-12-01 09:36:27,4.355866300309744,35.022635459481506
2023-12-01 09:36:28,4.455190716379957,34.89206307928275
2023-12-01 09:36:29,1.3024647501673217,33.36824428695402
2023-12-01 09:36:30,4.588147787593361,34.75560441571094
2023-12-01 09:36:31,4.095626587143482,44.1372983528571
2023-12-01 09:36:32,2.3110033052495695,45.300310152687935
2023-12-01 09:36:33,3.4971090679951033,42.20840882224476
2023-12-01 09:36:34,4.375848852762811,36.71286340118249
2023-12-01 09:36:35,3.9312397333765414,27.664914287898277
2023-12-01 09:36:36,8.556949028497094,27.488959307467006
2023-12-01 09:36:37,2.1982222349912868,36.72832429069715
2023-12-01 09:36:38,3.231271948942851,22.415004575206858
2023-12-01 09:36:39,7.331231136813712,33.531566896711034
2023-12-01 09:36:40,6.362307375900434,40.66122687086465
2023-12-01 09:36:41,3.5810757976619527,35.97922537365384
2023-12-01 09:36:42,3.5813021371153004,38.3056307965416
2023-12-01 09:36:43,7.071839520057624,38.61561721837821
2023-12-01 09:36:44,6.737488152024994,48.143080366541184
2023-12-01 09:36:45,6.465370740952701,39.592423634336484
2023-12-01 09:36:46,8.868585992225476,32.81501680232852
2023-12-01 09:36:47,1.3925075942439533,31.167625562566524
2023-12-01 09:36:48,6.274445836167482,33.89079433074656
2023-12-01 09:36:49,0.842265367313157,29.604862658115955
2023-12-01 09:36:50,4.0375919588842235,33.644325378265165
2023-12-01 09:36:51,2.1950049341084945,32.05526813466157
2023-12-01 09:36:52,7.088380415519741,39.22900525640616
2023-12-01 09:36:53,6.471080889179664,46.702452565180664
2023-12-01 09:36:54,4.983978343947375,38.36572838880565
2023-12-01 09:36:55,5.652780154887283,25.86870250672362
2023-12-01 09:36:56,48.64895092817365,75.32383696978916
2023-12-01 09:36:57,45.39111950479424,73.70111522141791
2023-12-01 09:36:58,52.18624702913112,69.98125483659571
2023-12-01 09:36:59,2.4641521627319958,34.80912984570893
2023-12-01 09:37:00,5.2292778656698236,39.11433139488271
2023-12-01 09:37:01,4.46320716755942,37.74401826834955
2023-12-01 09:37:02,3.616258969593062,30.620013160856267
2023-12-01 09:37:03,6.117078152352172,42.09403744370077
2023-12-01 09:37:04,4.157678117444397,28.798554998011603
2023-12-01 09:37:05,5.119354335508245,40.03663609634688
2023-12-01 09:37:06,3.6081878278143207,35.575650867968335
2023-12-01 09:37:07,6.988609710379668,37.953889171735
2023-12-01 09:37:08,3.025244882416494,40.43617912901153
2023-12-01 09:37:09,6.279791016576857,36.98662680681572
2023-12-01 09:37:10,3.245692250492012,30.027211374247226
2023-12-01 09:37:11,3.896522450448167,38.519054666463035
2023-12-01 09:37:12,3.74406100513753,39.82401816724028
2023-12-01 09:37:13,4.88074825118725,32.12148714959848
2023-12-01 09:37:14,5.896822205154871,38.495576683271565
2023-12-01 09:37:15,5.225670763141795,36.757108757713794
2023-12-01 09:37:16,3.176323321789238,44.795055737269394
2023-12-01 09:37:17,6.86134425499609,34.59972231258798
2023-12-01 09:37:18,6.178971648306164,26.807506433414
2023-12-01 09:37:19,7.007846433591418,36.68407301886655
2023-12-01 09:37:20,7.1436235255042355,31.39705452313489
2023-12-01 09:37:21,5.575084862852833,33.111161198517145
2023-12-01 09:37:22,5.955625942518695,27.89177517020296
2023-12-01 09:37:23,4.673452085548497,28.735605655688758
2023-12-01 09:37:24,2.427806718296459,43.75298434957509
2023-12-01 09:37:25,4.962442176512707,36.74963024231411
2023-12-01 09:37:26,8.106024159500288,35.726330226135836
2023-12-01 09:37:27,5.544121475452967,36.200780822826204
2023-12-01 09:37:28,3.189422650253542,34.36159896103781
2023-12-01 09:37:29,2.861938249234149,30.253424143835126
2023-12-01 09:37:30,5.8856379386517474,33.23278925760317
2023-12-01 09:37:31,3.323903208553319,36.05247493531545
2023-12-01 09:37:32,4.564595905652401,30.19463879547379
2023-12-01 09:37:33,9.018419563703329,28.756897703334296
2023-12-01 09:37:34,3.448960166113662,42.20844806753942
2023-12-01 09:37:35,5.6900617824819095,35.16927535960379
2023-12-01 09:37:36,3.3816207238585507,35.435880055831014
2023-12-01 09:37:37,7.168875784575524,40.69453966121663
2023-12-01 09:37:38,5.348251394780074,33.96832250201529
2023-12-01 09:37:39,8.061336733504014,34.23829397370189
2023-12-01 09:37:40,0.7431862501363273,37.40344848449597
2023-12-01 09:37:41,40.24965789782404,65.13696714948762
2023-12-01 09:37:42,43.61227577024985,71.1526065236549
2023-12-01 09:37:43,44.359980710046166,69.90870906169637
2023-12-01 09:37:44,38.48683370700347,65.95796754973117
2023-12-01 09:37:45,8.016720199409573,38.5192027362201
2023-12-01 09:37:46,4.584615110030074,28.463327864253344
2023-12-01 09:37:47,47.57379382876308,73.89574731464849
2023-12-01 09:37:48,43.62494864218328,63.073247150310635
2023-12-01 09:37:49,4.032010837554535,29.935106022758802
2023-12-01 09:37:50,1.7358036961402732,31.918965609297214
2023-12-01 09:37:51,2.9649092576761187,27.998584872735332
2023-12-01 09:37:52,7.673095240464625,38.992647968673644
2023-12-01 09:37:53,4.975781235055841,33.07957297165278
2023-12-01 09:37:54,8.481137636749342,41.13783947004641
2023-12-01 09:37:55,7.241064181898237,38.6521557035466
2023-12-01 09:37:56,,
2023-12-01 09:37:57,,
2023-12-01 09:37:58,,
2023-12-01 09:37:59,,
2023-12-01 09:38:00,,
2023-12-01 09:38:01,,
2023-12-01 09:38:02,3.4335066608380984,37.14686779984073
2023-12-01 09:38:03,4.359513519868074,34.55024917689589
2023-12-01 09:38:04,5.673446746188252,37.085523785091944
2023-12-01 09:38:05,4.581426247068071,40.5050573807216
2023-12-01 09:38:06,7.165105855364702,35.009513790463494
2023-12-01 09:38:07,5.233519728925833,42.93461760566785
2023-12-01 09:38:08,4.374028135194205,37.335411031362405
2023-12-01 09:38:09,2.878391168372522,34.93164330363483
2023-12-01 09:38:10,5.445726451183662,28.369171814303353
2023-12-01 09:38:11,5.530417891484582,37.964896839228174
2023-12-01 09:38:12,7.555450579461203,39.338908315848045
2023-12-01 09:38:13,4.069110795319137,42.15146908996264
2023-12-01 09:38:14,7.412099006548124,32.84252047000345
2023-12-01 09:38:15,1.9961742218232739,30.39254024747363
2023-12-01 09:38:16,1.093482020184739,36.70300373592856
2023-12-01 09:38:17,4.19548265124745,39.886934005054826
2023-12-01 09:38:18,5.445144416723647,32.446146203976454
2023-12-01 09:38:19,47.912520318351376,65.20716788076331
2023-12-01 09:38:20,49.30826789315823,72.5515276561774
2023-12-01 09:38:21,44.62760875384715,70.88677415962968
2023-12-01 09:38:22,3.9933363986669006,39.60741166591566
2023-12-01 09:38:23,6.663124512673768,32.472326779374775
2023-12-01 09:38:24,5.465056322555986,25.476594175941074
2023-12-01 09:38:25,5.374139351241879,29.55327685416332
2023-12-01 09:38:26,3.7537092989436704,31.77184625166905
2023-12-01 09:38:27,9.528733014584857,37.60644441425506
2023-12-01 09:38:28,7.098123168198731,45.94076576208771
2023-12-01 09:38:29,2.5415812458027935,33.79974081287864
2023-12-01 09:38:30,6.570803347173646,34.92922941878498
2023-12-01 09:38:31,49.690185255949785,77.2844352141538
2023-12-01 09:38:32,46.09387800783407,75.71996053923817
2023-12-01 09:38:33,42.474678643134624,73.81456401135577
2023-12-01 09:38:34,7.06744790388512,34.14270684223635
2023-12-01 09:38:35,6.709000875742884,28.133991624785825
2023-12-01 09:38:36,4.0435206341831815,34.32133418457891
2023-12-01 09:38:37,6.752657655042682,29.51535866302305
2023-12-01 09:38:38,4.034174627504447,38.75599643970561
2023-12-01 09:38:39,1.6306160120762474,32.45132084802205
2023-12-01 09:38:40,2.8393492946743852,43.270049176635005
2023-12-01 09:38:41,4.58902568010126,32.67556998700602
2023-12-01 09:38:42,5.277246622953677,32.16162237086778
2023-12-01 09:38:43,2.8632862517932387,31.84485267867916
2023-12-01 09:38:44,3.494258453662564,37.703511437979316
2023-12-01 09:38:45,6.486640189481604,40.51011059717303
2023-12-01 09:38:46,10.70734031992166,22.520901379441195
2023-12-01 09:38:47,6.759057210715275,32.02963051552446
2023-12-01 09:38:48,6.6839900691377405,34.44963073847124
2023-12-01 09:38:49,4.819265156816227,35.63525052422758
2023-12-01 09:38:50,6.824993468835225,28.881048985875246
2023-12-01 09:38:51,3.1895663086087067,30.290746511550065
2023-12-01 09:38:52,6.325766198032822,39.705512430832826
2023-12-01 09:38:53,4.5085928723235575,34.73914928353597
2023-12-01 09:38:54,37.89838405684955,66.48642573955077
2023-12-01 09:38:55,56.93627132248669,70.79700507922627
2023-12-01 09:38:56,2.3102890578977378,34.15261108950294
2023-12-01 09:38:57,6.713086357205168,25.38845871526734
2023-12-01 09:38:58,2.8057654970553663,37.241595839070115
2023-12-01 09:38:59,7.362130247822218,41.28509020310528
2023-12-01 09:39:00,5.639198845546876,32.59008826530604
2023-12-01 09:39:01,6.756377242364618,40.16229519732064
2023-12-01 09:39:02,6.106453845571653,29.08448589468592
2023-12-01 09:39:03,5.51818666019291,40.37452114510657
2023-12-01 09:39:04,5.878952731037089,36.487074648534005
2023-12-01 09:39:05,8.078827036525555,35.013714604050996
2023-12-01 09:39:06,2.5703732585306343,42.75086033178383
2023-12-01 09:39:07,4.215048210525485,40.020791990968554
2023-12-01 09:39:08,4.434330042047844,30.328147830813688
2023-12-01 09:39:09,0.5346862627653,31.872141107483664
2023-12-01 09:39:10,4.986807925321902,29.89149914958224
2023-12-01 09:39:11,6.5123341829787815,33.424499432805675
2023-12-01 09:39:12,5.22472235075241,31.547070415277258
2023-12-01 09:39:13,5.580043781772226,43.53914020743171
2023-12-01 09:39:14,5.598316133262344,35.00020908970133
2023-12-01 09:39:15,3.056703080873911,36.1827144792307
2023-12-01 09:39:16,6.018861164357299,26.136573425105667
2023-12-01 09:39:17,8.282823641527367,36.98772818940136
2023-12-01 09:39:18,5.491846452512075,32.83844308901357
2023-12-01 09:39:19,5.1920779312957634,33.234575829686186
2023-12-01 09:39:20,4.71736569880488,27.356816135125044
2023-12-01 09:39:21,4.75205096769771,39.84574369798893
2023-12-01 09:39:22,6.0640211457361275,35.75328057261695
2023-12-01 09:39:23,2.9526938334876536,32.39457412109544
2023-12-01 09:39:24,1.7193748705526017,38.5895372068058
2023-12-01 09:39:25,4.6449813523200385,35.33820408590892
2023-12-01 09:39:26,6.985181456743244,33.21181175650377
2023-12-01 09:39:27,6.48400465420371,32.416400550111206
2023-12-01 09:39:28,2.2721843144507097,38.431828408659584
2023-12-01 09:39:29,3.832750024166093,45.503756064785144
2023-12-01 09:39:30,7.110082607293597,35.6751432157596
2023-12-01 09:39:31,1.966465823982125,34.08080092420084
2023-12-01 09:39:32,4.088675898618154,42.840504910925915
2023-12-01 09:39:33,4.587262205630684,31.760999785292213
2023-12-01 09:39:34,1.8081905421946547,35.03569217426204
2023-12-01 09:39:35,0.34293481098826106,25.322445277590408
2023-12-01 09:39:36,5.544937116889609,29.815363418105456
2023-12-01 09:39:37,4.059098457040125,30.170043961701644
2023-12-01 09:39:38,3.968853892941864,33.83845880241666
2023-12-01 09:39:39,5.838859532507189,35.71209938732556
2023-12-01 09:39:40,1.9065342164493875,35.14896721114833
2023-12-01 09:39:41,3.0254620517007753,38.108143695382736
2023-12-01 09:39:42,3.4952097360412253,37.16960434777163
2023-12-01 09:39:43,6.085414506128297,36.054036872840136
2023-12-01 09:39:44,3.931467534726649,31.767070936741217
2023-12-01 09:39:45,4.450013199001502,31.28840973362332
2023-12-01 09:39:46,3.3654668523893005,36.84916016392236
2023-12-01 09:39:47,4.620759859521699,44.986251162729545
2023-12-01 09:39:48,4.516860066554543,27.866032570126826
2023-12-01 09:39:49,5.266991899499573,31.53756853240574
2023-12-01 09:39:50,3.8705930893970715,40.709295842453045
2023-12-01 09:39:51,6.125353680041912,27.99055570324296
2023-12-01 09:39:52,6.913989842776381,41.842413063571335
2023-12-01 09:39:53,4.889473829097854,38.28209348793564
2023-12-01 09:39:54,4.750654601811441,42.26866673558917
2023-12-01 09:39:55,4.203524358116777,42.6683604414656
2023-12-01 09:39:56,9.122831686541499,35.08606242721441
2023-12-01 09:39:57,3.344368936982315,22.48090344273145
2023-12-01 09:39:58,6.803082631148747,36.04938357187825
2023-12-01 09:39:59,7.81909490733641,24.468630316678663
2023-12-01 09:40:00,6.242026130033199,38.41075777668522
2023-12-01 09:40:01,6.519021683144203,37.30102092504703
2023-12-01 09:40:02,7.390901671636998,26.81859717062765
2023-12-01 09:40:03,,
2023-12-01 09:40:04,,
2023-12-01 09:40:05,,
2023-12-01 09:40:06,,
2023-12-01 09:40:07,7.326479413636639,38.07227310760094
2023-12-01 09:40:08,5.882076795688806,36.62835397141517
2023-12-01 09:40:09,5.61613992133079,34.39376052096033
2023-12-01 09:40:10,6.84682161762071,37.109296671306915
2023-12-01 09:40:11,7.268173307109871,39.63321932713561
2023-12-01 09:40:12,3.6594673193384133,37.08603584290922
2023-12-01 09:40:13,4.911515879305801,31.715876373457384
2023-12-01 09:40:14,6.2245159602755145,37.61805104048322
2023-12-01 09:40:15,5.705255336028628,38.787871281185616
2023-12-01 09:40:16,3.900356468929452,28.42715240059301
2023-12-01 09:40:17,2.4385567955432257,34.941175230800155
2023-12-01 09:40:18,4.857353578795129,32.18921323237053
2023-12-01 09:40:19,8.339925419022498,30.498801553675946
2023-12-01 09:40:20,1.4754659858507364,36.66895699947422
2023-12-01 09:40:21,3.8935110672808477,38.55245736986429
2023-12-01 09:40:22,6.969808940208717,34.00445026541076
2023-12-01 09:40:23,5.043836807572438,28.532992391822667
2023-12-01 09:40:24,7.025018736492129,39.33771487548186
2023-12-01 09:40:25,5.227374447776912,32.41972004952384
2023-12-01 09:40:26,6.1160811365646675,32.08271785003073
2023-12-01 09:40:27,9.34779280149752,34.23215342047555
2023-12-01 09:40:28,7.203256481775475,30.974745723095012
2023-12-01 09:40:29,3.780266418643224,36.10766754694704
2023-12-01 09:40:30,7.917410757734585,30.853898350377122
2023-12-01 09:40:31,4.648996619458361,36.716663867204176
2023-12-01 09:40:32,8.04516106353456,40.12391409977763
2023-12-01 09:40:33,3.489379680829673,30.29996079067306
2023-12-01 09:40:34,0.5513225653810645,31.093223548387197
2023-12-01 09:40:35,4.539061874197874,33.21532288398004
2023-12-01 09:40:36,5.777857546955035,35.768208292975416
2023-12-01 09:40:37,6.76373887787285,32.366215437789855
2023-12-01 09:40:38,7.754226004168846,40.58907085956851
2023-12-01 09:40:39,2.736474959264094,40.52843421723981
2023-12-01 09:40:40,7.958962932229152,41.02505740240946
2023-12-01 09:40:41,7.59875941929659,27.357529345034287
2023-12-01 09:40:42,3.367058683424816,43.26932912652838
2023-12-01 09:40:43,6.375685344124247,40.48282138339647
2023-12-01 09:40:44,6.685263110209899,41.88654792707216
2023-12-01 09:40:45,6.959512084840906,25.583523722789018
2023-12-01 09:40:46,6.895538176004137,34.389326155880575
2023-12-01 09:40:47,6.444853064310734,38.681051738304056
2023-12-01 09:40:48,3.070356144594475,32.662934927500146
2023-12-01 09:40:49,9.299994015181127,27.708657543308988
2023-12-01 09:40:50,8.159109813331089,47.667734275744166
2023-12-01 09:40:51,6.735344484368434,41.259026358747896
2023-12-01 09:40:52,2.7287444537931007,39.35338973537765
2023-12-01 09:40:53,4.303759914301847,40.86013047186761
2023-12-01 09:40:54,2.6724609444808474,35.81428988091312
2023-12-01 09:40:55,3.6535350258716353,32.11890934212107
2023-12-01 09:40:56,3.645603510191184,32.80354595442061
2023-12-01 09:40:57,3.712893029184047,30.075880004353568
2023-12-01 09:40:58,5.11073867017808,29.097206377859333
2023-12-01 09:40:59,7.475905137250312,31.971494090882892
2023-12-01 09:41:00,7.011749366707939,31.860859016231643
2023-12-01 09:41:01,4.474685974641525,35.121914718066066
2023-12-01 09:41:02,,
2023-12-01 09:41:03,,
2023-12-01 09:41:04,,
2023-12-01 09:41:05,,
2023-12-01 09:41:06,,
2023-12-01 09:41:07,4.0900815581430265,28.936724395841285
2023-12-01 09:41:08,6.423791919977125,35.81469555617772
2023-12-01 09:41:09,4.318486332099662,38.655283469005795
2023-12-01 09:41:10,5.44460039372723,39.76757735024611
2023-12-01 09:41:11,52.703834910037685,79.1988991672069
2023-12-01 09:41:12,46.97729945372075,77.60402899333465
2023-12-01 09:41:13,45.02996266433183,72.94406993947855
2023-12-01 09:41:14,4.446318199310479,45.14182937440269
2023-12-01 09:41:15,7.83583770341249,32.694097651705526
2023-12-01 09:41:16,2.9902776459484133,30.443808746115472
2023-12-01 09:41:17,4.7637647069054285,27.322147500628766
2023-12-01 09:41:18,,
2023-12-01 09:41:19,,
2023-12-01 09:41:20,,
2023-12-01 09:41:21,,
2023-12-01 09:41:22,,
2023-12-01 09:41:23,,
2023-12-01 09:41:24,,
2023-12-01 09:41:25,,
2023-12-01 09:41:26,,
2023-12-01 09:41:27,,
2023-12-01 09:41:28,,
2023-12-01 09:41:29,,
2023-12-01 09:41:30,,
2023-12-01 09:41:31,,
2023-12-01 09:41:32,,
2023-12-01 09:41:33,,
2023-12-01 09:41:34,,
2023-12-01 09:41:35,43.95202335634508,71.20504321258635
2023-12-01 09:41:36,40.534945305119635,66.12697780924896
2023-12-01 09:41:37,,
2023-12-01 09:41:38,,
2023-12-01 09:41:39,,
2023-12-01 09:41:40,,
2023-12-01 09:41:41,,
2023-12-01 09:41:42,,
2023-12-01 09:41:43,,
2023-12-01 09:41:44,,
2023-12-01 09:41:45,,
2023-12-01 09:41:46,42.072506478738326,70.6051379291289
2023-12-01 09:41:47,48.1664673843231,68.18270428506791
2023-12-01 09:41:48,38.79996897549187,59.61244674948881
2023-12-01 09:41:49,41.42745914569644,71.47531118939241
2023-12-01 09:41:50,,
2023-12-01 09:41:51,,
2023-12-01 09:41:52,,
2023-12-01 09:41:53,,
2023-12-01 09:41:54,,
2023-12-01 09:41:55,,
2023-12-01 09:41:56,,
2023-12-01 09:41:57,7.605800421807757,38.56250615960441
2023-12-01 09:41:58,3.9586972475108304,31.325491805310293
2023-12-01 09:41:59,3.183211026336749,30.457192685663838
2023-12-01 09:42:00,5.681889255599419,32.14726365992254
2023-12-01 09:42:01,4.716792929208096,28.584875853727745
2023-12-01 09:42:02,4.166762011028168,27.451660707970717
2023-12-01 09:42:03,2.33974973642054,35.06391982890933
2023-12-01 09:42:04,8.114503923546815,38.4905926584301
2023-12-01 09:42:05,5.1108915298554045,40.4108988784481
2023-12-01 09:42:06,3.049988015609162,40.376846827686926
2023-12-01 09:42:07,10.07309782374184,33.8478984576782
2023-12-01 09:42:08,5.196728015831518,37.63041827842528
2023-12-01 09:42:09,4.3381160546663935,35.24143475200324
2023-12-01 09:42:10,6.244962776620963,29.283792125032576
2023-12-01 09:42:11,6.986805429963326,45.7927629651138
2023-12-01 09:42:12,4.489378875072987,45.22930483954699
2023-12-01 09:42:13,8.991632478810233,36.81996083908563
2023-12-01 09:42:14,2.530308639215258,28.71046474082317
2023-12-01 09:42:15,2.6000533202481932,29.16733583553331
2023-12-01 09:42:16,4.79755033660772,36.29010059692563
2023-12-01 09:42:17,7.6085811763358215,41.17215920777506
2023-12-01 09:42:18,2.9027513772043023,31.90200228079071
2023-12-01 09:42:19,3.8077261960343933,37.26096324990731
2023-12-01 09:42:20,6.932413060064009,32.619857325358744
2023-12-01 09:42:21,5.892702444671596,35.22963834055352
2023-12-01 09:42:22,6.310874936678509,27.57704075512855
2023-12-01 09:42:23,1.1637701170606318,25.70367712958002
2023-12-01 09:42:24,7.105668547033904,40.75998434087732
2023-12-01 09:42:25,5.009859639266415,32.52850708798745
2023-12-01 09:42:26,2.6596048578808946,38.75175982846313
2023-12-01 09:42:27,2.4831434868847397,37.2734449736069
2023-12-01 09:42:28,35.022521140701286,65.69868907169335
2023-12-01 09:42:29,37.404523028263014,74.0306413194901
2023-12-01 09:42:30,41.056851024232785,84.23910324979735
2023-12-01 09:42:31,1.5306097569670727,31.325245490651458
2023-12-01 09:42:32,4.350026925549689,28.11325129956248
2023-12-01 09:42:33,5.208606102325709,38.64416006728015
2023-12-01 09:42:34,5.895752840648978,32.69174192001312
2023-12-01 09:42:35,5.229563361577139,41.147808952101634
2023-12-01 09:42:36,7.430451887345905,42.311455003059486
2023-12-01 09:42:37,4.01492972859377,33.32913233141388
2023-12-01 09:42:38,6.083320935019671,37.11682909348089
2023-12-01 09:42:39,2.6812387245842704,39.09944385273242
2023-12-01 09:42:40,3.2670762993492226,39.52479470734763
2023-12-01 09:42:41,3.0204910036938495,34.250742052278405
2023-12-01 09:42:42,5.260727007225558,27.48657514263726
2023-12-01 09:42:43,5.047998897852315,35.336650429298714
2023-12-01 09:42:44,8.871934544301068,40.07859548208987
2023-12-01 09:42:45,6.320754201906764,40.39305414394542
2023-12-01 09:42:46,3.3062033891550398,32.960795590092076
2023-12-01 09:42:47,0.7791209533231163,30.893841889623744
2023-12-01 09:42:48,6.526310334665793,45.22396350724776
2023-12-01 09:42:49,9.164035183323278,29.427767639830705
2023-12-01 09:42:50,5.484372973562392,33.105509582624094
2023-12-01 09:42:51,2.314818079896627,37.09487636879894
2023-12-01 09:42:52,3.6841475440441647,42.35705523021894
2023-12-01 09:42:53,6.094850319248995,26.90877234043942
2023-12-01 09:42:54,5.754343187138603,44.70537034722846
2023-12-01 09:42:55,3.4858373654534436,40.88706426784801
2023-12-01 09:42:56,4.823872893049566,26.931348035549114
2023-12-01 09:42:57,6.088100840081646,46.1184888001099
2023-12-01 09:42:58,54.15821066691689,71.090311764636
2023-12-01 09:42:59,2.4590763739330277,33.83483548429714
2023-12-01 09:43:00,3.8738499085802776,33.95052134747975
2023-12-01 09:43:01,5.44121636090394,34.533848694559005
2023-12-01 09:43:02,5.603747078039013,34.38811783727193
2023-12-01 09:43:03,6.557086895049564,42.85912219638034
2023-12-01 09:43:04,2.9182977986570573,30.20511482922334
2023-12-01 09:43:05,5.856993200189963,31.954030586658618
2023-12-01 09:43:06,3.698648840965237,30.364423396854704
2023-12-01 09:43:07,5.892846397729294,34.60097303084253
2023-12-01 09:43:08,5.581882895249864,31.63413943130053
2023-12-01 09:43:09,4.490800803548563,30.10035520672332
2023-12-01 09:43:10,5.057064667023356,33.075202846553694
2023-12-01 09:43:11,6.254374739145432,37.0627459301409
2023-12-01 09:43:12,6.948258533694524,45.57644196978292
2023-12-01 09:43:13,1.3810385804203564,36.916964844516535
2023-12-01 09:43:14,2.1359763812264845,27.804111028477635
2023-12-01 09:43:15,2.3939169643328646,38.243820912167806
2023-12-01 09:43:16,6.357093482682767,32.46040083396349
2023-12-01 09:43:17,6.08111203901406,33.247694995895564
2023-12-01 09:43:18,6.16694542378327,30.469139419633436
2023-12-01 09:43:19,8.421080786781719,36.50776796433775
2023-12-01 09:43:20,4.93139667487683,35.932618978089955
2023-12-01 09:43:21,5.388811952430075,29.6016066869108
2023-12-01 09:43:22,7.515316512729866,41.4377171545601
2023-12-01 09:43:23,4.000858305228954,31.03081502468884
2023-12-01 09:43:24,4.118228495631501,41.52565690302699
2023-12-01 09:43:25,2.4590708101721765,31.792618324158617
2023-12-01 09:43:26,3.1758400336096466,39.10255227314266
2023-12-01 09:43:27,8.633443770177323,32.030118742342445
2023-12-01 09:43:28,5.799200561981525,30.69365810718032
2023-12-01 09:43:29,3.152406484107507,35.67684821415196
2023-12-01 09:43:30,4.3089699685352265,31.84187821722567
2023-12-01 09:43:31,6.153418829596911,37.52396849080784
2023-12-01 09:43:32,8.660170769678196,29.427217485497493
2023-12-01 09:43:33,7.380858679480391,28.965656857784662
2023-12-01 09:43:34,6.511432237445968,32.25294558012513
2023-12-01 09:43:35,0.20415613671614352,37.298360804104604
2023-12-01 09:43:36,4.631233906528897,35.176606998418166
2023-12-01 09:43:37,2.900176028075001,31.624248409044267
2023-12-01 09:43:38,6.911437166897127,39.16433074237954
2023-12-01 09:43:39,10.006400815788927,31.23691601716295
2023-12-01 09:43:40,2.7630149013392855,40.20975395203222
2023-12-01 09:43:41,4.040622138823435,26.395263888018203
2023-12-01 09:43:42,6.63028576243633,31.05278422747346
2023-12-01 09:43:43,5.872032027564226,41.76747203703307
2023-12-01 09:43:44,3.494526925109886,40.58675760185904
2023-12-01 09:43:45,5.563084475639743,26.13617797426511
2023-12-01 09:43:46,5.129836724175141,29.615205404376272
2023-12-01 09:43:47,4.7677811914848895,28.831089968817867
2023-12-01 09:43:48,5.037966269278301,40.35892557268299
2023-12-01 09:43:49,4.936042239390911,33.15419478437123
2023-12-01 09:43:50,9.556774970457923,31.14090075041265
2023-12-01 09:43:51,3.093877106920197,28.19132325954887
2023-12-01 09:43:52,-0.255130364009184,32.89247609755066
2023-12-01 09:43:53,4.516985187276867,36.82478623347845
2023-12-01 09:43:54,2.728897166112501,26.167914857297458
2023-12-01 09:43:55,2.3792384685017822,34.025120589402256
2023-12-01 09:43:56,4.748693537587154,29.80904883550027
2023-12-01 09:43:57,6.52947567122016,30.970286257346253
2023-12-01 09:43:58,7.415946053414253,27.731368213722337
2023-12-01 09:43:59,1.926709483556814,33.69452794319236
2023-12-01 09:44:00,6.490253844946563,41.39868542319583
2023-12-01 09:44:01,2.49211770962704,33.59564472793786
2023-12-01 09:44:02,4.169873375124327,32.1549596310881
2023-12-01 09:44:03,5.899816963771121,31.20622523807048
2023-12-01 09:44:04,5.404342656340613,36.83505399370989
2023-12-01 09:44:05,6.18181643604159,37.675578388523064
2023-12-01 09:44:06,1.3939241993006046,32.64368655767623
2023-12-01 09:44:07,5.038451458057858,39.859293739312015
2023-12-01 09:44:08,6.080751338505335,24.71204929286739
2023-12-01 09:44:09,7.87697077706009,37.87980721199419
2023-12-01 09:44:10,6.433276139456691,31.25443850187088
2023-12-01 09:44:11,3.3221849018262777,34.63873012203477
2023-12-01 09:44:12,5.945455251108255,31.784831864802445
2023-12-01 09:44:13,7.628225726301209,32.59666642913491
2023-12-01 09:44:14,2.404870296958986,34.528227129700845
2023-12-01 09:44:15,5.691009228940498,39.46834004448821
2023-12-01 09:44:16,2.5765568819317926,34.6823962074334
2023-12-01 09:44:17,6.042129125358589,33.746414866800606
2023-12-01 09:44:18,4.605649279382272,32.37066753255947
2023-12-01 09:44:19,0.5120381382062371,45.62332859641969
2023-12-01 09:44:20,7.965857322798776,37.674329600946805
2023-12-01 09:44:21,3.1886586548209555,39.120436162451675
2023-12-01 09:44:22,3.61309251056716,36.59380583486218
2023-12-01 09:44:23,5.160382466761443,36.95455253614612
2023-12-01 09:44:24,6.064482984756322,30.78679614990174
2023-12-01 09:44:25,6.154721135936436,36.13060127837113
2023-12-01 09:44:26,2.8824364343596938,32.218629685614765
2023-12-01 09:44:27,1.4376651411223818,25.326923020429042
2023-12-01 09:44:28,4.520532148106435,40.29712197767507
2023-12-01 09:44:29,6.809196188121215,40.68414362735239
2023-12-01 09:44:30,7.681473824188014,41.26337031951665
2023-12-01 09:44:31,4.007337914614551,36.44976306203598
2023-12-01 09:44:32,45.521562835252325,72.28791181138754
2023-12-01 09:44:33,45.399986484045456,73.05792891943943
2023-12-01 09:44:34,6.366746746651437,41.26047506631262
2023-12-01 09:44:35,6.893354032773527,30.718164408124313
2023-12-01 09:44:36,4.904831289047685,37.0928136736523
2023-12-01 09:44:37,4.218482790105789,36.69963460051302
2023-12-01 09:44:38,4.661787362186896,38.632247926798776
2023-12-01 09:44:39,4.0750937121116975,38.933517507945346
2023-12-01 09:44:40,5.943786385759873,33.02066856892919
2023-12-01 09:44:41,7.89754841354805,42.61290670182811
2023-12-01 09:44:42,5.521006261165621,31.952552096772926
2023-12-01 09:44:43,1.59103002891058,35.13199767932456
2023-12-01 09:44:44,8.105977987482529,44.959205419894445
2023-12-01 09:44:45,1.676191290003366,36.266716810873355
2023-12-01 09:44:46,5.918163537704736,32.70197753105819
2023-12-01 09:44:47,4.9292636443368405,35.42304923606267
2023-12-01 09:44:48,5.249467664034615,34.18784908804884
2023-12-01 09:44:49,5.339492107611151,43.5861442359877
2023-12-01 09:44:50,3.7618542062018907,37.75061709152948
2023-12-01 09:44:51,4.797052304871336,33.554799537897765
2023-12-01 09:44:52,4.713752292613543,35.01095446155681
2023-12-01 09:44:53,6.385337315324911,24.217939178776376
2023-12-01 09:44:54,5.867876806937304,42.533043603926046
2023-12-01 09:44:55,3.6740430878929056,34.069644416791725
2023-12-01 09:44:56,4.55520856601757,41.766471471459454
2023-12-01 09:44:57,5.696804547904617,33.9656290751948
2023-12-01 09:44:58,5.6679307441534785,43.53309009030623
2023-12-01 09:44:59,8.222854299718806,28.0013628672109
2023-12-01 09:45:00,4.528495322925541,39.26821078087992
2023-12-01 09:45:01,2.4980788243771137,45.87418207196001
2023-12-01 09:45:02,7.557404421161525,32.663099676681554
2023-12-01 09:45:03,8.000134961483985,38.7549145275972
2023-12-01 09:45:04,3.6392390554132543,34.15625012476184
2023-12-01 09:45:05,1.517395741770739,35.025013925264744
2023-12-01 09:45:06,4.432270834337727,33.84275930540584
2023-12-01 09:45:07,49.2317507907743,69.87846647876094
2023-12-01 09:45:08,47.623305784349604,75.68088640976619
2023-12-01 09:45:09,55.65413086617663,66.67023345089359
2023-12-01 09:45:10,1.1119198528527279,39.22075180202301
2023-12-01 09:45:11,3.5690181419348432,43.89939056489038
2023-12-01 09:45:12,6.0284352979377,42.60987116312986
2023-12-01 09:45:13,4.584353224600091,29.3776063603392
2023-12-01 09:45:14,6.105028626385284,34.47012004522374
2023-12-01 09:45:15,3.601830515441075,38.972389904928036
2023-12-01 09:45:16,7.180809128755992,38.80854185469195
2023-12-01 09:45:17,10.041816018417993,36.271227765459194
2023-12-01 09:45:18,7.748113343593225,32.126608172532464
2023-12-01 09:45:19,8.100096869194303,38.81837207802019
2023-12-01 09:45:20,7.7823831836942015,33.27447399525349
2023-12-01 09:45:21,5.2385606056126415,32.54563824650844
2023-12-01 09:45:22,1.7611873640483147,27.25368659332869
2023-12-01 09:45:23,5.42259453892575,34.425821156431326
2023-12-01 09:45:24,6.281127142271398,35.87576939740765
2023-12-01 09:45:25,2.7233815770299743,30.29277125855439
2023-12-01 09:45:26,1.1456562765297873,34.2119723142223
2023-12-01 09:45:27,5.093384737569426,33.238876289968864
2023-12-01 09:45:28,9.372995967320112,40.52429551584103
2023-12-01 09:45:29,3.679540140541822,33.361297844968504
2023-12-01 09:45:30,4.572644616028568,36.62898224377665
2023-12-01 09:45:31,1.844904466224735,31.449516676299854
2023-12-01 09:45:32,4.10449614521901,28.80527247922225
2023-12-01 09:45:33,1.53390153137236,34.674357212012225
2023-12-01 09:45:34,8.446857416974382,39.35932717568219
2023-12-01 09:45:35,2.138791053442478,44.7303677941669
2023-12-01 09:45:36,6.182794497092006,35.414467955173876
2023-12-01 09:45:37,4.096658102288545,33.15520997910131
2023-12-01 09:45:38,4.66654662960298,36.59487490492364
2023-12-01 09:45:39,4.55214140641244,35.038959887868664
2023-12-01 09:45:40,6.850685029605352,30.24380607990487
2023-12-01 09:45:41,2.8690335609205557,42.98082549458078
2023-12-01 09:45:42,4.985037355410451,36.44130936843333
2023-12-01 09:45:43,4.5328739024224,38.002760561327044
2023-12-01 09:45:44,6.783936470048285,32.206680610262815
2023-12-01 09:45:45,5.7980310582141845,32.96582613855922
2023-12-01 09:45:46,4.845928336804062,39.93330265064577
2023-12-01 09:45:47,2.752890819772542,31.25963363129788
2023-12-01 09:45:48,7.460916555919687,28.67903472211858
2023-12-01 09:45:49,7.122964156576367,36.79656051381102
2023-12-01 09:45:50,4.090601231238669,38.57824758923757
2023-12-01 09:45:51,1.4133281550477155,37.92589880209481
2023-12-01 09:45:52,7.622179827363785,39.209000241252724
2023-12-01 09:45:53,2.7828667642136007,38.213215592895246
2023-12-01 09:45:54,7.319793689473025,37.26345683083299
2023-12-01 09:45:55,7.2337082954321055,38.87450264305557
2023-12-01 09:45:56,5.634162658017396,38.180436670914425
2023-12-01 09:45:57,8.512980257765356,30.95932268143405
2023-12-01 09:45:58,6.374561515888342,40.911732647891604
2023-12-01 09:45:59,47.7827552423106,63.75358057519546
2023-12-01 09:46:00,2.433379468711975,31.637609908767587
2023-12-01 09:46:01,0.7135840375697358,40.53567838854372
2023-12-01 09:46:02,4.938650805705987,35.123502256824146
2023-12-01 09:46:03,6.664391418791942,36.245044421006384
2023-12-01 09:46:04,6.065963946009115,31.771797057693295
2023-12-01 09:46:05,5.594511885424271,29.532231459241014
2023-12-01 09:46:06,5.9374267436962604,40.36798334437043
2023-12-01 09:46:07,5.097211124566338,29.124472491328287
2023-12-01 09:46:08,,
2023-12-01 09:46:09,,
2023-12-01 09:46:10,,
2023-12-01 09:46:11,,
2023-12-01 09:46:12,,
2023-12-01 09:46:13,,
2023-12-01 09:46:14,,
2023-12-01 09:46:15,,
2023-12-01 09:46:16,4.58214435555062,41.94292212545618
2023-12-01 09:46:17,6.430573623827804,29.856786960000612
2023-12-01 09:46:18,4.364445890749596,27.137157563351995
2023-12-01 09:46:19,42.13115135222178,65.54223993785438
2023-12-01 09:46:20,51.393498196768775,66.89123164027896
2023-12-01 09:46:21,47.28390585141794,66.57986606881619
2023-12-01 09:46:22,49.518788239131055,60.66874509478307
2023-12-01 09:46:23,41.16456056707664,65.36869028738579
2023-12-01 09:46:24,42.76293066400769,63.338509678340955
2023-12-01 09:46:25,46.88851511130173,77.86699350987666
2023-12-01 09:46:26,45.7168437808478,61.40629890315625
2023-12-01 09:46:27,53.278514065016594,63.639050854099544
2023-12-01 09:46:28,44.482714996648355,60.48394386831709
2023-12-01 09:46:29,42.53829925077326,57.50858393677202
2023-12-01 09:46:30,42.823124460642376,62.11250259284927
2023-12-01 09:46:31,46.186053605336056,68.8944958987896
2023-12-01 09:46:32,47.12080598113882,77.90557066272922
2023-12-01 09:46:33,50.96883636759382,62.82007206014503
2023-12-01 09:46:34,48.49441421907915,66.47428038597366
2023-12-01 09:46:35,5.700632350942843,41.263578692755665
2023-12-01 09:46:36,3.1513560828616822,36.55829618047381
2023-12-01 09:46:37,3.883542734764006,28.274785965903625
2023-12-01 09:46:38,7.203517513126272,33.62806220349733
2023-12-01 09:46:39,-0.02333442497773497,34.45723341353195
2023-12-01 09:46:40,50.05444908282631,70.5811983886563
2023-12-01 09:46:41,40.43823210065333,72.97589513063517
2023-12-01 09:46:42,46.162337580929204,71.70772376198455
2023-12-01 09:46:43,3.7000009124307045,39.94004695902094
2023-12-01 09:46:44,3.599884060058848,38.172845755642534
2023-12-01 09:46:45,5.3494907149578745,34.95191344139362
2023-12-01 09:46:46,4.74615621132914,26.593237918361645
2023-12-01 09:46:47,4.4966654549787854,25.09802852572456
2023-12-01 09:46:48,4.379387385310452,38.611772080910114
2023-12-01 09:46:49,4.094874093896728,36.135302406910256
2023-12-01 09:46:50,4.43984646092999,34.74457065416635
2023-12-01 09:46:51,3.245249162022303,29.74830217101409
2023-12-01 09:46:52,3.402240894601529,31.397024729238176
2023-12-01 09:46:53,3.637067560887889,34.168976857306646
2023-12-01 09:46:54,2.6657713734315545,44.32373782850895
2023-12-01 09:46:55,3.177580916525123,35.34517472628322
2023-12-01 09:46:56,2.8810328520512205,35.38404497173854
2023-12-01 09:46:57,6.123559837246,32.57081114082686
2023-12-01 09:46:58,7.020876608121009,40.789765910549605
2023-12-01 09:46:59,4.224424386631363,40.904578470734165
2023-12-01 09:47:00,3.535292404474105,41.82073583248174
2023-12-01 09:47:01,5.178917279967053,39.18683798949645
2023-12-01 09:47:02,6.232221029165924,42.16730803705024
2023-12-01 09:47:03,6.03361124743488,25.17023396073563
2023-12-01 09:47:04,7.444731428498708,40.72037026633302
2023-12-01 09:47:05,5.654569622207507,38.43093371583302
2023-12-01 09:47:06,7.4894032949846014,27.149274432460743
2023-12-01 09:47:07,5.81000645861451,41.36866722685445
2023-12-01 09:47:08,5.394004108593363,27.900198259632703
2023-12-01 09:47:09,6.57960778558908,29.205928401435422
2023-12-01 09:47:10,4.00210474580663,27.013435108784616
2023-12-01 09:47:11,4.474296038087709,26.943500214050758
2023-12-01 09:47:12,39.40150216899852,73.83928927456779
2023-12-01 09:47:13,43.75718996925897,69.74603295112199
2023-12-01 09:47:14,3.7846441717297443,35.07963896444156
2023-12-01 09:47:15,6.857135997406539,40.58674920811534
2023-12-01 09:47:16,4.111527228388729,33.342101931700455
2023-12-01 09:47:17,6.507153815717396,33.57034464384612
2023-12-01 09:47:18,3.624356209438944,22.226915209441756
2023-12-01 09:47:19,5.818729752123461,34.303529234516105
2023-12-01 09:47:20,6.832661329496201,36.77699018618249
2023-12-01 09:47:21,4.601654878057767,32.15981933082852
2023-12-01 09:47:22,6.282545864475023,43.51275144117146
2023-12-01 09:47:23,6.856350922835645,39.409968340401505
2023-12-01 09:47:24,4.806120817390621,44.825188261711965
2023-12-01 09:47:25,5.667154815351997,35.72701408106367
2023-12-01 09:47:26,7.183999785520184,31.348251703888625
2023-12-01 09:47:27,3.36109499879941,32.11170882106937
2023-12-01 09:47:28,5.202790768333865,34.18118683562942
2023-12-01 09:47:29,5.4314764508657545,35.15004074246475
2023-12-01 09:47:30,5.96692558239736,36.475447017492755
2023-12-01 09:47:31,4.389696578988517,30.448989964644745
2023-12-01 09:47:32,8.498223046085782,40.243094656713374
2023-12-01 09:47:33,1.909814874011782,30.04212360614213
2023-12-01 09:47:34,5.488259834533896,33.65595618895172
2023-12-01 09:47:35,8.18380847658971,38.35499576744206
2023-12-01 09:47:36,7.166137432936332,35.420578556238304
2023-12-01 09:47:37,0.41682991018315363,35.81261836290954
2023-12-01 09:47:38,4.973319712342072,40.14978406299236
2023-12-01 09:47:39,7.65854566672901,31.95101790631705
2023-12-01 09:47:40,3.511064706053655,40.03506189450116
2023-12-01 09:47:41,8.62770962086705,38.31216538302589
2023-12-01 09:47:42,2.9463210854187367,44.55311080709427
2023-12-01 09:47:43,3.6675291537583696,41.23052388863166
2023-12-01 09:47:44,5.898280041691405,37.24019492278281
2023-12-01 09:47:45,7.800627732037382,41.50447388109168
2023-12-01 09:47:46,4.888778641458089,20.877838178916505
2023-12-01 09:47:47,6.601108906067889,37.407223427415495
2023-12-01 09:47:48,9.604575281534927,45.88607089442603
2023-12-01 09:47:49,6.458921540722818,35.568753500802785
2023-12-01 09:47:50,3.7125075290965768,42.333278928523356
2023-12-01 09:47:51,-0.38353895154353523,31.75536632167791
2023-12-01 09:47:52,5.064615323807779,37.07169256093941
2023-12-01 09:47:53,5.390253496784382,28.98268500472202
2023-12-01 09:47:54,3.4655611287804478,38.41790516503779
2023-12-01 09:47:55,7.07036851435851,44.37617549937012
2023-12-01 09:47:56,3.395557308084057,35.56004515768377
2023-12-01 09:47:57,5.085599816182649,40.317238342225856
2023-12-01 09:47:58,-0.1736990867299415,34.44066610065697
2023-12-01 09:47:59,4.961943750153835,33.24518627312741
2023-12-01 09:48:00,10.572810571170908,36.62610859600953
2023-12-01 09:48:01,4.786926631649835,37.95225605140144
2023-12-01 09:48:02,5.99883957429051,47.37205214602686
2023-12-01 09:48:03,1.0372912437942365,37.19323577553777
2023-12-01 09:48:04,3.3788504286321834,37.197295523651114
2023-12-01 09:48:05,5.385882282077871,28.32255448898653
2023-12-01 09:48:06,6.455792052451672,32.58762614998981
2023-12-01 09:48:07,7.796541902484126,31.17166484419498
2023-12-01 09:48:08,2.4037738392272656,27.6407684785464
2023-12-01 09:48:09,2.4507547068992808,30.302450847028993
2023-12-01 09:48:10,-0.27561966584084274,37.97735701811105
2023-12-01 09:48:11,4.2837824298959655,42.68929623840861
2023-12-01 09:48:12,7.947483373255983,33.39334308984379
2023-12-01 09:48:13,3.226353340880779,36.08692720866211
2023-12-01 09:48:14,5.578973345019186,28.265658302791156
2023-12-01 09:48:15,1.7252326863393748,33.627785230698336
2023-12-01 09:48:16,4.326061493466316,46.85618077725193
2023-12-01 09:48:17,7.8149523126759135,35.57144940745393
2023-12-01 09:48:18,6.424029737291189,36.80600432700655
2023-12-01 09:48:19,3.582651181545037,39.6374336436043
2023-12-01 09:48:20,3.5174930564933264,38.10467021050358
2023-12-01 09:48:21,5.123404817050522,37.16042305226912
2023-12-01 09:48:22,4.580555574633569,28.124887527247274
2023-12-01 09:48:23,5.430234729379814,43.1995495746106
2023-12-01 09:48:24,3.6532669205659607,38.05243895627818
2023-12-01 09:48:25,4.617339341996245,38.05194704453622
2023-12-01 09:48:26,8.827229630628185,33.46924661155128
2023-12-01 09:48:27,8.710895087757406,32.661482725643715
2023-12-01 09:48:28,3.5152957278874695,36.206800949191546
2023-12-01 09:48:29,4.891420966363527,36.75401708650686
2023-12-01 09:48:30,4.590336445441152,30.052634934324814
2023-12-01 09:48:31,1.9949017370096107,34.49911428035325
2023-12-01 09:48:32,2.986486103682916,28.618697039986714
2023-12-01 09:48:33,2.053562986988693,41.85159157299352
2023-12-01 09:48:34,7.43178560337276,39.09683174782511
2023-12-01 09:48:35,3.224587076230509,38.807004995381114
2023-12-01 09:48:36,0.9007965068744603,35.18020052140326
2023-12-01 09:48:37,5.268599526597526,34.238364293496595
2023-12-01 09:48:38,8.009412770389035,29.561569937764318
2023-12-01 09:48:39,3.7016197040918106,25.568622889015078
2023-12-01 09:48:40,6.492625805326563,35.39752655982547
2023-12-01 09:48:41,8.226976059212884,33.02529383116908
2023-12-01 09:48:42,4.784877593184334,33.054850724924684
2023-12-01 09:48:43,,
2023-12-01 09:48:44,,
2023-12-01 09:48:45,,
2023-12-01 09:48:46,,
2023-12-01 09:48:47,,
2023-12-01 09:48:48,5.219058318742571,30.970747604030258
2023-12-01 09:48:49,7.523728333969212,33.53702764468862
2023-12-01 09:48:50,4.844478425084184,37.166119683573875
2023-12-01 09:48:51,5.9247775712017425,38.40545174333546
2023-12-01 09:48:52,6.631461329487554,33.06352505839908
2023-12-01 09:48:53,6.480729928650454,41.216822561383374
2023-12-01 09:48:54,5.162606006366527,34.28990121168828
2023-12-01 09:48:55,4.763587301046985,40.179443848497826
2023-12-01 09:48:56,4.928356284374342,38.40151401834426
2023-12-01 09:48:57,6.467764742331619,36.920345213826614
2023-12-01 09:48:58,4.103925950223404,28.66936323214828
2023-12-01 09:48:59,5.705234736857985,29.139300925747513
2023-12-01 09:49:00,3.5480793377758424,36.43220325578769
2023-12-01 09:49:01,,
2023-12-01 09:49:02,,
2023-12-01 09:49:03,,
2023-12-01 09:49:04,,
2023-12-01 09:49:05,,
2023-12-01 09:49:06,,
2023-12-01 09:49:07,,
2023-12-01 09:49:08,,
2023-12-01 09:49:09,,
2023-12-01 09:49:10,,
2023-12-01 09:49:11,5.032396444770315,37.42811554410875
2023-12-01 09:49:12,6.107692844147601,37.8487331306706
2023-12-01 09:49:13,5.342191613955423,30.224275825683282
2023-12-01 09:49:14,4.942534170539959,41.34767754166985
2023-12-01 09:49:15,3.9941155160377058,33.631235630669174
2023-12-01 09:49:16,1.8898425380394759,37.720521099157324
2023-12-01 09:49:17,6.773716768297273,25.481836429253114
2023-12-01 09:49:18,5.797844033873723,43.0265969033603
2023-12-01 09:49:19,5.661888231491686,31.34906436354767
2023-12-01 09:49:20,8.023846296070172,39.43620044856753
2023-12-01 09:49:21,8.040320432180799,37.6327153228445
2023-12-01 09:49:22,5.853350972793743,34.23347971976258
2023-12-01 09:49:23,3.92478280981173,38.848747168384605
2023-12-01 09:49:24,8.070903437438012,32.50508771199771
2023-12-01 09:49:25,5.957741214016288,38.6113291343095
2023-12-01 09:49:26,6.09422377380886,32.53787656164032
2023-12-01 09:49:27,6.035393183867913,31.045487589197013
2023-12-01 09:49:28,2.5645641898827054,32.624608496171824
2023-12-01 09:49:29,5.948275705487054,34.949987258177984
2023-12-01 09:49:30,0.8708575885641121,28.633501294852298
2023-12-01 09:49:31,2.875722907700191,38.945283398642125
2023-12-01 09:49:32,6.129019935998458,40.923658880372805
2023-12-01 09:49:33,11.149557318347991,32.07533938004182
2023-12-01 09:49:34,4.541183793637612,45.84453338987768
2023-12-01 09:49:35,7.21679099948688,29.50268412586092
2023-12-01 09:49:36,3.060487097431845,39.38379652685283
2023-12-01 09:49:37,3.980876677378207,42.29054336712343
2023-12-01 09:49:38,6.807447594681426,32.3980200436592
2023-12-01 09:49:39,3.327744008870104,42.63097757483468
2023-12-01 09:49:40,8.492495228671299,39.093926593299884
2023-12-01 09:49:41,5.273539328554583,37.75536000546238
2023-12-01 09:49:42,4.014325554410713,34.12763129375179
2023-12-01 09:49:43,5.963871869739808,31.943637804268498
2023-12-01 09:49:44,7.987359214627046,38.07452713730961
2023-12-01 09:49:45,5.317385876018742,31.558600118906035
2023-12-01 09:49:46,7.546262546776971,33.937051507521645
2023-12-01 09:49:47,5.754233850555218,36.112369693119525
2023-12-01 09:49:48,5.0294161083861875,33.558342095065825
2023-12-01 09:49:49,3.186452693782651,27.921669352086255
2023-12-01 09:49:50,5.090055127083029,37.087999309962285
2023-12-01 09:49:51,4.086507548090144,40.73169227967176
2023-12-01 09:49:52,4.821176430360808,41.59865988049022
2023-12-01 09:49:53,5.428333495548969,33.615283112999485
2023-12-01 09:49:54,7.150052599211989,39.71350816826123
2023-12-01 09:49:55,7.0747152274703815,35.618699699433904
2023-12-01 09:49:56,5.7765265441412526,39.699848193513326
2023-12-01 09:49:57,4.75919712464582,34.04858399090104
2023-12-01 09:49:58,4.388004075002747,38.086175718265366
2023-12-01 09:49:59,6.099978075852164,33.44146084335576
2023-12-01 09:50:00,4.248647813504813,25.956276144639656
2023-12-01 09:50:01,3.9411352621099436,31.33255704525196
2023-12-01 09:50:02,1.9775103907502678,42.466992709807684
2023-12-01 09:50:03,3.884745674593084,22.995181857617908
2023-12-01 09:50:04,4.555513876738499,31.795951593835763
2023-12-01 09:50:05,8.646262469117236,40.223910610468344
2023-12-01 09:50:06,3.837404556386333,35.63529764299638
2023-12-01 09:50:07,5.814103911500328,34.45986674592821
2023-12-01 09:50:08,5.57362578722295,32.309039724210386
2023-12-01 09:50:09,4.355168947586703,36.94286732369129
2023-12-01 09:50:10,4.704315524506422,30.345716482106813
2023-12-01 09:50:11,5.765080179108967,40.806461605908595
2023-12-01 09:50:12,5.94898808836188,32.06632142219438
2023-12-01 09:50:13,5.781615150833953,28.333913707009522
2023-12-01 09:50:14,4.665760847785975,29.449391024819164
2023-12-01 09:50:15,2.692076447045589,41.740564013384386
2023-12-01 09:50:16,1.6877917496110744,40.83506808011848
2023-12-01 09:50:17,4.87846282921692,35.1808529558494
2023-12-01 09:50:18,0.7433803803401515,36.01807775042155
2023-12-01 09:50:19,3.3972786029253523,37.8403647454343
2023-12-01 09:50:20,4.1606026424239095,38.15161764237945
2023-12-01 09:50:21,4.149363853398529,31.530276467714106
2023-12-01 09:50:22,7.7099947449172195,31.762374531194826
2023-12-01 09:50:23,4.095189533199389,31.545438719656154
2023-12-01 09:50:24,7.79888808563725,38.96956170020759
2023-12-01 09:50:25,3.792086658999054,42.68366988789698
2023-12-01 09:50:26,3.8472964243548424,33.93186140077327
2023-12-01 09:50:27,47.790744086256474,70.30703638636108
2023-12-01 09:50:28,45.667529188856044,76.93617799998704
2023-12-01 09:50:29,7.224600989084514,25.134730560572784
2023-12-01 09:50:30,6.854138126932969,30.86458709699191
2023-12-01 09:50:31,4.476013132977975,31.5743813640615
2023-12-01 09:50:32,5.346708593618241,31.68812876948648
2023-12-01 09:50:33,8.962412805431644,43.441636119941506
2023-12-01 09:50:34,6.983094630632642,39.072313805102795
2023-12-01 09:50:35,7.581860777853343,21.710817559875206
2023-12-01 09:50:36,6.578872808835833,23.1587077977546
2023-12-01 09:50:37,6.4825285585732075,38.063124707613014
2023-12-01 09:50:38,7.29143501316768,27.586660331785872
2023-12-01 09:50:39,4.257837356454423,28.001978867092962
2023-12-01 09:50:40,6.948324387949162,36.77617521496955
2023-12-01 09:50:41,5.451099118044419,39.421993923873615
2023-12-01 09:50:42,9.329536213220498,31.709064605480926
2023-12-01 09:50:43,7.953052892760802,36.583118886455864
2023-12-01 09:50:44,4.253925427861637,38.435252310243726
2023-12-01 09:50:45,6.1094011272989155,33.90054660278933
2023-12-01 09:50:46,4.2464418311115155,31.567224325157433
2023-12-01 09:50:47,3.4543463238646117,36.600476685495245
2023-12-01 09:50:48,8.029866199575604,38.91176243154712
2023-12-01 09:50:49,4.330546255076353,30.97564634573005
2023-12-01 09:50:50,2.95525604251381,23.696536050252547
2023-12-01 09:50:51,1.794006060283893,30.570359351235865
2023-12-01 09:50:52,1.834235000290041,27.53819630233106
2023-12-01 09:50:53,2.6721009032852754,25.28483226792023
2023-12-01 09:50:54,7.402354035005796,37.27807200464592
2023-12-01 09:50:55,5.717899016451029,44.25643254417012
2023-12-01 09:50:56,6.319642763316789,40.4375755190131
2023-12-01 09:50:57,5.880260457795428,29.480727362260502
2023-12-01 09:50:58,5.308015334660531,38.637978497041225
2023-12-01 09:50:59,4.723033090955204,36.908543880640174
2023-12-01 09:51:00,6.27978338353042,38.22200310807269
2023-12-01 09:51:01,2.114094679787679,34.30506978113329
2023-12-01 09:51:02,4.850778668601498,38.7404928262046
2023-12-01 09:51:03,7.10299996485184,36.384444440566234
2023-12-01 09:51:04,9.501798297020935,39.978981111360774
2023-12-01 09:51:05,6.594500022906217,26.779015834463173
2023-12-01 09:51:06,7.553413656080317,45.566554676699766
2023-12-01 09:51:07,6.8445558126553525,26.665893474019896
2023-12-01 09:51:08,4.372031654552176,45.04769356000535
2023-12-01 09:51:09,7.386627721576003,36.291344768336955
2023-12-01 09:51:10,4.323952111659577,34.55698582240723
2023-12-01 09:51:11,4.4679240049963775,29.78033141455132
2023-12-01 09:51:12,3.7489661110196097,42.66519811325994
2023-12-01 09:51:13,5.641879120106319,32.75364729506563
2023-12-01 09:51:14,5.198411294864016,42.24778917997193
2023-12-01 09:51:15,2.956695621282087,31.1715317816765
2023-12-01 09:51:16,3.83355051164889,38.0888966532538
2023-12-01 09:51:17,3.410961842292344,37.889278475844264
2023-12-01 09:51:18,6.546463640818909,29.92552779363927
2023-12-01 09:51:19,3.408544228067233,32.540755604079095
2023-12-01 09:51:20,5.2165274216010316,36.899781008633035
2023-12-01 09:51:21,5.800711774342776,32.61568216231057
2023-12-01 09:51:22,4.202339924126106,34.89143251229488
2023-12-01 09:51:23,3.443249190156346,34.08458444117676
2023-12-01 09:51:24,4.924126150015909,46.682101459095286
2023-12-01 09:51:25,4.643443110089839,35.593458128190655
2023-12-01 09:51:26,5.100374496209568,36.355674277089555
2023-12-01 09:51:27,1.6568475446266024,22.763544523026482
2023-12-01 09:51:28,5.278568500408585,33.37936024372523
2023-12-01 09:51:29,5.5012575871535105,36.94792186834562
2023-12-01 09:51:30,3.5150333896142314,36.719278082248174
2023-12-01 09:51:31,6.380769329172107,34.56322940654165
2023-12-01 09:51:32,7.517739565888266,33.1984023285323
2023-12-01 09:51:33,3.4161671426627125,38.246647942948776
2023-12-01 09:51:34,4.1086215639337595,36.639197491120335
2023-12-01 09:51:35,7.569056849392242,22.35294190611384
2023-12-01 09:51:36,42.18413675720562,80.12201552401419
2023-12-01 09:51:37,5.900449575831399,34.02221278353876
2023-12-01 09:51:38,6.033475328044706,33.808475737151426
2023-12-01 09:51:39,7.436863966627342,41.10110292220621
2023-12-01 09:51:40,3.482819213196434,32.504522301359714
2023-12-01 09:51:41,3.945327680565102,31.144081732818176
2023-12-01 09:51:42,4.173694656336819,42.0799737468419
2023-12-01 09:51:43,2.0331518519519935,42.03369142587739
2023-12-01 09:51:44,4.465790280046409,41.62054840840583
2023-12-01 09:51:45,1.3172787695940822,34.48607713170998
2023-12-01 09:51:46,3.698317427730017,34.23645618057009
2023-12-01 09:51:47,4.581508043492511,32.90531605978432
2023-12-01 09:51:48,7.030226051789388,39.19594534074851
2023-12-01 09:51:49,3.6276660053277867,33.02586447088409
2023-12-01 09:51:50,4.29666406898492,31.212052967988217
2023-12-01 09:51:51,2.8011838085999767,44.29300598152517
2023-12-01 09:51:52,6.640085018511548,32.53255446652866
2023-12-01 09:51:53,2.615993984108882,31.943922548758668
2023-12-01 09:51:54,3.783844397175862,41.661029398210786
2023-12-01 09:51:55,5.048780338916929,36.26113853773973
2023-12-01 09:51:56,2.2762742799106124,35.18299363245888
2023-12-01 09:51:57,6.324511786003148,37.984454348093294
2023-12-01 09:51:58,4.59403413277013,27.05962993706321
2023-12-01 09:51:59,6.305787608188,25.639659340286578
2023-12-01 09:52:00,5.844270261171964,25.134236789854313
2023-12-01 09:52:01,7.060590316062881,35.31470694922038
2023-12-01 09:52:02,4.07445370116915,32.926949061034456
2023-12-01 09:52:03,4.615110789284742,39.77098459985143
2023-12-01 09:52:04,5.7722938192747995,43.08878212172087
2023-12-01 09:52:05,6.435790649866853,33.20774493780766
2023-12-01 09:52:06,6.07305767955835,48.60367192025484
2023-12-01 09:52:07,4.0956047100201545,39.9374708288723
2023-12-01 09:52:08,5.289003488951635,27.61912967209887
2023-12-01 09:52:09,4.752133217690035,35.41416536021514
2023-12-01 09:52:10,8.149407152934122,38.17422186181856
2023-12-01 09:52:11,5.287888015338729,44.22004993065769
2023-12-01 09:52:12,5.833121555195154,35.645050777946295
2023-12-01 09:52:13,3.9308862026603384,35.97613825333214
2023-12-01 09:52:14,4.28584992132701,33.878168260227156
2023-12-01 09:52:15,5.050254231649403,36.738120355376466
2023-12-01 09:52:16,5.966173141636182,44.31089766746649
2023-12-01 09:52:17,5.544901031928509,37.74326174160737
2023-12-01 09:52:18,6.447805652618108,23.421444254196757
2023-12-01 09:52:19,5.3906898445210665,28.96937830654049
2023-12-01 09:52:20,5.339140831969131,32.09664329501587
2023-12-01 09:52:21,7.931907826147229,27.577513824292385
2023-12-01 09:52:22,46.940699722218376,67.71109377247264
2023-12-01 09:52:23,47.90510164794474,70.81272206298445
2023-12-01 09:52:24,33.217887255902916,66.0914961545323
2023-12-01 09:52:25,7.3237750465901295,33.780385166420395
2023-12-01 09:52:26,8.223009793478449,41.60629931152036
2023-12-01 09:52:27,4.687107314030857,38.15653494682158
2023-12-01 09:52:28,6.455817146968233,32.251710672062046
2023-12-01 09:52:29,4.662814481209861,35.64401342479534
2023-12-01 09:52:30,40.98904583170833,71.03519126073878
2023-12-01 09:52:31,46.12794837387464,69.99685007503481
2023-12-01 09:52:32,48.39490775587992,67.72998335168705
2023-12-01 09:52:33,3.8623448082011462,47.67489693893735
2023-12-01 09:52:34,4.606889089848354,30.1093255854648
2023-12-01 09:52:35,5.842221835737741,27.774928178473964
2023-12-01 09:52:36,,
2023-12-01 09:52:37,,
2023-12-01 09:52:38,,
2023-12-01 09:52:39,,
2023-12-01 09:52:40,,
2023-12-01 09:52:41,1.8593086643123802,30.63657634834881
2023-12-01 09:52:42,3.300945287953397,47.20868380886618
2023-12-01 09:52:43,5.929368558758396,38.32679267463207
2023-12-01 09:52:44,5.837362731374935,37.29085818003086
2023-12-01 09:52:45,0.63369434914385,31.322724021936608
2023-12-01 09:52:46,4.906428297875837,42.38499599095482
2023-12-01 09:52:47,6.085058093476187,35.950988597858874
2023-12-01 09:52:48,41.63453697653942,61.267551289297074
2023-12-01 09:52:49,45.6154366989085,67.52492643683489
2023-12-01 09:52:50,53.07309055543324,64.90519528254653
2023-12-01 09:52:51,49.63027575197057,87.60933877175172
2023-12-01 09:52:52,46.30399727800414,69.7496076685717
2023-12-01 09:52:53,47.46639085830024,58.61884798415408
2023-12-01 09:52:54,48.019916928003575,63.45506883047313
2023-12-01 09:52:55,36.377123400530415,62.82349692161855
2023-12-01 09:52:56,46.81539959198414,67.47883416573983
2023-12-01 09:52:57,43.76967840830499,60.73946102013703
2023-12-01 09:52:58,47.54234117412565,62.735641941228806
2023-12-01 09:52:59,38.25991848689614,65.26740256749312
2023-12-01 09:53:00,38.015751450543995,67.57155613052959
2023-12-01 09:53:01,47.903850473353906,56.57344273085931
2023-12-01 09:53:02,43.10182493777986,61.42345722920373
2023-12-01 09:53:03,56.34324899413011,62.31871306448133
2023-12-01 09:53:04,41.92189780996222,64.51199424029915
2023-12-01 09:53:05,44.71196297028277,63.371867945206006
2023-12-01 09:53:06,34.89947496011094,71.59304578438528
2023-12-01 09:53:07,48.1521251559773,63.79555748095637
2023-12-01 09:53:08,48.61724629609009,75.22295707778937
2023-12-01 09:53:09,45.650234833818395,72.85927037766409
2023-12-01 09:53:10,40.68779034361612,72.51567654439026
2023-12-01 09:53:11,6.844195613638429,30.720972030150442
2023-12-01 09:53:12,5.832501791122824,36.700174025965794
2023-12-01 09:53:13,45.687839851847464,62.799047180386665
2023-12-01 09:53:14,46.204876887851334,53.91565947707703
2023-12-01 09:53:15,43.063727623737414,57.1427753944563
2023-12-01 09:53:16,,
2023-12-01 09:53:17,,
2023-12-01 09:53:18,,
2023-12-01 09:53:19,,
2023-12-01 09:53:20,,
2023-12-01 09:53:21,,
2023-12-01 09:53:22,,
2023-12-01 09:53:23,,
2023-12-01 09:53:24,,
2023-12-01 09:53:25,52.402669927348654,64.31601447886743
2023-12-01 09:53:26,42.51104975431927,60.77994153908677
2023-12-01 09:53:27,48.68780302555897,64.49493397222552
2023-12-01 09:53:28,49.39458119115647,60.699090942714506
2023-12-01 09:53:29,52.359214982885355,65.68165180760104
2023-12-01 09:53:30,8.795501854781413,34.72516785457869
2023-12-01 09:53:31,5.649760123712484,33.15156358470671
2023-12-01 09:53:32,3.4313230455737225,47.76809589051632
2023-12-01 09:53:33,4.745770771084185,41.26395454524339
2023-12-01 09:53:34,9.253395170457278,29.538913271578338
2023-12-01 09:53:35,8.464244279116562,33.464128432411954
2023-12-01 09:53:36,6.8822629575975505,36.6782293149346
2023-12-01 09:53:37,4.449165246386634,32.058187398639085
2023-12-01 09:53:38,6.492511632829756,29.101333384897735
2023-12-01 09:53:39,2.7862298004773414,41.30305278857792
2023-12-01 09:53:40,5.210597866011313,38.805832971794906
2023-12-01 09:53:41,3.4202692051646855,38.00030668144724
2023-12-01 09:53:42,6.114697303487077,33.423735932067665
2023-12-01 09:53:43,4.574521677199553,35.772869583223994
2023-12-01 09:53:44,2.27553770625966,31.227924732643817
2023-12-01 09:53:45,5.39812758400778,36.485403641955166
2023-12-01 09:53:46,7.206632049884646,37.87868112169071
2023-12-01 09:53:47,4.221929017379049,38.1266495735433
2023-12-01 09:53:48,4.975077106032421,27.52823571321481
2023-12-01 09:53:49,3.5259173441493927,33.30894923235935
2023-12-01 09:53:50,4.603495787010548,34.525766919998404
2023-12-01 09:53:51,3.453840740766455,35.802789753449424
2023-12-01 09:53:52,5.241542437485013,32.924614991377084
2023-12-01 09:53:53,6.225405131497476,41.74228083835597
2023-12-01 09:53:54,6.407924491698196,33.40422035743626
2023-12-01 09:53:55,8.792790420270643,32.70403654283655
2023-12-01 09:53:56,5.53822273139434,30.261146350759002
2023-12-01 09:53:57,0.9958973951550751,36.75681409453418
2023-12-01 09:53:58,47.439670495727384,78.39341551693542
2023-12-01 09:53:59,5.339390088760658,34.590336229215
2023-12-01 09:54:00,7.908899887089786,29.243045808413136
2023-12-01 09:54:01,4.499285437823954,39.538568563641334
2023-12-01 09:54:02,2.9372607951969827,38.454644287053114
2023-12-01 09:54:03,1.830128339639416,37.12109302124765
2023-12-01 09:54:04,5.811713922156017,28.898068494009518
2023-12-01 09:54:05,4.496135285567188,32.98866918022311
2023-12-01 09:54:06,1.996039479191455,36.38783731142304
2023-12-01 09:54:07,6.202026285643326,25.311482830775823
2023-12-01 09:54:08,6.620019881528192,35.16676679530212
2023-12-01 09:54:09,6.5221686107143055,36.46971246625236
2023-12-01 09:54:10,3.7262768070766787,38.81027558730627
2023-12-01 09:54:11,5.693098870748044,35.80890178417766
2023-12-01 09:54:12,6.067032435985142,41.218891957796814
2023-12-01 09:54:13,3.5587577936364925,28.22933864441879
2023-12-01 09:54:14,3.6221415736455147,36.06911490526626
2023-12-01 09:54:15,1.9678666578520492,35.05275315248676
2023-12-01 09:54:16,6.027573750549958,33.85122247118852
2023-12-01 09:54:17,7.1979872902185695,25.497351401449635
2023-12-01 09:54:18,4.66554207924274,28.97463406590605
2023-12-01 09:54:19,4.1682745950750935,36.600989435703376
2023-12-01 09:54:20,6.427232496401471,42.51338262045479
2023-12-01 09:54:21,3.473763669874349,34.350324123442455
2023-12-01 09:54:22,4.149817784977706,36.668620011098575
2023-12-01 09:54:23,5.184194623388067,31.972407643523233
2023-12-01 09:54:24,4.904956479505554,38.555633728049884
2023-12-01 09:54:25,6.796824966337633,46.77989965706251
2023-12-01 09:54:26,6.539440078049269,32.973404807482574
2023-12-01 09:54:27,6.435543750564369,31.46847643498982
2023-12-01 09:54:28,4.650861166773891,41.321200786800915
2023-12-01 09:54:29,6.463323252288424,36.977700361143064
2023-12-01 09:54:30,10.924557935045357,27.096119585654048
2023-12-01 09:54:31,6.073417458120279,29.4314434823067
2023-12-01 09:54:32,3.9372043217607393,33.716498223824516
2023-12-01 09:54:33,4.069380516442194,41.01407772680871
2023-12-01 09:54:34,4.628381840223104,39.08349551635604
2023-12-01 09:54:35,8.922374954594178,36.69361537304227
2023-12-01 09:54:36,1.3767759979489735,29.302137515375136
2023-12-01 09:54:37,6.672029027161676,36.08950550772806
2023-12-01 09:54:38,6.626426827643668,34.513254869821886
2023-12-01 09:54:39,6.799482358051893,32.919403082879676
2023-12-01 09:54:40,4.909611504788366,35.941834965002066
2023-12-01 09:54:41,3.1965689556536825,46.30984793392335
2023-12-01 09:54:42,3.2297136103755295,34.33837753534734
2023-12-01 09:54:43,6.716388769458967,32.564281101501514
2023-12-01 09:54:44,4.352051321198682,37.365828866959774
2023-12-01 09:54:45,6.318925780247784,38.82119063957831
2023-12-01 09:54:46,0.5985283323001456,38.041713428202584
2023-12-01 09:54:47,5.9554115248397395,31.978738718251716
2023-12-01 09:54:48,3.6874734581315685,32.56912448734132
2023-12-01 09:54:49,6.006626783249345,32.63653546932706
2023-12-01 09:54:50,2.870035640398872,33.992887703207984
2023-12-01 09:54:51,3.253139192665733,44.768493430170125
2023-12-01 09:54:52,2.8194119903892587,31.836464849369605
2023-12-01 09:54:53,0.7740163628580161,27.91029337696613
2023-12-01 09:54:54,3.927618150787348,30.639330703529495
2023-12-01 09:54:55,4.219119533875473,33.695432692074306
2023-12-01 09:54:56,4.0565366632666375,38.79465453068791
2023-12-01 09:54:57,3.097454586467394,43.817668167262745
2023-12-01 09:54:58,3.47463095275684,33.649905592906364
2023-12-01 09:54:59,9.340419657846942,32.11752364379513
2023-12-01 09:55:00,2.532407507246637,45.267914136223574
2023-12-01 09:55:01,4.665504198750096,39.49469704769777
2023-12-01 09:55:02,5.142585022634754,29.79016523772307
2023-12-01 09:55:03,4.786823397848691,24.43064420151639
2023-12-01 09:55:04,6.099278024193262,32.139122218816865
2023-12-01 09:55:05,9.687258542729626,34.79986278553916
2023-12-01 09:55:06,2.70171891789175,40.86879635979973
2023-12-01 09:55:07,4.51352633541382,32.357011727908
2023-12-01 09:55:08,2.6346394710911,40.57654167326177
2023-12-01 09:55:09,7.0768830532474,36.14530923817817
2023-12-01 09:55:10,2.1790574604831927,37.59816066134174
2023-12-01 09:55:11,5.693747697112862,37.56131464051994
2023-12-01 09:55:12,49.841841172447765,67.32777130792174
2023-12-01 09:55:13,39.47758066848711,69.87727266309088
2023-12-01 09:55:14,42.260648869474984,71.03697671597119
2023-12-01 09:55:15,5.785586981963408,30.97819875216328
2023-12-01 09:55:16,1.644234807215187,31.920850995430495
2023-12-01 09:55:17,3.932275451593353,27.12301184742873
2023-12-01 09:55:18,6.4141572714490165,44.441690493062936
2023-12-01 09:55:19,4.130182086742597,36.5809531263854
2023-12-01 09:55:20,5.433810180554017,33.92630419924783
2023-12-01 09:55:21,3.6608687360014365,28.460059482631255
2023-12-01 09:55:22,4.2478485204737115,37.26883386305796
2023-12-01 09:55:23,6.6866266357995965,36.66276594662096
2023-12-01 09:55:24,2.2911403371976564,40.94937527889487
2023-12-01 09:55:25,6.649285109639207,33.298369628772605
2023-12-01 09:55:26,4.214471119790396,26.809459076323524
2023-12-01 09:55:27,1.736333758810337,37.21512746182737
2023-12-01 09:55:28,5.516056948128369,34.31625425756001
2023-12-01 09:55:29,2.521459501993789,32.40676282584052
2023-12-01 09:55:30,7.688742427556809,43.12285285924321
2023-12-01 09:55:31,5.398280720676898,42.0882375303005
2023-12-01 09:55:32,1.3162673694804305,29.51646692465327
2023-12-01 09:55:33,1.7266544054922228,40.65110987909729
2023-12-01 09:55:34,3.9223010250175214,29.593689977103356
2023-12-01 09:55:35,4.81303018867368,31.272047092711126
2023-12-01 09:55:36,5.89067464151632,34.5864477201624
2023-12-01 09:55:37,3.9491317634647256,38.541689823861425
2023-12-01 09:55:38,8.084416804322117,36.42347675072635
2023-12-01 09:55:39,7.601628451734953,34.90749101460287
2023-12-01 09:55:40,2.0149801463898043,37.22767175421398
2023-12-01 09:55:41,5.656537341673747,30.499799181861967
2023-12-01 09:55:42,7.71495452903603,43.00372402941387
2023-12-01 09:55:43,1.1928687497222557,35.00660333411246
2023-12-01 09:55:44,4.50829900603055,36.00851608865411
2023-12-01 09:55:45,9.163360550836162,32.6893427196683
2023-12-01 09:55:46,6.532220013803893,38.01641581511296
2023-12-01 09:55:47,3.686176191184903,31.78036823866404
2023-12-01 09:55:48,3.979125234642329,36.978000959756436
2023-12-01 09:55:49,7.192151190619116,29.424531595592764
2023-12-01 09:55:50,3.112298216114998,35.762046519906015
2023-12-01 09:55:51,7.96697074352451,30.861746603492698
2023-12-01 09:55:52,4.883399937526459,32.051835369335684
2023-12-01 09:55:53,2.129797930647502,42.70919698794472
2023-12-01 09:55:54,2.669036702701098,28.822870609757885
2023-12-01 09:55:55,1.2562734289896298,40.873077826241534
2023-12-01 09:55:56,5.069584714840671,20.837762231033096
2023-12-01 09:55:57,4.324679364097056,40.320292479145614
2023-12-01 09:55:58,5.6110438390321775,35.82167265576247
2023-12-01 09:55:59,3.879814381482121,33.82892835707102
2023-12-01 09:56:00,10.049911345698934,38.338645768736136
2023-12-01 09:56:01,5.162238545445306,28.383692027035877
2023-12-01 09:56:02,5.359249824388448,41.76523815938275
2023-12-01 09:56:03,46.723829404102055,67.1786474193089
2023-12-01 09:56:04,49.26698936372256,71.79595596000199
2023-12-01 09:56:05,1.9611378648073714,44.971707900336824
2023-12-01 09:56:06,4.747830745761543,31.631719400671813
2023-12-01 09:56:07,6.85070457925311,37.391438923949025
2023-12-01 09:56:08,2.407433668650983,31.754448838377144
2023-12-01 09:56:09,2.738705636262598,31.878570626474243
2023-12-01 09:56:10,3.241207408122377,28.908910855723597
2023-12-01 09:56:11,4.640066299216779,35.95396818737409
2023-12-01 09:56:12,,
2023-12-01 09:56:13,,
2023-12-01 09:56:14,,
2023-12-01 09:56:15,,
2023-12-01 09:56:16,,
2023-12-01 09:56:17,,
2023-12-01 09:56:18,,
2023-12-01 09:56:19,45.7604678209966,67.6191588433223
2023-12-01 09:56:20,47.37484408741985,63.8252266408785
2023-12-01 09:56:21,39.42137897178044,73.24270281115805
2023-12-01 09:56:22,2.290785675062636,27.572103476169374
2023-12-01 09:56:23,6.667050235388905,26.698125231719843
2023-12-01 09:56:24,4.978411967928518,33.46423568028456
2023-12-01 09:56:25,6.148270477506877,34.108329338138084
2023-12-01 09:56:26,4.607221423237811,36.60175963154936
2023-12-01 09:56:27,9.198767084157296,30.042533854892735
2023-12-01 09:56:28,6.289004362830822,34.26983024231081
2023-12-01 09:56:29,5.398213749748338,38.24701151157064
2023-12-01 09:56:30,3.0521003804099394,36.3037478902385
2023-12-01 09:56:31,4.177922811572983,38.11106461941878
2023-12-01 09:56:32,3.545889400414593,36.39163813303592
2023-12-01 09:56:33,6.169447783808414,32.749235816638816
2023-12-01 09:56:34,2.7607545658326997,41.348037894281525
2023-12-01 09:56:35,3.799672913049606,38.46966422652325
2023-12-01 09:56:36,47.87590137257031,63.703084594509136
2023-12-01 09:56:37,50.10153945277425,72.54842875220717
2023-12-01 09:56:38,3.3374192493170303,27.90775239990209
2023-12-01 09:56:39,7.045222278624147,31.766511735852088
2023-12-01 09:56:40,6.139338260223213,30.23648698668748
2023-12-01 09:56:41,5.965407095059942,40.17604186372599
2023-12-01 09:56:42,3.8630789029013735,37.931513930336045
2023-12-01 09:56:43,4.080032433819945,40.181161262135404
2023-12-01 09:56:44,4.62363667392246,35.621717801379745
2023-12-01 09:56:45,5.852945453860506,29.548616311739796
2023-12-01 09:56:46,4.167680413731269,38.22237304508487
2023-12-01 09:56:47,1.5995516341944884,36.61172140406908
2023-12-01 09:56:48,,
2023-12-01 09:56:49,,
2023-12-01 09:56:50,,
2023-12-01 09:56:51,,
2023-12-01 09:56:52,3.9958375965048045,42.426504478528585
2023-12-01 09:56:53,8.080319181991971,45.517201388447575
2023-12-01 09:56:54,6.673639367919557,34.30701426102187
2023-12-01 09:56:55,46.96712034577943,71.70367644694103
2023-12-01 09:56:56,49.86530452782709,75.16134276203819
2023-12-01 09:56:57,7.2803881197185785,34.31546443870617
2023-12-01 09:56:58,3.867871796700394,34.26942753772513
2023-12-01 09:56:59,3.2573829998807313,40.169318346859484
2023-12-01 09:57:00,3.3025864752358722,37.21772121307644
2023-12-01 09:57:01,2.881279509300997,37.26633481131747
2023-12-01 09:57:02,3.0076999563278606,29.903419774094054
2023-12-01 09:57:03,2.7548640536067026,41.41577360755144
2023-12-01 09:57:04,4.194361212887054,34.05953520388313
2023-12-01 09:57:05,5.964024351037934,34.935941235663556
2023-12-01 09:57:06,5.642936747878742,33.24120964347894
2023-12-01 09:57:07,3.8613604874525183,37.76785550666442
2023-12-01 09:57:08,5.7958143661108465,34.020178836873704
2023-12-01 09:57:09,4.626556388519072,39.4657552350256
2023-12-01 09:57:10,4.776716618576654,38.25369370182686
2023-12-01 09:57:11,5.103659649870555,34.97389733931497
2023-12-01 09:57:12,4.941796788888769,39.317801643176935
2023-12-01 09:57:13,5.778988786855632,22.876211076715023
2023-12-01 09:57:14,2.3829912215581897,35.923959047342315
2023-12-01 09:57:15,1.8751714952595506,38.98349887683392
2023-12-01 09:57:16,3.5334775820371025,32.25573870080497
2023-12-01 09:57:17,7.610870253071976,27.64689824896801
2023-12-01 09:57:18,5.608027528709028,36.677829110515944
2023-12-01 09:57:19,4.612488758160947,20.919890427706434
2023-12-01 09:57:20,0.6276495457615319,23.856208908225543
2023-12-01 09:57:21,6.917048969615525,34.169004748035526
2023-12-01 09:57:22,5.4266020918396425,34.712284435393094
2023-12-01 09:57:23,0.0492597788621687,27.675281270648103
2023-12-01 09:57:24,8.995964944938333,41.61789998177175
2023-12-01 09:57:25,5.189484217126717,32.28867916003335
2023-12-01 09:57:26,5.634200521215974,32.661212786996145
2023-12-01 09:57:27,5.264201391005562,36.05852931393312
2023-12-01 09:57:28,4.928948664447003,36.86950728575032
2023-12-01 09:57:29,8.527597216635845,21.772565477476167
2023-12-01 09:57:30,7.024448234079491,36.92736079273142
2023-12-01 09:57:31,6.2242816344186425,30.403066755371555
2023-12-01 09:57:32,2.3852103828549143,28.84237142571642
2023-12-01 09:57:33,6.47655722037428,34.5079469292718
2023-12-01 09:57:34,7.640862434832405,42.04467463348725
2023-12-01 09:57:35,0.9201129027555979,36.618004338878116
2023-12-01 09:57:36,4.608813285604024,38.34858199877195
2023-12-01 09:57:37,2.1740612952666685,30.313103920214456
2023-12-01 09:57:38,3.5161412954380324,32.3482513019742
2023-12-01 09:57:39,5.01794886828577,43.406772995777146
2023-12-01 09:57:40,1.803667149420526,42.21627791465166
2023-12-01 09:57:41,8.714835834737547,35.70640393406019
2023-12-01 09:57:42,7.715893384664922,37.530624344954695
2023-12-01 09:57:43,7.503474449426944,40.177072373313905
2023-12-01 09:57:44,2.200784609049882,28.33619273411026
2023-12-01 09:57:45,4.650646188823555,24.935101751832875
2023-12-01 09:57:46,3.3265012189880987,32.67980698591612
2023-12-01 09:57:47,0.12900147485006297,36.760400680695355
2023-12-01 09:57:48,,
2023-12-01 09:57:49,,
2023-12-01 09:57:50,,
2023-12-01 09:57:51,,
2023-12-01 09:57:52,,
2023-12-01 09:57:53,,
2023-12-01 09:57:54,7.47689533316281,42.36271139257032
2023-12-01 09:57:55,-0.48621387441898634,37.370692964641144
2023-12-01 09:57:56,4.776491741122196,37.538883768460614
2023-12-01 09:57:57,4.112439622882013,37.70766470817275
2023-12-01 09:57:58,3.0138649106784685,36.37917154603841
2023-12-01 09:57:59,5.579440010679397,38.75351229024032
2023-12-01 09:58:00,4.348035994759074,28.658256040222355
2023-12-01 09:58:01,3.8796071124873803,30.746108199850397
2023-12-01 09:58:02,4.9288850922420115,40.149144315987655
2023-12-01 09:58:03,7.0319078713933205,37.34117936755566
2023-12-01 09:58:04,9.136257876884198,37.08348282634316
2023-12-01 09:58:05,5.9242875343660195,37.70137767784894
2023-12-01 09:58:06,2.9966476806809075,37.05765884052144
2023-12-01 09:58:07,5.280979696064172,33.32640439069521
2023-12-01 09:58:08,6.219224353031034,40.69820181189121
2023-12-01 09:58:09,6.038569207208432,42.31299911975319
2023-12-01 09:58:10,6.430199509333351,34.776093914993446
2023-12-01 09:58:11,5.720968870816455,31.69330066594646
2023-12-01 09:58:12,4.1808896230350285,39.169440110876295
2023-12-01 09:58:13,6.451578153773164,31.286068393351286
2023-12-01 09:58:14,4.600214845612102,29.13908652487618
2023-12-01 09:58:15,5.4332208339592105,32.408898822100966
2023-12-01 09:58:16,5.0767512095774565,30.661859873416752
2023-12-01 09:58:17,4.018062112359875,33.351227453468795
2023-12-01 09:58:18,6.811929953180476,41.1523938100496
2023-12-01 09:58:19,4.763177872039593,37.342952063807296
2023-12-01 09:58:20,4.97272662134648,29.228335392786263
2023-12-01 09:58:21,7.475766808757259,42.78298536793367
2023-12-01 09:58:22,3.4814496020577583,23.794449694172684
2023-12-01 09:58:23,5.541020467554933,40.37029392675897
2023-12-01 09:58:24,9.712086934774387,38.46542682001074
2023-12-01 09:58:25,1.8236682274298763,36.847041754776484
2023-12-01 09:58:26,5.771744118234668,31.50125877630342
2023-12-01 09:58:27,3.1763390958075157,38.43210428180275
2023-12-01 09:58:28,5.688284981268516,46.07377942807109
2023-12-01 09:58:29,0.5971566988675621,43.01415702779809
2023-12-01 09:58:30,5.358891433931959,33.08949815847438
2023-12-01 09:58:31,3.7724182053383037,30.609541427365045
2023-12-01 09:58:32,7.9196108046448295,36.237106734702266
2023-12-01 09:58:33,7.359171938325176,36.87206273315134
2023-12-01 09:58:34,2.232255741122191,47.499230344397176
2023-12-01 09:58:35,2.577336082885095,35.97780993841391
2023-12-01 09:58:36,6.905005162219593,35.61901721934267
2023-12-01 09:58:37,5.18102748342722,33.28691244326191
2023-12-01 09:58:38,3.153320913940784,31.651489178899947
2023-12-01 09:58:39,2.8297890950883997,39.98706355479315
2023-12-01 09:58:40,5.521655841687269,34.07759178001828
2023-12-01 09:58:41,5.249067280184088,28.443127003544213
2023-12-01 09:58:42,5.335152246240926,34.22048288109159
2023-12-01 09:58:43,7.115244915573243,34.0575763304364
2023-12-01 09:58:44,3.3713221557309723,39.087219114166764
2023-12-01 09:58:45,4.98812087479149,38.648695392672586
2023-12-01 09:58:46,4.972539978460605,35.10592746812741
2023-12-01 09:58:47,4.172638381985013,34.2174879114819
2023-12-01 09:58:48,5.00922945156903,36.284409283710396
2023-12-01 09:58:49,,
2023-12-01 09:58:50,,
2023-12-01 09:58:51,,
2023-12-01 09:58:52,,
2023-12-01 09:58:53,,
2023-12-01 09:58:54,,
2023-12-01 09:58:55,,
2023-12-01 09:58:56,,
2023-12-01 09:58:57,,
2023-12-01 09:58:58,,
2023-12-01 09:58:59,,
2023-12-01 09:59:00,2.8450376415490957,30.044918260906012
2023-12-01 09:59:01,6.20242105261491,41.436901473276954
2023-12-01 09:59:02,4.61944068837995,40.882735584823
2023-12-01 09:59:03,1.3834150379601295,36.71257570791127
2023-12-01 09:59:04,5.304486473572904,32.020245684710204
2023-12-01 09:59:05,7.091655635512579,33.95641519637161
2023-12-01 09:59:06,5.837164599995155,33.839122047298126
2023-12-01 09:59:07,8.576551693302793,30.69374896640712
2023-12-01 09:59:08,7.339005789694699,24.112811610734944
2023-12-01 09:59:09,3.2641548151422564,33.42706578302422
2023-12-01 09:59:10,-0.21295344054816212,34.55806566921987
2023-12-01 09:59:11,3.700622652508825,34.85129811648285
2023-12-01 09:59:12,4.9619810764031635,35.57004398543841
2023-12-01 09:59:13,4.798635228396489,41.38395433010548
2023-12-01 09:59:14,5.993969619317399,37.625962981138436
2023-12-01 09:59:15,5.080553009676215,31.65959237935138
2023-12-01 09:59:16,4.915940797293021,36.81308334297735
2023-12-01 09:59:17,7.398765964120987,35.12525263635359
2023-12-01 09:59:18,6.299034762070163,42.924799993965706
2023-12-01 09:59:19,4.67236673983577,32.8957407439943
2023-12-01 09:59:20,0.5981756728631034,33.041742785173064
2023-12-01 09:59:21,5.4262740301486305,32.23662063680021
2023-12-01 09:59:22,3.6500715441913796,33.46546299730331
2023-12-01 09:59:23,4.582300875580743,42.748831779757495
2023-12-01 09:59:24,7.774491640216482,43.1046138596748
2023-12-01 09:59:25,5.266575355799158,27.91272545440222
2023-12-01 09:59:26,3.973995710653198,38.97999481180819
2023-12-01 09:59:27,7.362964040326932,31.21235349258074
2023-12-01 09:59:28,7.7114976212464885,37.95076665310693
2023-12-01 09:59:29,8.014454955017307,35.29324827631571
2023-12-01 09:59:30,3.789913144252924,26.647326267339793
2023-12-01 09:59:31,7.356302291483624,35.4290516216086
2023-12-01 09:59:32,6.28205239801751,34.240250291951114
2023-12-01 09:59:33,2.202847468760383,35.850327973402116
2023-12-01 09:59:34,2.987299321390454,33.50956331258183
2023-12-01 09:59:35,43.895978557881946,71.13293806827626
2023-12-01 09:59:36,46.288954977374104,60.29934316376218
2023-12-01 09:59:37,48.83247063488502,71.11070689731531
2023-12-01 09:59:38,4.530267462189835,31.852034137896744
2023-12-01 09:59:39,8.184486970529296,33.57709179179481
2023-12-01 09:59:40,46.19731984939098,68.25150926713745
2023-12-01 09:59:41,53.48056828176393,64.44670281181774
2023-12-01 09:59:42,38.14623369288724,67.34131255682688
2023-12-01 09:59:43,40.70322828916834,58.27008839837438
2023-12-01 09:59:44,48.43260228075946,77.22784545316942
2023-12-01 09:59:45,47.11533533062895,67.88699341245592
2023-12-01 09:59:46,48.867137965724694,59.838444393590265
2023-12-01 09:59:47,51.95338551107608,64.66109338418501
2023-12-01 09:59:48,40.69804058985629,73.96900629035775
2023-12-01 09:59:49,42.63611383636031,71.1460362230749
2023-12-01 09:59:50,41.32872126409306,68.49742600271864
2023-12-01 09:59:51,43.82592498355276,67.16971260683282
2023-12-01 09:59:52,46.6841242968166,66.46987688797913
2023-12-01 09:59:53,44.929105706518015,70.22123232732761
2023-12-01 09:59:54,47.26904991174161,58.38192354168013
2023-12-01 09:59:55,0.550849642638723,43.29437380146615
2023-12-01 09:59:56,3.3252962176684635,29.98462260988759
2023-12-01 09:59:57,7.243684472858,41.55281924095325
2023-12-01 09:59:58,6.386505698264772,40.50404126710021
2023-12-01 09:59:59,6.374884960427411,32.93965753338618
2023-12-01 10:00:00,3.735636034125327,31.49096429907337
2023-12-01 10:00:01,1.4380652970167787,41.541646947598856
2023-12-01 10:00:02,7.847437025900652,29.006209386180323
2023-12-01 10:00:03,6.783310386845889,29.389156935982
2023-12-01 10:00:04,0.4927878993695005,30.487230021393035
2023-12-01 10:00:05,4.696656239174279,41.3938066992272
2023-12-01 10:00:06,7.678649232876406,41.995293663514964
2023-12-01 10:00:07,9.668674596479818,32.366725171429806
2023-12-01 10:00:08,3.959882418800821,30.971106038453
2023-12-01 10:00:09,8.270855169501111,37.92449564026163
2023-12-01 10:00:10,4.189652885403007,32.59747159608375
2023-12-01 10:00:11,5.932602461406241,35.47638641013636
2023-12-01 10:00:12,4.9425800138767055,31.542020084230163
2023-12-01 10:00:13,5.1924866852751705,31.463961507954746
2023-12-01 10:00:14,1.1902734275477336,32.49378086376552
2023-12-01 10:00:15,-0.25099426119251067,33.951729595328615
2023-12-01 10:00:16,5.5035561738364045,33.817593666064965
2023-12-01 10:00:17,4.449476071953527,33.93465665410892
2023-12-01 10:00:18,4.70304569213269,30.8055980336293
2023-12-01 10:00:19,4.35404090181791,36.74555955609984
2023-12-01 10:00:20,2.487614488464296,32.4980622589743
2023-12-01 10:00:21,7.496830049821066,39.402152930201055
2023-12-01 10:00:22,3.134257680060072,40.23541995192515
2023-12-01 10:00:23,3.4600142139372734,26.090777716723913
2023-12-01 10:00:24,7.642927274270491,36.62307538844376
2023-12-01 10:00:25,7.1663867382369455,35.39486781963339
2023-12-01 10:00:26,2.990823289672792,36.156759533144516
2023-12-01 10:00:27,4.046656866744645,32.82347157065643
2023-12-01 10:00:28,3.8774267471632378,35.00400270942128
2023-12-01 10:00:29,3.481878043301275,37.5325128677761
2023-12-01 10:00:30,5.952284387926097,28.21410366968433
2023-12-01 10:00:31,2.7371001705721194,34.45420899423446
2023-12-01 10:00:32,1.4463257607094904,29.803050664530293
2023-12-01 10:00:33,3.6959231434118403,36.00058451289013
2023-12-01 10:00:34,5.841587735774199,37.264708744409525
2023-12-01 10:00:35,4.614259729440594,37.857291049349556
2023-12-01 10:00:36,4.189883322590173,39.74442689518515
2023-12-01 10:00:37,5.822383394234722,38.05708566858521
2023-12-01 10:00:38,4.213912061455785,37.54389523209201
2023-12-01 10:00:39,7.134528276551368,32.20680387327394
2023-12-01 10:00:40,5.110354371697673,36.29114469983983
2023-12-01 10:00:41,5.553715323760811,36.11595067710593
2023-12-01 10:00:42,5.790173824634222,30.894195279022192
2023-12-01 10:00:43,2.9685559399657446,42.5190788198033
2023-12-01 10:00:44,5.84736188792777,37.860478365722095
2023-12-01 10:00:45,5.669237725114577,28.917557933976944
2023-12-01 10:00:46,2.8170114998070095,32.03354822678457
2023-12-01 10:00:47,4.948227024610455,35.609338592039954
2023-12-01 10:00:48,5.122074129520429,43.197511088889215
2023-12-01 10:00:49,6.884343770697821,32.93433330649829
2023-12-01 10:00:50,8.615278138392428,28.00599003116627
2023-12-01 10:00:51,5.347197582872458,37.24429491641139
2023-12-01 10:00:52,5.969580045284546,28.626393276057733
2023-12-01 10:00:53,2.1223472197472337,34.20269396070425
2023-12-01 10:00:54,6.734998432334338,42.71849322978784
2023-12-01 10:00:55,5.73100514486948,34.259524254227806
2023-12-01 10:00:56,3.9112299996103266,31.831897935759702
2023-12-01 10:00:57,1.3642852631249673,37.456934875856355
2023-12-01 10:00:58,4.835224679583714,31.944358263680265
2023-12-01 10:00:59,1.8354911438662063,38.3119481269391
2023-12-01 10:01:00,6.983045707291243,40.451866433865966
2023-12-01 10:01:01,4.3529275811114525,31.53449142951988
2023-12-01 10:01:02,5.9495245689739065,40.129921096443965
2023-12-01 10:01:03,,
2023-12-01 10:01:04,,
2023-12-01 10:01:05,,
2023-12-01 10:01:06,,
2023-12-01 10:01:07,,
2023-12-01 10:01:08,,
2023-12-01 10:01:09,,
2023-12-01 10:01:10,,
2023-12-01 10:01:11,4.015599441344628,37.61707155902208
2023-12-01 10:01:12,6.818522723412007,29.39275151305123
2023-12-01 10:01:13,4.528326981841909,35.91140295115036
2023-12-01 10:01:14,2.5104988703613187,29.155858007878546
2023-12-01 10:01:15,7.0603483095782735,38.80145813674832
2023-12-01 10:01:16,10.895388347502726,32.10139610224688
2023-12-01 10:01:17,40.35763811545341,70.38994813626049
2023-12-01 10:01:18,33.751277761847,66.91791570968654
2023-12-01 10:01:19,45.50360330961757,68.54453348843136
2023-12-01 10:01:20,5.129037799564771,29.931197218459108
2023-12-01 10:01:21,3.716303123005115,34.59097757163721
2023-12-01 10:01:22,6.591228486921504,39.857560454254575
2023-12-01 10:01:23,3.6886092748114585,25.56756770422031
2023-12-01 10:01:24,8.754835090969461,37.44999902044483
2023-12-01 10:01:25,3.702730545442752,38.02337964060865
2023-12-01 10:01:26,2.531910629039896,37.08910002814056
2023-12-01 10:01:27,7.606650212958371,31.739589067990746
2023-12-01 10:01:28,2.651310438378805,43.45612503140967
2023-12-01 10:01:29,5.9042013646996025,32.75031320722374
2023-12-01 10:01:30,1.8569105376000858,27.736149615964013
2023-12-01 10:01:31,41.4405587453368,72.94482371376961
2023-12-01 10:01:32,43.15015938345945,71.422414251319
2023-12-01 10:01:33,8.669877727236518,36.048596790094486
2023-12-01 10:01:34,6.684148726384937,30.393824177956972
2023-12-01 10:01:35,4.718902455057245,31.298953742649015
2023-12-01 10:01:36,5.589887933413554,29.86689697871926
2023-12-01 10:01:37,1.9861634651172078,27.632528403175066
2023-12-01 10:01:38,5.934458997353457,40.60234983394623
2023-12-01 10:01:39,5.080408543604873,42.28513655727967
2023-12-01 10:01:40,5.701409268339167,36.42457332267278
2023-12-01 10:01:41,1.7047333963801372,37.75976643699836
2023-12-01 10:01:42,6.557900678071739,41.33957487815179
2023-12-01 10:01:43,3.0127687466450324,41.75430916346585
2023-12-01 10:01:44,3.8866979374085844,40.96253440335805
2023-12-01 10:01:45,9.293327603005949,36.8802872400855
2023-12-01 10:01:46,5.562941716920568,34.51235591571258
2023-12-01 10:01:47,3.8120831319895077,40.00981293703057
2023-12-01 10:01:48,1.0255812526078825,30.220721853916828
2023-12-01 10:01:49,3.654281862936773,35.300082230265666
2023-12-01 10:01:50,52.83578052166368,66.21644771252411
2023-12-01 10:01:51,35.733368586133466,74.92817133217797
2023-12-01 10:01:52,2.4233627452794577,37.60332595265908
2023-12-01 10:01:53,2.849069390253768,28.273866594999628
2023-12-01 10:01:54,1.4248800698624655,32.76617569684243
2023-12-01 10:01:55,5.921391232149877,34.656350555737525
2023-12-01 10:01:56,5.236947567549071,37.13598985150649
2023-12-01 10:01:57,6.559580776100502,36.09748983521246
2023-12-01 10:01:58,2.1998483309193086,34.616879013087484
2023-12-01 10:01:59,5.981859079509126,42.08560717080122
2023-12-01 10:02:00,2.797704663773073,35.404521808677245
2023-12-01 10:02:01,5.0326616524516545,37.76895988878109
2023-12-01 10:02:02,4.964711198095855,32.662701029640225
2023-12-01 10:02:03,5.3162634874427965,30.907863752177654
2023-12-01 10:02:04,6.5313260795589665,41.04783572325475
2023-12-01 10:02:05,2.3613830729836867,40.84174951182253
2023-12-01 10:02:06,6.30950191588519,41.305731623920835
2023-12-01 10:02:07,9.421706652890169,33.13815927615123
2023-12-01 10:02:08,4.343389945284294,35.28161856417102
2023-12-01 10:02:09,7.106203835271046,36.70196537953549
2023-12-01 10:02:10,4.79590872667116,30.515492001197778
2023-12-01 10:02:11,4.224980150657281,39.9481905625491
2023-12-01 10:02:12,2.689457996154099,42.14674845610841
2023-12-01 10:02:13,5.111548166548536,46.87987399345357
2023-12-01 10:02:14,5.5059576076187975,37.38847940545853
2023-12-01 10:02:15,5.513105342455362,30.030701910754757
2023-12-01 10:02:16,3.6510548396359597,26.472633793985715
2023-12-01 10:02:17,2.9575557733376256,29.667074868290232
2023-12-01 10:02:18,6.990151624430261,36.54572889371248
2023-12-01 10:02:19,7.222942281714228,40.87183301976849
2023-12-01 10:02:20,4.189729192621777,32.713676738515055
2023-12-01 10:02:21,5.7439669339523,35.739579969953795
2023-12-01 10:02:22,7.525357043838605,29.218623038740894
2023-12-01 10:02:23,1.871695885902763,38.95856562424654
2023-12-01 10:02:24,5.387178915470588,40.691538578800234
2023-12-01 10:02:25,2.8817856453763624,34.99977669765825
2023-12-01 10:02:26,5.562224539244292,30.822399972633235
2023-12-01 10:02:27,2.3883591005173375,34.210882065852545
2023-12-01 10:02:28,6.589460340592005,39.956116699537674
2023-12-01 10:02:29,4.290184365076513,36.959385441416714
2023-12-01 10:02:30,4.655083703169346,44.64985100782101
2023-12-01 10:02:31,1.9488846831981772,32.48643314470685
2023-12-01 10:02:32,3.4944053847771546,43.552185340477216
2023-12-01 10:02:33,4.984138798150947,39.37931744898385
2023-12-01 10:02:34,4.551769947707321,36.977304538125786
2023-12-01 10:02:35,8.64508142244924,32.11009006774796
2023-12-01 10:02:36,6.323284661063122,28.76474298828014
2023-12-01 10:02:37,2.470013416123147,35.631662716486694
2023-12-01 10:02:38,6.840823169864568,39.29702349976516
2023-12-01 10:02:39,7.125439283031173,44.28530063425777
2023-12-01 10:02:40,4.148637849137983,31.630060839334305
2023-12-01 10:02:41,,
2023-12-01 10:02:42,,
2023-12-01 10:02:43,,
2023-12-01 10:02:44,,
2023-12-01 10:02:45,,
2023-12-01 10:02:46,,
2023-12-01 10:02:47,,
2023-12-01 10:02:48,,
2023-12-01 10:02:49,,
2023-12-01 10:02:50,,
2023-12-01 10:02:51,8.436413877188789,38.14020324742353
2023-12-01 10:02:52,3.9261562817834497,34.717801383073486
2023-12-01 10:02:53,5.61793576290168,34.22523995799773
2023-12-01 10:02:54,9.061193365507556,36.355602227967765
2023-12-01 10:02:55,6.517642409369616,34.974212483280006
2023-12-01 10:02:56,6.360572282080057,39.10249227917295
2023-12-01 10:02:57,6.279244497235847,38.34839657037906
2023-12-01 10:02:58,3.033216787192906,50.96465487045862
2023-12-01 10:02:59,4.4766392880768535,34.91466587258314
2023-12-01 10:03:00,7.825408522899808,26.19164570768576
2023-12-01 10:03:01,0.37025844133635566,37.36757263592072
2023-12-01 10:03:02,1.906095382071923,31.668265008720464
2023-12-01 10:03:03,5.729914189712756,35.806006963198506
2023-12-01 10:03:04,5.49122963613495,34.816741582878315
2023-12-01 10:03:05,5.584218792425855,37.14905956852599
2023-12-01 10:03:06,5.497939615144155,32.97387566088075
2023-12-01 10:03:07,4.868522482285949,39.947738037199
2023-12-01 10:03:08,9.18902525941238,41.025058623151416
2023-12-01 10:03:09,6.227118206876157,35.64269670277022
2023-12-01 10:03:10,3.3842401667689748,39.267227506060074
2023-12-01 10:03:11,2.844519088353981,33.54090837056637
2023-12-01 10:03:12,8.2209296048486,23.875413410066635
2023-12-01 10:03:13,6.336018462078327,35.59595271129218
2023-12-01 10:03:14,3.6527302664369703,33.75671651843578
2023-12-01 10:03:15,0.9187050469279932,30.67301963708074
2023-12-01 10:03:16,5.551544897775915,28.104026499618968
2023-12-01 10:03:17,6.350768395274822,36.112123045703335
2023-12-01 10:03:18,7.082409971700265,28.73171531148234
2023-12-01 10:03:19,4.251174056534044,41.345190317683446
2023-12-01 10:03:20,6.047109574976066,32.98826921777578
2023-12-01 10:03:21,2.712662189952543,31.23281737732529
2023-12-01 10:03:22,4.793072516805615,32.74195569399751
2023-12-01 10:03:23,4.159043734890628,41.1634744791787
2023-12-01 10:03:24,8.134340262593769,30.37403849837161
2023-12-01 10:03:25,3.7543919498454885,33.115954564193075
2023-12-01 10:03:26,6.6179132645488155,38.87326322579671
2023-12-01 10:03:27,5.187026829778854,28.836864949635398
2023-12-01 10:03:28,6.281121839777773,39.15369228379794
2023-12-01 10:03:29,4.343758120329941,32.65763862951538
2023-12-01 10:03:30,5.035646248977307,32.77137466183756
2023-12-01 10:03:31,3.8279570342021545,39.86931359387197
2023-12-01 10:03:32,4.0963272928825685,36.72909736101127
2023-12-01 10:03:33,4.653083926168704,37.72382536711223
2023-12-01 10:03:34,4.391247633311262,38.49179955250471
2023-12-01 10:03:35,1.8930292170678458,28.38699843453039
2023-12-01 10:03:36,4.875185736604541,29.572419660071013
2023-12-01 10:03:37,5.291934131236586,32.682809524853695
2023-12-01 10:03:38,4.572371423379161,34.50529499711871
2023-12-01 10:03:39,8.22978558533701,35.317504736140414
2023-12-01 10:03:40,2.488902832311921,32.129459991577605
2023-12-01 10:03:41,5.5940652512294635,44.634582340206336
2023-12-01 10:03:42,2.1582989801182553,38.39804154889069
2023-12-01 10:03:43,3.2151352201044503,43.17325778033884
2023-12-01 10:03:44,7.682886737551064,30.64910427611457
2023-12-01 10:03:45,8.679113403670069,36.25482332501528
2023-12-01 10:03:46,3.713104801995196,35.74318762346398
2023-12-01 10:03:47,6.776288138311356,33.57204959075949
2023-12-01 10:03:48,-1.090616072202785,29.980708670698103
2023-12-01 10:03:49,3.3728463537466427,32.92788586881455
2023-12-01 10:03:50,5.566367413517425,32.85191358607652
2023-12-01 10:03:51,5.856826275551339,38.41184551881965
2023-12-01 10:03:52,44.310964181362394,73.24855192079659
2023-12-01 10:03:53,38.408736462975085,55.4204911178639
2023-12-01 10:03:54,48.31562547463994,76.92774194843574
2023-12-01 10:03:55,42.6381309264581,60.720323130791286
2023-12-01 10:03:56,40.7939899308725,58.69256377718268
2023-12-01 10:03:57,47.942178776313376,57.138530153687334
2023-12-01 10:03:58,43.20964694053679,68.62701962084336
2023-12-01 10:03:59,57.04503064710282,61.92079182141981
2023-12-01 10:04:00,45.003554112382695,65.19629765877049
2023-12-01 10:04:01,44.20134890970108,63.21735782523365
2023-12-01 10:04:02,39.379721627148655,64.66457178971758
2023-12-01 10:04:03,40.7879925209419,75.8888942072125
2023-12-01 10:04:04,43.88005794251886,60.220784531993566
2023-12-01 10:04:05,47.74302700379849,66.35259321872581
2023-12-01 10:04:06,42.71019362856451,65.29978644674718
2023-12-01 10:04:07,48.13526624535487,63.64174109613248
2023-12-01 10:04:08,47.56877516188458,69.68770030529117
2023-12-01 10:04:09,40.23290383019152,67.96704379441469
2023-12-01 10:04:10,48.78554458967253,64.91647582830839
2023-12-01 10:04:11,44.99550482802522,67.43480777320717
2023-12-01 10:04:12,45.22942971840182,63.62875418240344
2023-12-01 10:04:13,35.697395386760384,65.76131830241269
2023-12-01 10:04:14,52.26684178344133,63.16763157924107
2023-12-01 10:04:15,0.5591959438805754,32.57559734485109
2023-12-01 10:04:16,0.7361762826941902,34.39180594607102
2023-12-01 10:04:17,1.2841853147124742,31.92535033115211
2023-12-01 10:04:18,4.714103286569952,31.72612978623846
2023-12-01 10:04:19,3.071238039825407,32.13817156004486
2023-12-01 10:04:20,6.987533203452589,44.46006566799956
2023-12-01 10:04:21,5.809943378723541,37.59023597760508
2023-12-01 10:04:22,7.036270783776382,36.02609459301504
2023-12-01 10:04:23,7.637757066753124,32.54974247644306
2023-12-01 10:04:24,4.817007998502128,35.88624642097564
2023-12-01 10:04:25,2.981162165318381,36.5529038565582
2023-12-01 10:04:26,4.781674460593663,39.99101469838326
2023-12-01 10:04:27,4.875223987964553,35.26314404761629
2023-12-01 10:04:28,6.502576430839641,30.74417861415274
2023-12-01 10:04:29,6.203422209542487,37.63078861895075
2023-12-01 10:04:30,1.7462375998826074,28.84944184869613
2023-12-01 10:04:31,4.427572078902183,36.051822146339774
2023-12-01 10:04:32,7.49744394757057,30.962385671483972
2023-12-01 10:04:33,4.782205517611262,25.86607460156808
2023-12-01 10:04:34,4.880233074632209,30.634705339906144
2023-12-01 10:04:35,2.355945530372954,37.914366540709345
2023-12-01 10:04:36,4.977659613140288,42.646129547682904
2023-12-01 10:04:37,2.350757500087808,34.774531585061894
2023-12-01 10:04:38,5.5543595622606405,32.97007861934524
2023-12-01 10:04:39,4.3007288048008006,34.735325211163506
2023-12-01 10:04:40,1.5427878768545518,33.741738380302515
2023-12-01 10:04:41,4.488399668431017,32.37441426501833
2023-12-01 10:04:42,8.59549698862816,32.54454787000369
2023-12-01 10:04:43,6.860123911968191,36.343977489591595
2023-12-01 10:04:44,43.73048037964265,58.00574774236002
2023-12-01 10:04:45,40.47811184082715,62.23037987682272
2023-12-01 10:04:46,43.36420824118336,61.447960890338265
2023-12-01 10:04:47,41.58425548851717,71.79132956414583
2023-12-01 10:04:48,48.213649746046585,70.69611285505722
2023-12-01 10:04:49,41.07262389573157,66.1469647906079
2023-12-01 10:04:50,45.77200651706331,71.72342810836561
2023-12-01 10:04:51,52.61623646426698,69.15370416746387
2023-12-01 10:04:52,39.97920871799661,59.83750394935217
2023-12-01 10:04:53,40.12200742361093,56.34187192426555
2023-12-01 10:04:54,41.718067996724024,70.60556231475998
2023-12-01 10:04:55,44.94626855108574,58.68501244628911
2023-12-01 10:04:56,33.673176473189706,59.8076279002969
2023-12-01 10:04:57,47.11063834993287,59.23428802730138
2023-12-01 10:04:58,40.14975373548617,63.82105297499464
2023-12-01 10:04:59,1.4851004960755998,36.001145468100404
2023-12-01 10:05:00,5.439630181202714,33.37575845304956
2023-12-01 10:05:01,3.7618492854490113,33.502141140447215
2023-12-01 10:05:02,7.726359270233621,30.759964008029637
2023-12-01 10:05:03,6.594593026970738,33.95240257874398
2023-12-01 10:05:04,6.067006289111071,30.16131823932853
2023-12-01 10:05:05,3.6789333143586043,35.87541292594199
2023-12-01 10:05:06,5.427261182004235,37.085088142910436
2023-12-01 10:05:07,4.26600451837131,36.61570983306239
2023-12-01 10:05:08,3.767959030869995,35.93818704677468
2023-12-01 10:05:09,9.565548115484379,30.84918581600405
2023-12-01 10:05:10,6.079102396302691,40.36877543814447
2023-12-01 10:05:11,5.6505914859558635,43.44551409238012
2023-12-01 10:05:12,2.6964531652520267,31.987181145902582
2023-12-01 10:05:13,4.520218386801014,33.84631442895176
2023-12-01 10:05:14,4.514285811874867,29.065329533711
2023-12-01 10:05:15,3.034434157384069,32.62670999151738
2023-12-01 10:05:16,8.71829106728844,32.27658262408812
2023-12-01 10:05:17,7.371539225133675,40.14487677024594
2023-12-01 10:05:18,3.8812698394516367,27.080765609357233
2023-12-01 10:05:19,4.72733906363511,34.3280970167099
2023-12-01 10:05:20,6.759271569331582,37.75515394524806
2023-12-01 10:05:21,0.6160152391200535,38.99873285896941
2023-12-01 10:05:22,2.7662933781020254,37.255394129239846
2023-12-01 10:05:23,6.680421933878984,39.276910828811815
2023-12-01 10:05:24,5.313215530099315,26.267893128590757
2023-12-01 10:05:25,9.454514536505148,37.15720237624237
2023-12-01 10:05:26,3.614027368581281,33.17841066833725
2023-12-01 10:05:27,53.36488401923171,75.43883316103305
2023-12-01 10:05:28,46.298979389648146,62.96897659975965
2023-12-01 10:05:29,47.79342076159604,76.95834103652275
2023-12-01 10:05:30,5.2973948038423835,33.809909153302044
2023-12-01 10:05:31,3.301503154889587,38.7932465204634
2023-12-01 10:05:32,1.901265015117147,37.77185407809186
2023-12-01 10:05:33,,
2023-12-01 10:05:34,,
2023-12-01 10:05:35,,
2023-12-01 10:05:36,,
2023-12-01 10:05:37,,
2023-12-01 10:05:38,,
2023-12-01 10:05:39,,
2023-12-01 10:05:40,,
2023-12-01 10:05:41,,
2023-12-01 10:05:42,,
2023-12-01 10:05:43,3.3571389907979716,40.62201555883664
2023-12-01 10:05:44,4.96497177474244,32.5828651186936
2023-12-01 10:05:45,1.7917714193542325,32.312429665917975
2023-12-01 10:05:46,5.803933228761338,36.17899157746151
2023-12-01 10:05:47,6.615189858154893,32.12788666923828
2023-12-01 10:05:48,7.387528897492288,48.99683451887046
2023-12-01 10:05:49,5.5919621529285015,31.856342548965223
2023-12-01 10:05:50,7.159437242471499,38.55283550970598
2023-12-01 10:05:51,1.5874778999854668,41.76181990776991
2023-12-01 10:05:52,4.526501537093932,34.438603306680754
2023-12-01 10:05:53,5.1517185696030525,27.61105625253652
2023-12-01 10:05:54,4.104506644349576,41.11583152393226
2023-12-01 10:05:55,5.318144412717962,33.34573299174588
2023-12-01 10:05:56,4.6871605195093835,44.62554893664202
2023-12-01 10:05:57,2.3968740449650996,36.158818706623194
2023-12-01 10:05:58,4.829062235857249,30.779819631271856
2023-12-01 10:05:59,5.015834384984506,28.129867821958108
2023-12-01 10:06:00,4.169002364232156,34.46415066930064
2023-12-01 10:06:01,3.1103210791033398,28.97767493184379
2023-12-01 10:06:02,2.685323669810115,44.1416052053026
2023-12-01 10:06:03,7.028711756907941,37.810764525139
2023-12-01 10:06:04,4.476021668188812,31.90328288871784
2023-12-01 10:06:05,4.805174195814847,33.1070547648411
2023-12-01 10:06:06,6.783089109150251,36.358049677881816
2023-12-01 10:06:07,1.7081610656095343,34.45804541176436
2023-12-01 10:06:08,5.073813432502959,24.495857805320124
2023-12-01 10:06:09,6.172940719509661,28.889739891847167
2023-12-01 10:06:10,6.698093095893723,34.22802947343034
2023-12-01 10:06:11,7.5566186861737,41.757173099972334
2023-12-01 10:06:12,4.952044564455789,38.53360127112226
2023-12-01 10:06:13,3.0623749369379354,40.13598203479194
2023-12-01 10:06:14,9.432303979710259,36.47702187441338
2023-12-01 10:06:15,2.472456104438556,38.32469503180521
2023-12-01 10:06:16,6.674884976029203,30.741992485424376
2023-12-01 10:06:17,6.858120500287171,35.20282072202147
2023-12-01 10:06:18,4.623501801283856,34.89702786529171
2023-12-01 10:06:19,7.1371370077314396,37.29080825276652
2023-12-01 10:06:20,5.641565530401344,38.79068836802141
2023-12-01 10:06:21,8.452557667760612,21.970043901009134
2023-12-01 10:06:22,4.809260329416573,37.53084151314732
2023-12-01 10:06:23,3.0365613755854324,40.48105269651151
2023-12-01 10:06:24,5.308868915010137,38.319215319779246
2023-12-01 10:06:25,6.2842814064083115,39.750585513054844
2023-12-01 10:06:26,5.040257148204666,27.39318839040056
2023-12-01 10:06:27,4.11385456843669,37.23267836467849
2023-12-01 10:06:28,3.3040266229005866,31.02094201778808
2023-12-01 10:06:29,4.909532672509449,39.64117317990657
2023-12-01 10:06:30,1.4264761109693258,25.501206713604468
2023-12-01 10:06:31,5.911982539972897,38.43867200753399
2023-12-01 10:06:32,3.1742752659405573,39.44474031004218
2023-12-01 10:06:33,4.044364280231319,21.667822211194245
2023-12-01 10:06:34,6.312024861404565,29.1523193118002
2023-12-01 10:06:35,8.6296759241755,38.71837441478746
2023-12-01 10:06:36,2.3136919675467795,34.82175638382832
2023-12-01 10:06:37,5.658812865151763,30.711777713394724
2023-12-01 10:06:38,5.564357830664564,37.87634419670554
2023-12-01 10:06:39,2.998978404316481,31.695688241662637
2023-12-01 10:06:40,2.2218715283112895,42.40545032492683
2023-12-01 10:06:41,4.375031297358654,27.155674062419976
2023-12-01 10:06:42,6.599711416509864,28.05292410441726
2023-12-01 10:06:43,4.689953908914859,38.396282365940294
2023-12-01 10:06:44,6.778200034422357,37.148642974946725
2023-12-01 10:06:45,6.3902178500883675,34.10705369738564
2023-12-01 10:06:46,3.5110283247550154,33.69074527257575
2023-12-01 10:06:47,2.9560244186193447,36.13133480542734
2023-12-01 10:06:48,4.668594070073662,37.8962290425872
2023-12-01 10:06:49,1.800015914915471,36.9273075545663
2023-12-01 10:06:50,6.974431595138817,36.51630768467411
2023-12-01 10:06:51,6.057020598493152,33.654266423811976
2023-12-01 10:06:52,6.856890677148519,38.08548535952569
2023-12-01 10:06:53,4.547580563083329,37.894119491868416
2023-12-01 10:06:54,6.35891190336608,42.49342822952147
2023-12-01 10:06:55,5.427578481617,35.38429969127707
2023-12-01 10:06:56,2.2739502734467476,34.00768188886019
2023-12-01 10:06:57,8.307257051629978,35.99591568842011
2023-12-01 10:06:58,3.8683657629123696,37.0496371743542
2023-12-01 10:06:59,7.962968166765879,36.546199212389865
2023-12-01 10:07:00,6.66691417129998,32.86994213516312
2023-12-01 10:07:01,3.535634343786895,32.01222922493159
2023-12-01 10:07:02,7.902227858297839,40.21215340957717
2023-12-01 10:07:03,1.2799166382915668,39.630761010113424
2023-12-01 10:07:04,2.5093369003382198,25.9788402281646
2023-12-01 10:07:05,7.110772720710097,33.24339082716017
2023-12-01 10:07:06,3.3688886317038667,47.53290194998038
2023-12-01 10:07:07,6.8652594073506155,27.396327996772005
2023-12-01 10:07:08,2.657957286973701,35.045500590390624
2023-12-01 10:07:09,9.534135168512753,30.549340405868918
2023-12-01 10:07:10,3.6027170398038852,37.70674744700556
2023-12-01 10:07:11,10.308951395083348,37.51266769665175
2023-12-01 10:07:12,0.004873958043036808,45.710466478348586
2023-12-01 10:07:13,1.9479066336821793,25.004949901884796
2023-12-01 10:07:14,5.830579898142403,33.15524097995046
2023-12-01 10:07:15,6.586244254695746,29.535851834327215
2023-12-01 10:07:16,,
2023-12-01 10:07:17,,
2023-12-01 10:07:18,,
2023-12-01 10:07:19,,
2023-12-01 10:07:20,,
2023-12-01 10:07:21,5.444578236944409,34.24727414755892
2023-12-01 10:07:22,6.395639277407203,39.77129299657272
2023-12-01 10:07:23,7.266706615104172,29.945477070342967
2023-12-01 10:07:24,3.065909476961078,48.50268751206184
2023-12-01 10:07:25,3.6500001823905808,33.032556057443266
2023-12-01 10:07:26,5.5915465580752155,42.45663680160238
2023-12-01 10:07:27,3.0387261683908005,32.01379266829138
2023-12-01 10:07:28,5.116049961850473,28.55597862379052
2023-12-01 10:07:29,3.2965175804554896,32.597624721123864
2023-12-01 10:07:30,1.0643643300082375,35.946439912699226
2023-12-01 10:07:31,9.308392480966589,39.112348050198634
2023-12-01 10:07:32,1.2195964312435432,35.25614136938569
2023-12-01 10:07:33,7.639700281653697,25.12422427031924
2023-12-01 10:07:34,0.32082787199965246,36.28553357839751
2023-12-01 10:07:35,5.670957739156914,34.387527937817865
2023-12-01 10:07:36,1.6850476980640479,32.344698650902195
2023-12-01 10:07:37,4.810133083717528,27.171388685625246
2023-12-01 10:07:38,9.457512784353892,42.014205766928114
2023-12-01 10:07:39,2.874923853192836,35.682716646740985
2023-12-01 10:07:40,4.108327864629001,28.00625025111866
2023-12-01 10:07:41,45.109331672330725,75.83892135237416
2023-12-01 10:07:42,43.313642051011065,68.2353372757093
2023-12-01 10:07:43,7.660881517773932,26.87170956882981
2023-12-01 10:07:44,2.0419096091817988,33.238383749969394
2023-12-01 10:07:45,4.080061904718703,39.69213236699758
2023-12-01 10:07:46,4.716186721863258,48.4928071408798
2023-12-01 10:07:47,1.1348940155141447,37.023787784167666
2023-12-01 10:07:48,6.686828278204947,37.33503829564434
2023-12-01 10:07:49,6.008594638976566,37.35546239808056
2023-12-01 10:07:50,7.857908635923957,35.236269102886375
2023-12-01 10:07:51,5.801650873614967,33.8783154773795
2023-12-01 10:07:52,8.213772441368066,41.777407549030784
2023-12-01 10:07:53,6.984927059816556,31.090268622869793
2023-12-01 10:07:54,47.225435930248025,67.66976540624191
2023-12-01 10:07:55,4.404584128293623,30.660477073145724
2023-12-01 10:07:56,2.616022806615875,31.30061649154709
2023-12-01 10:07:57,51.974324605160064,66.40741620966593
2023-12-01 10:07:58,45.0480964876186,60.624677550076925
2023-12-01 10:07:59,46.99919429753061,64.33016693941933
2023-12-01 10:08:00,45.627624541698516,62.68723604437918
2023-12-01 10:08:01,46.68434262042689,74.22175413554002
2023-12-01 10:08:02,48.74372073401779,74.39941480876715
2023-12-01 10:08:03,38.42449968678115,64.08129313495573
2023-12-01 10:08:04,41.03458588029757,66.1135948588272
2023-12-01 10:08:05,36.12876125147425,69.42018355961456
2023-12-01 10:08:06,41.767792120964465,61.43260220367017
2023-12-01 10:08:07,49.36516778456844,59.14283923354742
2023-12-01 10:08:08,43.54295816562064,61.20625520572125
2023-12-01 10:08:09,54.106963977002565,65.34251911928405
2023-12-01 10:08:10,48.29429018970278,63.62641664092353
2023-12-01 10:08:11,46.500233174896884,65.48290763786561
2023-12-01 10:08:12,38.645977569549764,68.89620544477377
2023-12-01 10:08:13,51.08787442195041,65.69967820851802
2023-12-01 10:08:14,44.70770749171298,68.22341735872372
2023-12-01 10:08:15,49.902949105952196,55.87546948379358
2023-12-01 10:08:16,46.510692789518046,62.65902659482106
2023-12-01 10:08:17,47.29448029661785,69.91889396486187
2023-12-01 10:08:18,40.99496994413794,62.52009917720602
2023-12-01 10:08:19,48.693920075592175,63.98243524218998
2023-12-01 10:08:20,44.20905608150588,60.48139136578047
2023-12-01 10:08:21,37.76308356178599,71.4163302876042
2023-12-01 10:08:22,33.82424271278338,75.35535185242857
2023-12-01 10:08:23,46.776857696981146,65.13340469817335
2023-12-01 10:08:24,4.741833354665336,38.89778370889728
2023-12-01 10:08:25,6.607928396138462,26.832361874445663
2023-12-01 10:08:26,4.715567650296025,43.20113977617626
2023-12-01 10:08:27,4.533898991742495,36.31649087069934
2023-12-01 10:08:28,8.71966781232536,41.357903184207736
2023-12-01 10:08:29,2.2720098593503155,32.0394625930926
2023-12-01 10:08:30,5.69210690973271,33.46597089871819
2023-12-01 10:08:31,4.510912177632238,38.85838328326724
2023-12-01 10:08:32,4.62013744931987,42.8891085518108
2023-12-01 10:08:33,3.170567177176249,36.45330892447412
2023-12-01 10:08:34,4.011680415627473,26.661112720176547
2023-12-01 10:08:35,,
2023-12-01 10:08:36,,
2023-12-01 10:08:37,,
2023-12-01 10:08:38,,
2023-12-01 10:08:39,,
2023-12-01 10:08:40,4.723822014345893,38.77061491167545
2023-12-01 10:08:41,4.170815328302774,27.10326376574533
2023-12-01 10:08:42,3.7442986116089196,35.49818924172662
2023-12-01 10:08:43,4.067159669643688,32.011074591195936
2023-12-01 10:08:44,2.365618603841836,35.88364143812834
2023-12-01 10:08:45,5.643445493432793,41.54533446040878
2023-12-01 10:08:46,4.468237962248845,31.69104501536062
2023-12-01 10:08:47,10.156432601818407,41.412777848225716
2023-12-01 10:08:48,3.542513305859596,29.922215162441855
2023-12-01 10:08:49,3.293806456741666,29.62575615321203
2023-12-01 10:08:50,3.227786240360402,36.90316180716165
2023-12-01 10:08:51,6.527270717048578,31.51691141327533
2023-12-01 10:08:52,5.706620899967773,34.06601862184832
2023-12-01 10:08:53,3.55216753388836,37.911355767765016
2023-12-01 10:08:54,3.205208596253036,38.43705760170036
2023-12-01 10:08:55,6.041938656615051,47.93927287285309
2023-12-01 10:08:56,8.305680478783781,38.260648397970506
2023-12-01 10:08:57,3.0647718943262268,32.08354440519632
2023-12-01 10:08:58,2.704045131844792,38.529951729809774
2023-12-01 10:08:59,6.43045310777077,37.37220818591787
2023-12-01 10:09:00,7.570170101900075,28.859315361180855
2023-12-01 10:09:01,5.030693061901422,35.9608467200618
2023-12-01 10:09:02,2.864910664971686,33.25095005984423
2023-12-01 10:09:03,1.2262987297964862,32.7010205822211
2023-12-01 10:09:04,3.329305752772581,34.06205825050285
2023-12-01 10:09:05,9.688071255523838,24.276828328108778
2023-12-01 10:09:06,2.356339123421733,24.541126358947913
2023-12-01 10:09:07,5.562700522495722,32.122559069613
2023-12-01 10:09:08,8.76100757930398,30.63632633777843
2023-12-01 10:09:09,4.39717225282772,29.21348837269389
2023-12-01 10:09:10,4.8698158817574715,33.96849832652178
2023-12-01 10:09:11,6.362978935557376,37.22241754552068
2023-12-01 10:09:12,3.5649466414520816,30.431521295663988
2023-12-01 10:09:13,7.236034545722717,33.32466523233828
2023-12-01 10:09:14,2.870154691940793,32.48833692257556
2023-12-01 10:09:15,2.926221698598579,33.39921318186738
2023-12-01 10:09:16,1.122228866159757,42.048571112277585
2023-12-01 10:09:17,6.421544277087243,32.60450583144882
2023-12-01 10:09:18,4.803820002485912,30.671477219025505
2023-12-01 10:09:19,3.245702110500873,41.094439736934824
2023-12-01 10:09:20,4.858383614119325,36.267909827082924
2023-12-01 10:09:21,5.772796550413396,40.82869397933735
2023-12-01 10:09:22,5.002498501513093,37.448801759536664
2023-12-01 10:09:23,45.83085327187095,63.96769986081769
2023-12-01 10:09:24,39.83083600309248,74.88668567866033
2023-12-01 10:09:25,42.40769229174012,75.32613155408542
2023-12-01 10:09:26,2.115075759428673,32.7204905553446
2023-12-01 10:09:27,7.293006823432945,35.55615701863981
2023-12-01 10:09:28,7.660756856370203,30.587558001202506
2023-12-01 10:09:29,2.7926064373785224,39.28370940875738
2023-12-01 10:09:30,3.9877710807483258,33.13142509879426
2023-12-01 10:09:31,-1.7211953482773446,35.004722653946004
2023-12-01 10:09:32,7.541968697335854,43.75490154740189
2023-12-01 10:09:33,3.6854675023268877,36.836539600398275
2023-12-01 10:09:34,8.177617784483632,35.936385373054414
2023-12-01 10:09:35,8.507886820611368,37.96388630622684
2023-12-01 10:09:36,6.5536646371211145,27.656941835202208
2023-12-01 10:09:37,6.7948099473138965,33.3901915068048
2023-12-01 10:09:38,5.988189757728934,38.82399635212486
2023-12-01 10:09:39,7.140150813418169,33.529216499631005
2023-12-01 10:09:40,4.720317529880339,32.64234478966371
2023-12-01 10:09:41,11.309231003072426,37.13063583799804
2023-12-01 10:09:42,6.406222266535044,38.221502932395516
2023-12-01 10:09:43,5.366931095981297,41.629031389735644
2023-12-01 10:09:44,3.9430692211386456,40.87441190436419
2023-12-01 10:09:45,5.749513172080261,39.84076897386292
2023-12-01 10:09:46,6.060346693551766,29.65779672658243
2023-12-01 10:09:47,7.259920028820742,40.815646069770985
2023-12-01 10:09:48,6.64664949661761,34.61714479637363
2023-12-01 10:09:49,6.2596764035289905,35.165841673033015
2023-12-01 10:09:50,2.6175594612658353,26.153159378689953
2023-12-01 10:09:51,5.4969864708657905,33.33807288095857
2023-12-01 10:09:52,3.468712405543836,34.121309341856474
2023-12-01 10:09:53,7.233138332322566,39.883606195087694
2023-12-01 10:09:54,6.565012769985644,39.99971704319015
2023-12-01 10:09:55,2.7382739058025627,34.32691022977922
2023-12-01 10:09:56,7.048676353986923,31.25932260945707
2023-12-01 10:09:57,2.965968914069095,29.667001040210824
2023-12-01 10:09:58,6.0410488301220795,31.57982923881875
2023-12-01 10:09:59,8.135723834729042,32.975001169202116
2023-12-01 10:10:00,4.8100526844152816,33.20087295403144
2023-12-01 10:10:01,3.4430993830267385,36.92549824460825
2023-12-01 10:10:02,4.461872678128093,29.62315188817205
2023-12-01 10:10:03,3.324502001932422,29.065813657946784
2023-12-01 10:10:04,5.556444042733185,33.0918228667407
2023-12-01 10:10:05,3.3464965570458864,30.20197814498084
2023-12-01 10:10:06,6.742243017055859,35.76710815047729
2023-12-01 10:10:07,5.062377454908594,40.9797745445437
2023-12-01 10:10:08,3.2101719638526527,37.03428370989296
2023-12-01 10:10:09,5.428722192864618,35.15280291688249
2023-12-01 10:10:10,3.9519114981868766,35.188174406593454
2023-12-01 10:10:11,6.005947926884528,34.97913256991491
2023-12-01 10:10:12,3.8520160913851464,32.38259601986749
2023-12-01 10:10:13,2.704837589039576,27.61152733506517
2023-12-01 10:10:14,6.738265853240171,26.943441222741107
2023-12-01 10:10:15,7.069997245288654,36.67426259472544
2023-12-01 10:10:16,4.761179522819572,39.276219495382534
2023-12-01 10:10:17,6.158654772176799,37.336792256311
2023-12-01 10:10:18,4.30409293994738,26.42856843137288
2023-12-01 10:10:19,7.039082470910172,27.03120430683007
2023-12-01 10:10:20,7.2772710562847,40.4673888741743
2023-12-01 10:10:21,5.063972661034508,42.049707822629074
2023-12-01 10:10:22,4.287112194412485,32.69724029818315
2023-12-01 10:10:23,4.606839866489436,34.704920582178964
2023-12-01 10:10:24,6.534650515824556,31.018860467012402
2023-12-01 10:10:25,5.312857071597615,24.77923789979445
2023-12-01 10:10:26,5.020822309000701,32.702347383721964
2023-12-01 10:10:27,3.3926711775612723,33.60159546430068
2023-12-01 10:10:28,4.873038334030423,44.66813712901947
2023-12-01 10:10:29,4.163134929530477,32.847728073758525
2023-12-01 10:10:30,6.7344699374070185,39.428983230638956
2023-12-01 10:10:31,6.821411789727953,32.9389767015234
2023-12-01 10:10:32,1.1648193071676167,36.92157867540584
2023-12-01 10:10:33,5.541742303721832,41.64562791113089
2023-12-01 10:10:34,2.728380082986459,37.18233727520585
2023-12-01 10:10:35,5.659379041786132,27.943379916007082
2023-12-01 10:10:36,5.457073045236408,38.6723302204386
2023-12-01 10:10:37,5.442574881486537,39.470411631616855
2023-12-01 10:10:38,8.989047789802768,40.694728733508896
2023-12-01 10:10:39,3.536184150064237,30.934615294847916
2023-12-01 10:10:40,4.846640964704369,31.881801264329454
2023-12-01 10:10:41,8.006657114004723,38.39850489303151
2023-12-01 10:10:42,40.74989877092071,60.17802320433614
2023-12-01 10:10:43,43.83908360493855,62.66653038780132
2023-12-01 10:10:44,47.00347956966472,64.7986200485893
2023-12-01 10:10:45,40.93243909875757,71.12781872413403
2023-12-01 10:10:46,41.80718025095448,69.96193033119938
2023-12-01 10:10:47,39.690087866935436,63.48020909228253
2023-12-01 10:10:48,46.28555760641627,54.88281639075127
2023-12-01 10:10:49,42.731006805459344,65.56790056185581
2023-12-01 10:10:50,40.226270433628045,63.75960952798183
2023-12-01 10:10:51,41.265401134991144,55.78477634511919
2023-12-01 10:10:52,30.89249657448571,72.5197098675296
2023-12-01 10:10:53,52.257169512185456,72.01608622176606
2023-12-01 10:10:54,46.01180319165462,71.37090069118676
2023-12-01 10:10:55,48.00750310161624,69.12242020901923
2023-12-01 10:10:56,40.63243970418923,62.93498953394992
2023-12-01 10:10:57,48.79816235202783,63.58864367976892
2023-12-01 10:10:58,49.168489766576094,65.32677540829468
2023-12-01 10:10:59,39.994197187873034,62.21158421019477
2023-12-01 10:11:00,48.40089946735698,65.41473521874114
2023-12-01 10:11:01,41.9392864713934,71.55463762659615
2023-12-01 10:11:02,47.610466584975136,60.24132300836115
2023-12-01 10:11:03,45.92379529924643,66.78433884365093
2023-12-01 10:11:04,37.27216456621763,73.1521754409184
2023-12-01 10:11:05,53.42741999017289,60.02777744018087
2023-12-01 10:11:06,45.641278999799226,60.81141225673037
2023-12-01 10:11:07,37.2958926188391,63.241425000632574
2023-12-01 10:11:08,37.490389797725314,63.572455492404025
2023-12-01 10:11:09,52.8227850548403,65.47188459555804
2023-12-01 10:11:10,3.919708725877573,34.995978362319676
2023-12-01 10:11:11,8.293524234867892,36.451824507978856
2023-12-01 10:11:12,6.112045214762359,38.77694029552656
2023-12-01 10:11:13,3.0698171603805893,35.762272147598935
2023-12-01 10:11:14,3.7081999337793636,36.249168760283865
2023-12-01 10:11:15,2.1602122907606187,30.85159727792899
2023-12-01 10:11:16,3.3512138619217477,33.44311666957145
2023-12-01 10:11:17,5.728905437118061,47.11001333722304
2023-12-01 10:11:18,4.052016403954724,40.91474052411066
2023-12-01 10:11:19,6.048905068111116,37.85480065660252
2023-12-01 10:11:20,6.451114344141359,35.09070905184372
2023-12-01 10:11:21,54.65960091621386,70.22629362946408
2023-12-01 10:11:22,44.82451217440833,62.41724323514239
2023-12-01 10:11:23,3.6329023661556965,39.09883189281779
2023-12-01 10:11:24,6.4976844437081605,29.46064248658676
2023-12-01 10:11:25,5.050015344014761,39.64147570856667
2023-12-01 10:11:26,4.317158441217991,32.044548471671874
2023-12-01 10:11:27,6.121679424522373,40.24188916358145
2023-12-01 10:11:28,6.868808940209502,37.80868059294025
2023-12-01 10:11:29,5.076759475977383,32.44384338056652
2023-12-01 10:11:30,7.819564815447762,32.335232359007954
2023-12-01 10:11:31,5.571473974455368,29.059935803483768
2023-12-01 10:11:32,1.7790934519599864,33.731997607813945
2023-12-01 10:11:33,2.7084330583315195,36.5026208230722
2023-12-01 10:11:34,5.369702320750376,36.98763829404101
2023-12-01 10:11:35,3.1690456794023705,36.444128852735965
2023-12-01 10:11:36,2.792284236875853,33.29948367931136
2023-12-01 10:11:37,7.924593552543381,29.72155351460111
2023-12-01 10:11:38,8.476573406167043,38.79826351151481
2023-12-01 10:11:39,8.431605801442554,34.24987975763118
2023-12-01 10:11:40,5.029132744959137,36.10630780411746
2023-12-01 10:11:41,9.347226397210637,30.550085939511337
2023-12-01 10:11:42,4.866028372239717,37.30265591898419
2023-12-01 10:11:43,6.497710996180064,26.118138941920925
2023-12-01 10:11:44,5.0580964710708525,43.56190200248572
2023-12-01 10:11:45,6.138287875516476,30.316810112859518
2023-12-01 10:11:46,6.570945626993446,39.704377081676675
2023-12-01 10:11:47,8.698013965323973,45.853953994323284
2023-12-01 10:11:48,4.500559073909077,30.83495981006672
2023-12-01 10:11:49,6.401299335365537,27.97519455429846
2023-12-01 10:11:50,7.4582016009633865,39.93857653895643
2023-12-01 10:11:51,3.5739995045664856,29.97752854663778
2023-12-01 10:11:52,4.359713023053427,32.79555261923506
2023-12-01 10:11:53,2.154304515350099,38.23195885837242
2023-12-01 10:11:54,4.920372720301394,30.61108326840366
2023-12-01 10:11:55,2.2197610385950592,36.00073459705595
2023-12-01 10:11:56,8.61004255294185,33.323267074230984
2023-12-01 10:11:57,6.254251049447511,32.153800254367546
2023-12-01 10:11:58,7.956375073233175,33.60196273964009
2023-12-01 10:11:59,3.7361660911759,41.41358638563481
2023-12-01 10:12:00,4.342361710425539,31.1824827386523
2023-12-01 10:12:01,8.608252053939196,37.64566797115077
2023-12-01 10:12:02,6.3549021238053625,40.63761727318709
2023-12-01 10:12:03,5.33974875200815,36.08206275646447
2023-12-01 10:12:04,1.7537574402562246,34.20756171897155
2023-12-01 10:12:05,3.9102648867852405,30.40379267109243
2023-12-01 10:12:06,5.589677368027065,37.514051392557285
2023-12-01 10:12:07,7.865463954582125,35.22720139637925
2023-12-01 10:12:08,2.9797357989813404,45.45502248672157
2023-12-01 10:12:09,3.892789272508712,29.792707870438484
2023-12-01 10:12:10,2.94364494412384,26.090964946276124
2023-12-01 10:12:11,6.511415340694432,36.97740371432515
2023-12-01 10:12:12,6.58954458520108,33.11825619741957
2023-12-01 10:12:13,4.358010620838073,29.44036801634338
2023-12-01 10:12:14,4.049032398825523,35.07904608652254
2023-12-01 10:12:15,2.3740802618391106,33.880075128719334
2023-12-01 10:12:16,4.778458244344867,28.062753099510346
2023-12-01 10:12:17,6.192343561081971,32.90035060828113
2023-12-01 10:12:18,-0.37002413347056873,34.36817779747986
2023-12-01 10:12:19,4.511014335538923,34.8528385204491
2023-12-01 10:12:20,5.772119109668229,42.18102082189258
2023-12-01 10:12:21,4.018839332977436,37.29168059881609
2023-12-01 10:12:22,4.145805255198917,37.59274458752095
2023-12-01 10:12:23,4.164198964796973,33.829400115139485
2023-12-01 10:12:24,7.836922438045372,35.440083453293425
2023-12-01 10:12:25,7.730676825450489,25.684668677583815
2023-12-01 10:12:26,7.7100506215653555,33.54252146024736
2023-12-01 10:12:27,5.543849724196503,37.4214494438909
2023-12-01 10:12:28,3.2216125515953102,35.06883069640882
2023-12-01 10:12:29,4.762457510807419,37.64702243082576
2023-12-01 10:12:30,1.8427263113258325,28.284237345043966
2023-12-01 10:12:31,39.062039745653976,70.64274939688814
2023-12-01 10:12:32,6.560392407989089,35.181638313983136
2023-12-01 10:12:33,4.8840928729636826,35.38780956163966
2023-12-01 10:12:34,4.917166904633099,38.193764180949394
2023-12-01 10:12:35,7.40195482429339,28.074545595268553
2023-12-01 10:12:36,5.889067988090269,36.769872516685574
2023-12-01 10:12:37,7.146102259834844,32.66848687458993
2023-12-01 10:12:38,4.543731857235867,36.54750729918301
2023-12-01 10:12:39,5.774064433922405,31.06563935218149
2023-12-01 10:12:40,6.237000931485193,38.34733020628139
2023-12-01 10:12:41,5.28708800720598,31.491741446884244
2023-12-01 10:12:42,4.877991117942459,36.47061728031226
2023-12-01 10:12:43,5.3001054241922105,39.37020094636921
2023-12-01 10:12:44,8.483162452954023,34.15647306121778
2023-12-01 10:12:45,5.832027718913085,38.87945762270104
2023-12-01 10:12:46,6.565759203623713,34.813440250436585
2023-12-01 10:12:47,2.3079384003161025,37.60018778068958
2023-12-01 10:12:48,6.436568425279834,33.84755948299354
2023-12-01 10:12:49,6.002006931867717,38.0079869277038
2023-12-01 10:12:50,6.346954195210739,23.712110612242675
2023-12-01 10:12:51,4.956949455550418,32.396555287325576
2023-12-01 10:12:52,7.859148721245634,31.64260264095289
2023-12-01 10:12:53,3.792251464395747,33.896667022353405
2023-12-01 10:12:54,3.950099985036219,38.14074776612739
2023-12-01 10:12:55,3.8798276180108617,34.42269966856951
2023-12-01 10:12:56,3.3258373845359896,36.071419759246396
2023-12-01 10:12:57,4.500163738116763,32.540919508813666
2023-12-01 10:12:58,4.627426536759288,36.99753280293653
2023-12-01 10:12:59,3.3749098197634977,34.199536887987655
2023-12-01 10:13:00,6.279777850280448,38.360450493315476
2023-12-01 10:13:01,3.529186123793628,33.818142196724715
2023-12-01 10:13:02,3.517861013064792,34.056911414555245
2023-12-01 10:13:03,52.972107404000376,74.29228324633257
2023-12-01 10:13:04,41.218977541756225,70.73351024634358
2023-12-01 10:13:05,4.690439960384375,31.776006419004847
2023-12-01 10:13:06,5.139032022950513,35.507672495969786
2023-12-01 10:13:07,5.776916368830265,42.123309969221005
2023-12-01 10:13:08,7.761289001739921,31.39363406210443
2023-12-01 10:13:09,2.7738863813167844,29.07312467016598
2023-12-01 10:13:10,4.365988886259701,34.10668925860652
2023-12-01 10:13:11,6.795592339994518,41.293732826806554
2023-12-01 10:13:12,4.702620175339826,36.02513471471901
2023-12-01 10:13:13,4.788737837134319,35.740579515631346
2023-12-01 10:13:14,7.3539782682787695,25.552932723355216
2023-12-01 10:13:15,8.290632313316395,37.6786054922775
2023-12-01 10:13:16,,
2023-12-01 10:13:17,,
2023-12-01 10:13:18,,
2023-12-01 10:13:19,,
2023-12-01 10:13:20,,
2023-12-01 10:13:21,,
2023-12-01 10:13:22,,
2023-12-01 10:13:23,,
2023-12-01 10:13:24,,
2023-12-01 10:13:25,,
2023-12-01 10:13:26,,
2023-12-01 10:13:27,52.851280335183006,85.09141673935433
2023-12-01 10:13:28,9.508452615581193,38.917896998736346
2023-12-01 10:13:29,5.3157520677043415,29.00096185714113
2023-12-01 10:13:30,3.514910099000759,39.10308945810076
2023-12-01 10:13:31,4.087949107863814,35.69933757880006
2023-12-01 10:13:32,7.867756167318516,33.397191829683244
2023-12-01 10:13:33,6.103422393890057,44.01442717530503
2023-12-01 10:13:34,7.164245327912053,29.880670987190022
2023-12-01 10:13:35,5.472266721495122,33.52304466202171
2023-12-01 10:13:36,44.27813974499863,65.34836746514686
2023-12-01 10:13:37,8.781660098423615,37.18669323217877
2023-12-01 10:13:38,3.1467777493363425,25.740009784807317
2023-12-01 10:13:39,5.604311747437393,30.343529446113756
2023-12-01 10:13:40,6.102552772607336,32.49655335052198
2023-12-01 10:13:41,6.206607041510219,42.48752594326033
2023-12-01 10:13:42,4.65572116387537,41.51236351255547
2023-12-01 10:13:43,8.244106986821924,34.57327912815364
2023-12-01 10:13:44,4.377046930094429,31.627265943992988
2023-12-01 10:13:45,4.094824008813228,35.00741366285938
2023-12-01 10:13:46,2.9287442184661368,34.823257072142134
2023-12-01 10:13:47,7.974495930353871,37.60792877193889
2023-12-01 10:13:48,1.5526530530535743,33.24894790752633
2023-12-01 10:13:49,0.9188124545160754,30.359705508007337
2023-12-01 10:13:50,6.983608845561525,38.434756120406675
2023-12-01 10:13:51,3.178362861989454,28.592504307158787
2023-12-01 10:13:52,3.8945800509928605,28.027139066972822
2023-12-01 10:13:53,7.565439804698047,38.798857393411495
2023-12-01 10:13:54,5.9930446353345825,40.8966780074515
2023-12-01 10:13:55,5.405087534104422,27.03430442164023
2023-12-01 10:13:56,4.053783201803009,29.114656922310065
2023-12-01 10:13:57,5.560873031029132,35.140808467700396
2023-12-01 10:13:58,6.238791712697646,37.43856849771072
2023-12-01 10:13:59,6.101494517166433,32.72447794639976
2023-12-01 10:14:00,6.241015801091216,34.53875491500689
2023-12-01 10:14:01,4.214343283288753,39.02626742874703
2023-12-01 10:14:02,8.43525966771113,35.986264543723486
2023-12-01 10:14:03,7.625663538973745,36.49055345419653
2023-12-01 10:14:04,2.59598496523939,27.03231302745555
2023-12-01 10:14:05,3.587176866244212,39.56790437256286
2023-12-01 10:14:06,8.584436711618604,33.808081186992005
2023-12-01 10:14:07,4.47852800537349,32.62186090734316
2023-12-01 10:14:08,5.584056867639596,37.68174448022795
2023-12-01 10:14:09,7.363914959081948,27.429228675344277
2023-12-01 10:14:10,5.170804928189983,35.79563916213902
2023-12-01 10:14:11,4.661975176081402,37.19079631925672
2023-12-01 10:14:12,4.733203594437279,36.914058527078154
2023-12-01 10:14:13,4.687284742649108,38.371598784303444
2023-12-01 10:14:14,42.687454017755684,69.30173775353255
2023-12-01 10:14:15,49.16380428841177,67.99787687440677
2023-12-01 10:14:16,48.55660694254395,75.82824876098347
2023-12-01 10:14:17,43.10941761567131,74.232209549502
2023-12-01 10:14:18,49.589113810778414,71.83754569342524
2023-12-01 10:14:19,41.4415300357718,56.5595976250952
2023-12-01 10:14:20,44.45565504195614,63.22949759427783
2023-12-01 10:14:21,46.66043254169743,65.06069112069008
2023-12-01 10:14:22,45.72948052473831,70.81363717978279
2023-12-01 10:14:23,50.31150320346626,70.24916412384505
2023-12-01 10:14:24,40.63222753374244,66.24588410793439
2023-12-01 10:14:25,43.65552289083942,71.77272628572608
2023-12-01 10:14:26,54.538265368677145,68.69707786695837
2023-12-01 10:14:27,41.7368630601692,67.20516052320063
2023-12-01 10:14:28,46.86981182131835,71.92798797658487
2023-12-01 10:14:29,46.61397047062025,62.6212094376078
2023-12-01 10:14:30,40.38426526514625,63.33560501626689
2023-12-01 10:14:31,44.808382649642965,74.41003884847909
2023-12-01 10:14:32,45.971358115854294,63.383661144808684
2023-12-01 10:14:33,41.73774146379258,69.71526863679759
2023-12-01 10:14:34,50.20911765751119,64.26351502648042
2023-12-01 10:14:35,37.30861231982304,66.23184988759478
2023-12-01 10:14:36,42.80061314877429,66.88114462991989
2023-12-01 10:14:37,40.19110871171235,67.57478420132524
2023-12-01 10:14:38,44.38906376961205,57.07949193046276
2023-12-01 10:14:39,37.131610167701965,73.11759145629497
2023-12-01 10:14:40,51.45493206522259,61.153816894664594
2023-12-01 10:14:41,43.520955183890884,58.90561409390871
2023-12-01 10:14:42,46.042371487401155,71.86186984165084
2023-12-01 10:14:43,51.901789219577864,63.398297682257066
2023-12-01 10:14:44,5.59739023309448,39.806658470781265
2023-12-01 10:14:45,3.8529678614053497,39.16004372974157
2023-12-01 10:14:46,9.120227970684113,33.37037754392959
2023-12-01 10:14:47,8.098420802110535,34.822399353682826
2023-12-01 10:14:48,5.732888454975447,40.48230078394151
2023-12-01 10:14:49,5.40292226906146,31.44770888265948
2023-12-01 10:14:50,3.827507634815161,34.03532617290822
2023-12-01 10:14:51,3.5407452310308125,49.01818856442634
2023-12-01 10:14:52,3.5452227661713605,32.61569586610323
2023-12-01 10:14:53,6.523437016938565,41.245690705603096
2023-12-01 10:14:54,9.093613325827427,27.091850428206296
2023-12-01 10:14:55,4.505004077657498,35.22700430976478
2023-12-01 10:14:56,6.093319558708785,43.23409649956052
2023-12-01 10:14:57,5.599836394596896,40.90520285445945
2023-12-01 10:14:58,7.618825923306293,40.47836934813948
2023-12-01 10:14:59,2.319006544422707,30.386890421611962
2023-12-01 10:15:00,3.5633932513271094,39.8846858196961
2023-12-01 10:15:01,3.0778079515783894,33.09179872916482
2023-12-01 10:15:02,4.103670459360763,36.974229798039254
2023-12-01 10:15:03,7.233515081444059,27.5970546037402
2023-12-01 10:15:04,1.3681386252718113,33.68602112431146
2023-12-01 10:15:05,5.39666744436914,26.916193809826574
2023-12-01 10:15:06,3.48669236046931,33.96145487860974
2023-12-01 10:15:07,3.1338125148685285,36.96467713406641
2023-12-01 10:15:08,4.906534565489758,34.12467452779394
2023-12-01 10:15:09,4.531605382743887,29.853821839000254
2023-12-01 10:15:10,5.343082637907723,40.21771403654261
2023-12-01 10:15:11,6.595681292084796,33.43828511887493
2023-12-01 10:15:12,3.7505625926596617,33.31540398349964
2023-12-01 10:15:13,10.360010183046317,29.61185903369435
2023-12-01 10:15:14,5.143897707569373,29.21950559319817
2023-12-01 10:15:15,7.815484736910292,20.86566081351169
2023-12-01 10:15:16,7.688708728836137,27.70887327392588
2023-12-01 10:15:17,5.1300242709407415,35.621326678881786
2023-12-01 10:15:18,5.631966413807245,32.81077167156951
2023-12-01 10:15:19,7.0908699048273744,42.54873010706761
2023-12-01 10:15:20,4.466115939556629,40.42373171396856
2023-12-01 10:15:21,1.6667554962890896,42.06436756262024
2023-12-01 10:15:22,3.952487040307207,33.20596598868165
2023-12-01 10:15:23,3.994569903767478,44.75744051542452
2023-12-01 10:15:24,7.697841231895447,33.31666389131917
2023-12-01 10:15:25,6.344375599725275,38.57223215175111
2023-12-01 10:15:26,4.108012306357236,32.14437417637602
2023-12-01 10:15:27,8.128727095660816,36.34174515258283
2023-12-01 10:15:28,2.62795417496793,27.139374667130294
2023-12-01 10:15:29,2.1041521170982294,33.12434954837894
2023-12-01 10:15:30,3.819207620709956,40.68367578172764
2023-12-01 10:15:31,2.3709336655317674,39.48538949118469
2023-12-01 10:15:32,5.138355805787773,36.57560923589082
2023-12-01 10:15:33,7.394447981169389,35.77199991329841
2023-12-01 10:15:34,,
2023-12-01 10:15:35,,
2023-12-01 10:15:36,,
2023-12-01 10:15:37,,
2023-12-01 10:15:38,,
2023-12-01 10:15:39,,
2023-12-01 10:15:40,2.907294086108048,34.40851235991928
2023-12-01 10:15:41,2.6583986926799303,22.218236250988497
2023-12-01 10:15:42,,
2023-12-01 10:15:43,,
2023-12-01 10:15:44,,
2023-12-01 10:15:45,,
2023-12-01 10:15:46,,
2023-12-01 10:15:47,,
2023-12-01 10:15:48,,
2023-12-01 10:15:49,,
2023-12-01 10:15:50,,
2023-12-01 10:15:51,4.510088139148739,39.4356848942139
2023-12-01 10:15:52,1.975261243473918,34.29555101215292
2023-12-01 10:15:53,4.62686000593794,26.185724331558568
2023-12-01 10:15:54,11.813375766441494,37.71125717996182
2023-12-01 10:15:55,6.4874550130544755,33.25697932378389
2023-12-01 10:15:56,5.305236644936382,42.421630071498036
2023-12-01 10:15:57,6.457228721928192,33.6751762149949
2023-12-01 10:15:58,3.186697074212801,33.95236549114231
2023-12-01 10:15:59,4.469707241678006,33.84351404206358
2023-12-01 10:16:00,5.038754066261205,36.601695266370015
2023-12-01 10:16:01,4.198661103623158,34.18870559632105
2023-12-01 10:16:02,4.577159029212843,32.71388223844638
2023-12-01 10:16:03,7.65278495957927,35.239435509581476
2023-12-01 10:16:04,6.214077982988903,36.30747593348104
2023-12-01 10:16:05,,
2023-12-01 10:16:06,,
2023-12-01 10:16:07,,
2023-12-01 10:16:08,,
2023-12-01 10:16:09,,
2023-12-01 10:16:10,,
2023-12-01 10:16:11,,
2023-12-01 10:16:12,,
2023-12-01 10:16:13,,
2023-12-01 10:16:14,,
2023-12-01 10:16:15,5.505714408230164,37.37007322282004
2023-12-01 10:16:16,5.851121867999713,34.41933942051004
2023-12-01 10:16:17,4.637892882922919,37.51956451956323
2023-12-01 10:16:18,4.9500529589890805,33.973817266869275
2023-12-01 10:16:19,6.553217295891177,32.45282040914564
2023-12-01 10:16:20,6.209229394520188,43.92739817693697
2023-12-01 10:16:21,4.116248848156041,35.218671697008844
2023-12-01 10:16:22,4.773698739398624,30.253326434923256
2023-12-01 10:16:23,7.607807190015432,28.996431797482582
2023-12-01 10:16:24,4.523582571332144,34.474314209010274
2023-12-01 10:16:25,4.4840997026327125,40.77846978219148
2023-12-01 10:16:26,4.298716853887456,26.164118861072833
2023-12-01 10:16:27,4.153423589447822,35.422188535115495
2023-12-01 10:16:28,4.432614717912667,39.42101266634812
2023-12-01 10:16:29,5.892676293250275,40.18405805848356
2023-12-01 10:16:30,4.134375898284372,31.845305357385175
2023-12-01 10:16:31,8.41765314104462,27.186741830403086
2023-12-01 10:16:32,1.4622115472627573,29.46733097545225
2023-12-01 10:16:33,4.37867654292163,32.67282626621875
2023-12-01 10:16:34,5.0989986102469125,30.62354795299376
2023-12-01 10:16:35,6.245533585240348,31.3998557489637
2023-12-01 10:16:36,4.317814833327829,35.15700160467916
2023-12-01 10:16:37,5.5053352469223364,43.735177909229634
2023-12-01 10:16:38,4.319511507804115,35.539816155229126
2023-12-01 10:16:39,50.25185914023222,73.819161289693
2023-12-01 10:16:40,3.3683139469446326,39.27283139389482
2023-12-01 10:16:41,1.1142644822254621,42.359469654547595
2023-12-01 10:16:42,3.155801263545265,38.24722473844012
2023-12-01 10:16:43,5.145743971486851,42.31531815945366
2023-12-01 10:16:44,4.1297535505127145,32.6198799397393
2023-12-01 10:16:45,4.212009289672926,33.170404428619165
2023-12-01 10:16:46,1.5214304742633273,32.25186359783961
2023-12-01 10:16:47,7.853076209540488,33.16093087921071
2023-12-01 10:16:48,3.1473531782699915,27.73737334745282
2023-12-01 10:16:49,7.994735963895202,32.97422606156086
2023-12-01 10:16:50,4.15539859627422,34.84078356676471
2023-12-01 10:16:51,7.095946653452458,38.89927581049533
2023-12-01 10:16:52,1.52223658287721,36.663477951162626
2023-12-01 10:16:53,5.103210471406284,43.0781349288461
2023-12-01 10:16:54,5.580060487398913,33.08447532845274
2023-12-01 10:16:55,0.8410391062661962,41.096455131518134
2023-12-01 10:16:56,2.2291413182984794,40.75962372238465
2023-12-01 10:16:57,8.204002410781507,32.90678557281044
2023-12-01 10:16:58,5.678621064018343,33.06464405737485
2023-12-01 10:16:59,8.516554206962823,33.21346293198292
2023-12-01 10:17:00,3.551992476724176,46.04930931937621
2023-12-01 10:17:01,4.824436104568842,29.57043264287168
2023-12-01 10:17:02,5.517605252396311,41.93417272774592
2023-12-01 10:17:03,3.051670774492044,39.290814007325814
2023-12-01 10:17:04,11.199447742732692,32.2629923924468
2023-12-01 10:17:05,6.2487985300935875,29.261886720518
2023-12-01 10:17:06,5.347876912144203,34.13895809352752
2023-12-01 10:17:07,5.163772079286473,34.55784159873436
2023-12-01 10:17:08,45.79238376926624,69.7310598467744
2023-12-01 10:17:09,4.415617464808091,36.40809852077235
2023-12-01 10:17:10,2.205823406384571,36.642805324069926
2023-12-01 10:17:11,5.010395375615072,39.95701955910884
2023-12-01 10:17:12,1.4333630025308906,37.894149654328274
2023-12-01 10:17:13,2.3033564729972653,33.11263061517479
2023-12-01 10:17:14,8.9142711507064,36.929149955813294
2023-12-01 10:17:15,9.150615027941956,35.562372456546434
2023-12-01 10:17:16,46.421095947454674,75.19372731358342
2023-12-01 10:17:17,55.762029905135705,73.01991197645813
2023-12-01 10:17:18,48.96247437486639,64.61040382623594
2023-12-01 10:17:19,5.289925403996248,33.209483796038406
2023-12-01 10:17:20,4.041087922565937,36.98687574134884
2023-12-01 10:17:21,8.24637795479694,27.318876114403302
2023-12-01 10:17:22,4.892268171901568,38.07088842021672
2023-12-01 10:17:23,7.352546480889114,29.13230252543345
2023-12-01 10:17:24,6.443678142642414,39.67995650806129
2023-12-01 10:17:25,6.958418956534088,36.7109964414397
2023-12-01 10:17:26,7.28335685121017,33.64471638111731
2023-12-01 10:17:27,4.221116861652433,41.047329703124454
2023-12-01 10:17:28,5.4715774649983775,35.66516879211222
2023-12-01 10:17:29,3.2086004282367,40.445365071313276
2023-12-01 10:17:30,4.640814856687761,31.73989254097165
2023-12-01 10:17:31,3.138757976737792,35.23068282887104
2023-12-01 10:17:32,6.601286188531721,32.05298479836092
2023-12-01 10:17:33,3.5019693153533877,35.71130740121315
2023-12-01 10:17:34,5.817426499165972,37.50524781081508
2023-12-01 10:17:35,2.9792912111800587,31.831035771193832
2023-12-01 10:17:36,4.209954827094097,37.46249653609029
2023-12-01 10:17:37,5.658625250006727,35.32253070219442
2023-12-01 10:17:38,3.974904617810391,38.22300842440671
2023-12-01 10:17:39,4.156225542950047,34.91413941785496
2023-12-01 10:17:40,2.9660590534326916,29.160750465960987
2023-12-01 10:17:41,5.021059540199556,24.39379874422438
2023-12-01 10:17:42,2.6185350529682894,39.2544334252786
2023-12-01 10:17:43,4.344498040196394,35.45060349934816
2023-12-01 10:17:44,3.372131590367889,39.165872051925064
2023-12-01 10:17:45,,
2023-12-01 10:17:46,,
2023-12-01 10:17:47,,
2023-12-01 10:17:48,,
2023-12-01 10:17:49,,
2023-12-01 10:17:50,,
2023-12-01 10:17:51,,
2023-12-01 10:17:52,5.72504823967066,40.28650819991694
2023-12-01 10:17:53,2.234344141461396,32.67255168036366
2023-12-01 10:17:54,4.939358157300025,38.648851594858726
2023-12-01 10:17:55,5.717368791508506,32.072437274297315
2023-12-01 10:17:56,1.47710738938403,30.990831602767983
2023-12-01 10:17:57,4.544852809520241,30.275504219427624
2023-12-01 10:17:58,6.137342842515392,29.761230285930065
2023-12-01 10:17:59,2.1003152700810173,39.20563144570056
2023-12-01 10:18:00,8.003185746546158,32.206668017860615
2023-12-01 10:18:01,4.903511365826155,40.15925979760395
2023-12-01 10:18:02,3.5338422389745485,36.29412316261942
2023-12-01 10:18:03,3.6185823779529454,35.06418005827231
2023-12-01 10:18:04,9.238624585701574,36.64574536037161
2023-12-01 10:18:05,2.0556883037543754,32.735263073889335
2023-12-01 10:18:06,3.6714197567928615,17.352183992859185
2023-12-01 10:18:07,5.446794686411699,33.584409896587104
2023-12-01 10:18:08,6.648619687337134,32.11670473621726
2023-12-01 10:18:09,3.4161975260087423,27.389780721369107
2023-12-01 10:18:10,7.133875230410386,37.758156281015566
2023-12-01 10:18:11,4.2579380537991875,25.561433719865015
2023-12-01 10:18:12,7.939759225220917,30.851070021734472
2023-12-01 10:18:13,9.491726535869393,32.404616433786266
2023-12-01 10:18:14,5.87782141305609,30.11573851028015
2023-12-01 10:18:15,2.23257824237963,34.94292619844317
2023-12-01 10:18:16,5.680315539718248,43.252306293574556
2023-12-01 10:18:17,5.612847418771616,33.74370859700839
2023-12-01 10:18:18,5.440690885564703,39.36933122890364
2023-12-01 10:18:19,3.0752458736771473,22.069041729649115
2023-12-01 10:18:20,4.738899296210597,39.16000266936978
2023-12-01 10:18:21,4.86137768788879,36.61858167893023
2023-12-01 10:18:22,5.523790405057308,40.735059690371486
2023-12-01 10:18:23,4.384814727260039,36.280115298526205
2023-12-01 10:18:24,,
2023-12-01 10:18:25,,
2023-12-01 10:18:26,,
2023-12-01 10:18:27,,
2023-12-01 10:18:28,,
2023-12-01 10:18:29,,
2023-12-01 10:18:30,6.2797036523151295,38.94633715403084
2023-12-01 10:18:31,7.9482247213242685,33.81681271842265
2023-12-01 10:18:32,5.768402433528837,38.053302246115024
2023-12-01 10:18:33,4.983516526414553,29.131266733469225
2023-12-01 10:18:34,8.246369770894862,33.3555824631765
2023-12-01 10:18:35,6.9541253706151185,31.185827161266914
2023-12-01 10:18:36,3.948387583880366,33.17340880918795
2023-12-01 10:18:37,5.194478385098082,31.03129098592455
2023-12-01 10:18:38,6.211244769735987,26.996963990119458
2023-12-01 10:18:39,2.9170715118249397,38.93022596722632
2023-12-01 10:18:40,6.343306832058491,34.25236004103644
2023-12-01 10:18:41,3.509188635974339,35.558225989287436
2023-12-01 10:18:42,8.531046425769798,30.23168999648983
2023-12-01 10:18:43,4.24160377242594,29.039384618604856
2023-12-01 10:18:44,4.530034988278873,37.67964735721843
2023-12-01 10:18:45,8.08951324262257,43.91306513742866
2023-12-01 10:18:46,3.936095651745326,34.40464350695919
2023-12-01 10:18:47,0.7119723703003116,49.03476208958229
2023-12-01 10:18:48,2.8175774187081117,40.03196463683046
2023-12-01 10:18:49,7.803895023132749,45.636613844858005
2023-12-01 10:18:50,45.742969104185775,70.04731051168729
2023-12-01 10:18:51,1.4796921759752304,34.318499639037526
2023-12-01 10:18:52,8.30164611480425,32.37641389926946
2023-12-01 10:18:53,5.869907050740923,37.80173863737274
2023-12-01 10:18:54,6.957701605344997,29.174454069688473
2023-12-01 10:18:55,8.203643228883928,33.60025577739551
2023-12-01 10:18:56,7.089948759896476,40.76865091842439
2023-12-01 10:18:57,2.9812063410862164,40.81021912179581
2023-12-01 10:18:58,4.3637980354585215,32.67521524980777
2023-12-01 10:18:59,4.016871939484251,29.016212199713557
2023-12-01 10:19:00,6.921472279151596,30.961220821760186
2023-12-01 10:19:01,4.139780872166879,36.120336928474764
2023-12-01 10:19:02,3.4213888043222385,35.67869900085909
2023-12-01 10:19:03,3.3985538682479444,28.132034466323454
2023-12-01 10:19:04,6.718622112749252,42.73579791056121
2023-12-01 10:19:05,4.452709037726503,33.00728995099286
2023-12-01 10:19:06,11.24243106384969,34.430667454933634
2023-12-01 10:19:07,1.243757668336619,35.319583641452915
2023-12-01 10:19:08,2.2338663119859143,30.533603630206798
2023-12-01 10:19:09,6.484139807073253,33.12113265713199
2023-12-01 10:19:10,5.700667235892052,25.2356222679914
2023-12-01 10:19:11,6.7767541253945645,31.67513783819405
2023-12-01 10:19:12,44.353500418988695,77.06443348936234
2023-12-01 10:19:13,2.6274928249701675,30.805721145973372
2023-12-01 10:19:14,5.661669807081036,39.849306773042215
2023-12-01 10:19:15,6.60140733714499,34.64951164927452
2023-12-01 10:19:16,7.748194972633989,31.689875888373837
2023-12-01 10:19:17,6.672626581002582,33.05125849501145
2023-12-01 10:19:18,4.173895456049948,40.2648566689602
2023-12-01 10:19:19,4.53837042645579,34.113287345139796
2023-12-01 10:19:20,5.627007740703673,37.66631022699851
2023-12-01 10:19:21,3.118353221342199,38.408750462293206
2023-12-01 10:19:22,1.820517514917165,34.08771611596914
2023-12-01 10:19:23,2.5829751119727193,34.00062926198751
2023-12-01 10:19:24,4.731847033807854,36.435555170915066
2023-12-01 10:19:25,5.843902893970688,25.160117930454412
2023-12-01 10:19:26,5.2057684563369016,33.90146238657731
2023-12-01 10:19:27,9.67298942538942,32.98782824116025
2023-12-01 10:19:28,1.302642724438745,33.29400741515727
2023-12-01 10:19:29,5.559566242368543,28.00094995890857
2023-12-01 10:19:30,6.911089261710024,31.71655886508429
2023-12-01 10:19:31,5.310462886954962,40.468587124461735
2023-12-01 10:19:32,1.1776086930682093,28.800031610444467
2023-12-01 10:19:33,6.01324740463112,43.96422161073217
2023-12-01 10:19:34,9.717882226631996,40.53380353257723
2023-12-01 10:19:35,1.8231510898433676,26.483310246868704
2023-12-01 10:19:36,8.079730987538943,33.28811419502364
2023-12-01 10:19:37,6.335159416719925,35.60405316533881
2023-12-01 10:19:38,3.1130176587234013,38.9253780497229
2023-12-01 10:19:39,6.693224235668724,34.606410442810606
2023-12-01 10:19:40,5.1931941249025515,34.348310687361085
2023-12-01 10:19:41,5.229458819422122,36.41014125818287
2023-12-01 10:19:42,3.2820637187272848,28.235218200380224
2023-12-01 10:19:43,5.87975001089554,38.43221057372284
2023-12-01 10:19:44,5.757549424766151,30.43443874025069
2023-12-01 10:19:45,6.419276071298563,39.62555387357485
2023-12-01 10:19:46,8.074737774300122,38.847017570203846
2023-12-01 10:19:47,5.579307218548416,41.86466829038144
2023-12-01 10:19:48,4.358702729970911,36.03568098535592
2023-12-01 10:19:49,2.0657088758343054,42.272120632328026
2023-12-01 10:19:50,8.39472291448831,32.36450173828616
2023-12-01 10:19:51,3.6708829649306907,31.785990836088036
2023-12-01 10:19:52,5.573216036077478,27.99079262338128
2023-12-01 10:19:53,6.224390775510587,24.83058125137493
2023-12-01 10:19:54,7.389320562806375,44.78077061164149
2023-12-01 10:19:55,6.020536919422349,31.76901899214154
2023-12-01 10:19:56,4.700439491530138,33.72307561074877
2023-12-01 10:19:57,6.31310799398265,34.11015069296881
2023-12-01 10:19:58,6.012876476243605,33.82131131288559
2023-12-01 10:19:59,4.908908078024413,30.320244293997796
2023-12-01 10:20:00,7.009895320292487,28.281336346167198
2023-12-01 10:20:01,5.751886523458767,29.94512817791841
2023-12-01 10:20:02,6.347552395839214,40.055102988402254
2023-12-01 10:20:03,10.030752121538109,34.47860927816373
2023-12-01 10:20:04,4.8632309997687955,33.67000351993699
2023-12-01 10:20:05,4.999215866963017,38.15150001827416
2023-12-01 10:20:06,2.1638772372594652,45.93265463720026
2023-12-01 10:20:07,4.131720558914779,32.54041182703159
2023-12-01 10:20:08,7.0749184146019415,35.32832794446458
2023-12-01 10:20:09,0.812384925033478,35.90443717696317
2023-12-01 10:20:10,9.172598998823727,29.136012018868463
2023-12-01 10:20:11,4.382097789220966,35.107066426723186
2023-12-01 10:20:12,5.112618132908531,51.031808062615035
2023-12-01 10:20:13,1.7970129762179923,33.74211079787769
2023-12-01 10:20:14,3.8123856310435036,37.004584637810055
2023-12-01 10:20:15,2.3799738815807037,45.97640287205425
2023-12-01 10:20:16,3.7034925401538694,34.85880876682426
2023-12-01 10:20:17,6.71136184948239,41.146760861655146
2023-12-01 10:20:18,2.898408043098569,33.98666039173284
2023-12-01 10:20:19,3.776559754978943,33.39412299832569
2023-12-01 10:20:20,8.690209244743754,36.893963647597324
2023-12-01 10:20:21,5.8332155568670325,34.45794263218156
2023-12-01 10:20:22,2.8518521361834432,36.68078713977644
2023-12-01 10:20:23,7.150683732463584,33.19025349254442
2023-12-01 10:20:24,9.69591852865144,27.167311773938778
2023-12-01 10:20:25,4.198866053888441,31.415643049250164
2023-12-01 10:20:26,2.1311282202875534,30.63017545727607
2023-12-01 10:20:27,4.449120878217588,39.439857224071716
2023-12-01 10:20:28,4.405905273634184,28.45330171915713
2023-12-01 10:20:29,4.2022067010464434,33.70077607668417
2023-12-01 10:20:30,8.12769434824064,35.35617314154783
2023-12-01 10:20:31,3.900527422979863,31.52725699636985
2023-12-01 10:20:32,7.282655012122099,31.38714841311617
2023-12-01 10:20:33,11.341144312161397,27.600297153390784
2023-12-01 10:20:34,7.430560625467321,34.473894132408034
2023-12-01 10:20:35,5.382009939720502,30.339620995741114
2023-12-01 10:20:36,2.6142875819995406,35.10003514019533
2023-12-01 10:20:37,7.735708177062621,28.754726657120685
2023-12-01 10:20:38,5.504764648669963,35.73819111188303
2023-12-01 10:20:39,6.853256572439273,32.69330932254782
2023-12-01 10:20:40,3.9429845803498775,37.59811193260625
2023-12-01 10:20:41,7.203918909157929,28.889522944683062
2023-12-01 10:20:42,2.514439238482662,38.94623034161463
2023-12-01 10:20:43,4.105507120533998,31.932856963846397
2023-12-01 10:20:44,8.415464207894606,37.25598376012941
2023-12-01 10:20:45,6.649090447210471,29.130979641942922
2023-12-01 10:20:46,1.5401046921406571,27.093007661264632
2023-12-01 10:20:47,3.7667844542997475,37.91136868252131
2023-12-01 10:20:48,4.910973174171924,34.309780022207185
2023-12-01 10:20:49,6.367036758227673,37.551846247706834
2023-12-01 10:20:50,3.1285416275081634,32.37328235994232
2023-12-01 10:20:51,7.774383721095436,43.50343346357945
2023-12-01 10:20:52,4.100053444187133,35.397164359247725
2023-12-01 10:20:53,4.509703728600143,38.81073258121857
2023-12-01 10:20:54,7.408146443535008,38.92373247306238
2023-12-01 10:20:55,5.523660584657971,33.04713647420088
2023-12-01 10:20:56,3.660478666455357,38.00928951135883
2023-12-01 10:20:57,6.188221702124914,26.58346013005143
2023-12-01 10:20:58,4.30708141419595,31.52441048769239
2023-12-01 10:20:59,4.253222965762818,29.723920429391057
2023-12-01 10:21:00,2.899514092882467,32.64375986726877
2023-12-01 10:21:01,6.184075330534897,38.53756381447777
2023-12-01 10:21:02,5.548787741313516,38.743420544184424
2023-12-01 10:21:03,6.200696150396085,34.02990157230807
2023-12-01 10:21:04,6.990545044598479,29.271228752918596
2023-12-01 10:21:05,1.0823770839457167,36.08873538366797
2023-12-01 10:21:06,5.449760688281648,37.119847554451404
2023-12-01 10:21:07,5.133489543163992,32.73178023308984
2023-12-01 10:21:08,4.541840690854962,33.97559096397243
2023-12-01 10:21:09,4.577419737745486,36.00729529924685
2023-12-01 10:21:10,41.593410479409165,68.05238109177691
2023-12-01 10:21:11,1.4851004007243747,35.41555757519061
2023-12-01 10:21:12,5.388509397592244,31.869925115483504
2023-12-01 10:21:13,5.023063029923851,34.99492121636936
2023-12-01 10:21:14,4.09156043835591,32.951909690866536
2023-12-01 10:21:15,3.9782804915793255,35.73668650969629
2023-12-01 10:21:16,8.068197466905264,30.314375855415946
2023-12-01 10:21:17,1.519393198195016,40.6429206485449
2023-12-01 10:21:18,4.522051428615847,26.343916518839197
2023-12-01 10:21:19,7.493809433154363,44.28533818307271
2023-12-01 10:21:20,1.7233206625029438,36.160661404004024
2023-12-01 10:21:21,4.823769660871362,23.811239789821432
2023-12-01 10:21:22,1.840598801049644,31.076008303931935
2023-12-01 10:21:23,3.9023934818345456,32.06739990936939
2023-12-01 10:21:24,3.3394133549242273,35.08843113506094
2023-12-01 10:21:25,6.777545668734209,34.42192758623591
2023-12-01 10:21:26,3.884821734199404,29.45305497147531
2023-12-01 10:21:27,7.665178107708487,47.233994723308584
2023-12-01 10:21:28,7.255614875131964,33.053757842782794
2023-12-01 10:21:29,8.013590469592916,25.402904172559694
2023-12-01 10:21:30,5.622654625860532,38.71546273526421
2023-12-01 10:21:31,5.642158502472793,38.379890461400805
2023-12-01 10:21:32,6.5592593092435125,40.678071489945815
2023-12-01 10:21:33,4.641434108130975,39.29626846854568
2023-12-01 10:21:34,2.7746130011415135,39.69057503364951
2023-12-01 10:21:35,3.167852412952098,29.043348105836422
2023-12-01 10:21:36,5.75106543559144,41.13904705602586
2023-12-01 10:21:37,6.157592641111664,37.98408411794739
2023-12-01 10:21:38,3.9679818574354693,35.62988601722264
2023-12-01 10:21:39,2.6497513627087868,41.28835227372993
2023-12-01 10:21:40,2.78284159878493,43.19064647099486
2023-12-01 10:21:41,5.9842289099549175,29.23845146846462
2023-12-01 10:21:42,5.997389186849219,33.43081180397447
2023-12-01 10:21:43,6.264254756184402,36.353290801719936
2023-12-01 10:21:44,6.9570218044555965,33.42057694171488
2023-12-01 10:21:45,6.588581941287664,31.935912902012408
2023-12-01 10:21:46,1.4867913645124107,31.918028595342477
2023-12-01 10:21:47,7.325311681862523,34.588324167749604
2023-12-01 10:21:48,3.2866897486253634,43.3410429662501
2023-12-01 10:21:49,4.251872842769295,37.01357530107282
2023-12-01 10:21:50,0.5725065785949397,38.718137034741616
2023-12-01 10:21:51,3.6671228247054337,28.65774166355903
2023-12-01 10:21:52,3.5250961334659876,41.67013450446915
2023-12-01 10:21:53,4.267591375112907,33.150217401422665
2023-12-01 10:21:54,8.78270804103699,39.10813165271695
2023-12-01 10:21:55,6.665541565212783,32.740254557857504
2023-12-01 10:21:56,6.680139885948805,37.617757565819666
2023-12-01 10:21:57,5.836503490118278,20.47384676457004
2023-12-01 10:21:58,5.4643845748559325,33.66991559781095
2023-12-01 10:21:59,4.6466087861299075,37.23456378750224
2023-12-01 10:22:00,2.1698487231036854,35.216039479449066
2023-12-01 10:22:01,4.914390515595221,27.963511461440945
2023-12-01 10:22:02,4.0573556795755,41.02834367254585
2023-12-01 10:22:03,10.32001669115532,33.4188551440256
2023-12-01 10:22:04,51.022242959657234,64.11166726623986
2023-12-01 10:22:05,45.825653322033325,69.59541273749231
2023-12-01 10:22:06,46.78240092672297,66.99377096030096
2023-12-01 10:22:07,5.994918497301982,40.30091061489315
2023-12-01 10:22:08,2.4714192098432024,28.369369015646644
2023-12-01 10:22:09,6.520991724074113,39.28867775279568
2023-12-01 10:22:10,8.437864062304662,29.36643803014855
2023-12-01 10:22:11,6.2481041596513105,43.52251937445312
2023-12-01 10:22:12,8.217991476872067,29.46275310125191
2023-12-01 10:22:13,5.890805946303843,36.529371620279505
2023-12-01 10:22:14,8.355504397251416,35.97864227899347
2023-12-01 10:22:15,3.077782823899155,34.69003037223355
2023-12-01 10:22:16,7.45501389804677,30.237202036775297
2023-12-01 10:22:17,4.393802630901625,32.030876349187764
2023-12-01 10:22:18,7.272863401602208,37.91641946575005
2023-12-01 10:22:19,7.530174271481458,34.785522444507194
2023-12-01 10:22:20,6.088690780045443,39.52790370263078
2023-12-01 10:22:21,4.644643390802385,31.50770832197691
2023-12-01 10:22:22,3.9297074564085808,23.160193510151437
2023-12-01 10:22:23,39.69430079884633,68.08281226589907
2023-12-01 10:22:24,49.58313929382276,65.53584591641467
2023-12-01 10:22:25,6.980981745028716,44.3883262708018
2023-12-01 10:22:26,10.816235630772955,36.16032084097004
2023-12-01 10:22:27,5.045734019716306,28.325504116295825
2023-12-01 10:22:28,5.1381223098580575,36.26853399748949
2023-12-01 10:22:29,4.634003991387165,38.736911383793355
2023-12-01 10:22:30,5.052137132711024,31.40841190587118
2023-12-01 10:22:31,3.5422232022539974,32.89640639555547
2023-12-01 10:22:32,7.563387401907715,31.046657450266032
2023-12-01 10:22:33,6.9177563412950285,41.385786192168545
2023-12-01 10:22:34,6.4070311667857265,33.04969376218269
2023-12-01 10:22:35,5.395061280034556,35.067096186813274
2023-12-01 10:22:36,7.842725724380427,40.05962395229781
2023-12-01 10:22:37,6.063973748038013,33.23806679911664
2023-12-01 10:22:38,2.8631024357482118,36.43067991656145
2023-12-01 10:22:39,5.2718952686834655,30.534289369489755
2023-12-01 10:22:40,8.241329120602408,41.201150674684285
2023-12-01 10:22:41,2.5617106703606893,37.19739387242378
2023-12-01 10:22:42,5.888751899097232,39.80283366284478
2023-12-01 10:22:43,4.4267784772183285,34.93544396595864
2023-12-01 10:22:44,3.4240592354797794,39.55536289367871
2023-12-01 10:22:45,5.457097858414215,31.72585076749015
2023-12-01 10:22:46,7.4388412124807015,37.64994752029823
2023-12-01 10:22:47,6.329545740558461,28.078809610571376
2023-12-01 10:22:48,6.0935528842171065,42.61941026830391
2023-12-01 10:22:49,8.0023354711376,41.90976560496586
2023-12-01 10:22:50,8.901006629396939,33.8153335850898
2023-12-01 10:22:51,3.9186752426699383,27.747906361327722
2023-12-01 10:22:52,4.818411714734839,39.5798312982199
2023-12-01 10:22:53,1.636961385222527,25.04843674312042
2023-12-01 10:22:54,3.1555646122930487,39.04300502137027
2023-12-01 10:22:55,5.485424709546423,38.999923774345
2023-12-01 10:22:56,3.7675859791179684,29.56584067033373
2023-12-01 10:22:57,4.816537223390539,35.72848591446406
2023-12-01 10:22:58,6.249967966263131,41.99485787832102
2023-12-01 10:22:59,6.966457710465104,42.50544848419345
2023-12-01 10:23:00,2.536209081234381,39.16196697158366
2023-12-01 10:23:01,2.5475472647533874,37.97447866007025
2023-12-01 10:23:02,3.57951039213108,41.00964241937712
2023-12-01 10:23:03,8.169484659049767,35.818114753701394
2023-12-01 10:23:04,6.770953806973239,44.00673004965738
2023-12-01 10:23:05,6.099314942373001,35.37386880467536
2023-12-01 10:23:06,6.9864650052507145,35.933932470459794
2023-12-01 10:23:07,10.195756632890216,31.04970644880363
2023-12-01 10:23:08,6.970692032718766,37.475822576941155
2023-12-01 10:23:09,9.280444504003164,35.809841299275284
2023-12-01 10:23:10,4.588711018257515,32.1853960659986
2023-12-01 10:23:11,45.17135020105745,75.951959062891
2023-12-01 10:23:12,52.540132131714586,68.65388487287616
2023-12-01 10:23:13,6.093179109267851,40.25666412422411
2023-12-01 10:23:14,5.0470538828432225,38.38600777256295
2023-12-01 10:23:15,5.666164004715306,28.471605856909004
2023-12-01 10:23:16,4.077372979801735,31.688844900210764
2023-12-01 10:23:17,7.746452129149373,33.763420796028356
2023-12-01 10:23:18,,
2023-12-01 10:23:19,,
2023-12-01 10:23:20,,
2023-12-01 10:23:21,,
2023-12-01 10:23:22,7.943392714307156,40.3731918979072
2023-12-01 10:23:23,4.40324384567896,34.38397435373121
2023-12-01 10:23:24,7.058030048789787,31.783442648371405
2023-12-01 10:23:25,3.7012393885361536,43.37071040199383
2023-12-01 10:23:26,8.679912953259404,38.14116416375009
2023-12-01 10:23:27,3.4686735647171782,26.47852685267535
2023-12-01 10:23:28,4.600039635894308,37.80372752731358
2023-12-01 10:23:29,4.583891582144566,34.68578829344843
2023-12-01 10:23:30,4.966577993542977,35.94947114992491
2023-12-01 10:23:31,5.06032543257686,27.804256884157304
2023-12-01 10:23:32,5.071869282291611,36.05733658391946
2023-12-01 10:23:33,7.043281308853852,38.24791612515481
2023-12-01 10:23:34,4.4182630691354134,35.42607384489582
2023-12-01 10:23:35,5.485763405622931,31.654012434136266
2023-12-01 10:23:36,5.938941143450756,35.71858099066417
2023-12-01 10:23:37,4.054998342298903,33.38105440803558
2023-12-01 10:23:38,6.6900817510885755,36.119512430407866
2023-12-01 10:23:39,4.282270617259044,32.56615084187115
2023-12-01 10:23:40,4.313814448292257,32.147756802346876
2023-12-01 10:23:41,4.824197610009904,30.246233711631263
2023-12-01 10:23:42,4.826943552158034,30.178351530707857
2023-12-01 10:23:43,9.407661848429925,34.06343826870931
2023-12-01 10:23:44,3.9760612572145537,28.463849907361755
2023-12-01 10:23:45,6.143632596130895,40.82264459901534
2023-12-01 10:23:46,4.205555660283448,36.155714620434225
2023-12-01 10:23:47,40.78802257404617,66.68437498694654
2023-12-01 10:23:48,,
2023-12-01 10:23:49,,
2023-12-01 10:23:50,,
2023-12-01 10:23:51,,
2023-12-01 10:23:52,,
2023-12-01 10:23:53,,
2023-12-01 10:23:54,,
2023-12-01 10:23:55,1.4749410378229069,30.881448740326668
2023-12-01 10:23:56,3.9348975803635375,34.45003772728424
2023-12-01 10:23:57,6.579198072736325,27.95060878195043
2023-12-01 10:23:58,8.438052832219885,30.457248741534563
2023-12-01 10:23:59,3.666493165458192,35.517379068720935
2023-12-01 10:24:00,7.406591259989117,24.84685413384093
2023-12-01 10:24:01,3.4830495835032558,34.95443588085248
2023-12-01 10:24:02,5.722717409998848,38.91734337895271
2023-12-01 10:24:03,4.3645013253002505,44.90566686147418
2023-12-01 10:24:04,3.354950895853765,33.297932434443396
2023-12-01 10:24:05,6.684449638217591,37.882082074579316
2023-12-01 10:24:06,0.6770771489243472,37.66944852653195
2023-12-01 10:24:07,5.043617191387836,26.95764981767908
2023-12-01 10:24:08,7.432713920877461,34.05821158523554
2023-12-01 10:24:09,5.082476374364423,30.921831666127687
2023-12-01 10:24:10,6.022989006977479,26.77678018123786
2023-12-01 10:24:11,10.207530058744759,40.34607488501959
2023-12-01 10:24:12,2.7479517499403645,32.26623052323657
2023-12-01 10:24:13,2.665889215970174,35.458813280064085
2023-12-01 10:24:14,0.43656586838401434,37.71677043715327
2023-12-01 10:24:15,5.739157603446466,44.931746996809835
2023-12-01 10:24:16,8.619301570133011,43.932689395904575
2023-12-01 10:24:17,6.2930362250512175,38.41224048076573
2023-12-01 10:24:18,3.674964999795268,39.32456930514641
2023-12-01 10:24:19,6.577515239752186,38.85056199683669
2023-12-01 10:24:20,51.00638654855023,71.30766867379009
2023-12-01 10:24:21,38.26393703694606,67.6308538218183
2023-12-01 10:24:22,0.9834685850993585,35.334965513646736
2023-12-01 10:24:23,7.880425727099572,32.78575642794958
2023-12-01 10:24:24,2.9412670411323485,39.06051405386134
2023-12-01 10:24:25,8.272926270261806,34.197316146733606
2023-12-01 10:24:26,4.6842913100837,36.381320851150925
2023-12-01 10:24:27,9.136647719985408,29.48168832215599
2023-12-01 10:24:28,5.467625970754429,38.44280617038819
2023-12-01 10:24:29,5.045243657407315,27.152725738390025
2023-12-01 10:24:30,6.143369002002353,33.85328679160504
2023-12-01 10:24:31,4.654302179856677,30.854463299139738
2023-12-01 10:24:32,8.222418637446504,36.04420270685361
2023-12-01 10:24:33,5.227179813306601,30.489020689483972
2023-12-01 10:24:34,5.540390014585562,28.098806800177705
2023-12-01 10:24:35,8.936995847355988,34.46886277258106
2023-12-01 10:24:36,7.158628097334729,36.92983642830672
2023-12-01 10:24:37,7.4797837221971495,36.41359789571392
2023-12-01 10:24:38,5.034346525995218,36.63253637286438
2023-12-01 10:24:39,4.07407358333371,28.55008053092908
2023-12-01 10:24:40,2.4882188873802784,34.25553653260979
2023-12-01 10:24:41,4.168968344409194,41.80780545319448
2023-12-01 10:24:42,9.419079153935169,39.57500519254019
2023-12-01 10:24:43,8.436718193334546,35.89849260868703
2023-12-01 10:24:44,6.519119681705156,27.367688636451007
2023-12-01 10:24:45,4.785031913289588,40.370603980021336
2023-12-01 10:24:46,5.562087023328165,50.077840391336686
2023-12-01 10:24:47,-0.8365233919328547,32.63077221568007
2023-12-01 10:24:48,4.326042637527685,26.89450006508543
2023-12-01 10:24:49,2.671887969797051,32.44206256838482
2023-12-01 10:24:50,5.78808242359583,33.35908473243507
2023-12-01 10:24:51,5.361346977407665,34.06847189416954
2023-12-01 10:24:52,2.8578768231722687,27.101021625632935
2023-12-01 10:24:53,9.801396739403533,40.77731167803229
2023-12-01 10:24:54,4.664309816334831,36.78429442707956
2023-12-01 10:24:55,3.3566755187491153,34.48365757067669
2023-12-01 10:24:56,4.686767917011418,39.878187056790274
2023-12-01 10:24:57,6.232428118391237,36.4539447743682
2023-12-01 10:24:58,7.585547468967936,39.549147363569546
2023-12-01 10:24:59,3.8103110976759513,42.001060191714366
2023-12-01 10:25:00,4.031459376684699,33.66071261974979
2023-12-01 10:25:01,3.8671885909865455,38.276686879701856
2023-12-01 10:25:02,3.950434976389314,37.758516319361604
2023-12-01 10:25:03,4.6565330235065145,32.82417273104007
2023-12-01 10:25:04,2.338196096488283,36.94385645791198
2023-12-01 10:25:05,0.6464589465333059,40.774684163852285
2023-12-01 10:25:06,,
2023-12-01 10:25:07,,
2023-12-01 10:25:08,,
2023-12-01 10:25:09,,
2023-12-01 10:25:10,,
2023-12-01 10:25:11,,
2023-12-01 10:25:12,,
2023-12-01 10:25:13,,
2023-12-01 10:25:14,,
2023-12-01 10:25:15,,
2023-12-01 10:25:16,,
2023-12-01 10:25:17,5.010194431043233,39.97395154347052
2023-12-01 10:25:18,3.3298160591330808,33.23869662647562
2023-12-01 10:25:19,3.953458745210382,26.657304417198297
2023-12-01 10:25:20,6.386830227788946,39.66662500184359
2023-12-01 10:25:21,4.004690799017982,35.697234288021896
2023-12-01 10:25:22,4.990205540490228,39.680263304106006
2023-12-01 10:25:23,4.602171299199516,31.64397425664995
2023-12-01 10:25:24,4.5883477203240535,42.72225772240591
2023-12-01 10:25:25,9.146061517167631,36.12697889070715
2023-12-01 10:25:26,3.3239245371914308,41.278494975358846
2023-12-01 10:25:27,7.67071197760851,35.401874813740754
2023-12-01 10:25:28,7.294103648196161,34.89970659753974
2023-12-01 10:25:29,7.310423594482396,34.65590663478704
2023-12-01 10:25:30,6.384214080366273,28.564432319458334
2023-12-01 10:25:31,3.3281810077820895,34.609817439899956
2023-12-01 10:25:32,6.50816783079386,31.796996786525526
2023-12-01 10:25:33,3.0033088111337727,39.091841532508674
2023-12-01 10:25:34,7.498149616030737,29.21131436409487
2023-12-01 10:25:35,50.76395606976329,73.66153254199206
2023-12-01 10:25:36,43.940060558087815,69.94520954414187
2023-12-01 10:25:37,49.636874911622236,64.10852574146152
2023-12-01 10:25:38,3.9356978645405354,38.085915581571456
2023-12-01 10:25:39,5.054595525151081,31.05284528223767
2023-12-01 10:25:40,0.669568076603678,40.21481209714024
2023-12-01 10:25:41,2.9681467977749008,30.26579811930477
2023-12-01 10:25:42,3.918774471714018,31.620275979396965
2023-12-01 10:25:43,6.360466859481504,36.05076702804124
2023-12-01 10:25:44,5.467976780719572,41.11190893328251
2023-12-01 10:25:45,2.4163001320547153,31.8731244367927
2023-12-01 10:25:46,5.256707302945454,50.50913575696459
2023-12-01 10:25:47,7.716264831042549,44.54119687109794
2023-12-01 10:25:48,5.012135584321043,29.956336050052247
2023-12-01 10:25:49,5.026598690443355,41.05171741510863
2023-12-01 10:25:50,3.223724864470446,42.81019346787668
2023-12-01 10:25:51,5.143001350871053,38.2422799126606
2023-12-01 10:25:52,4.0217672144309144,30.47032544363057
2023-12-01 10:25:53,5.981513997075332,37.22874954292372
2023-12-01 10:25:54,6.572821320708881,29.644746304499932
2023-12-01 10:25:55,6.845309304898638,19.42911927129727
2023-12-01 10:25:56,4.454787794134496,32.86408672131245
2023-12-01 10:25:57,2.9337270994148748,38.245364626460876
2023-12-01 10:25:58,4.890585936003546,40.99311471133372
2023-12-01 10:25:59,5.872897777135414,42.117127913366396
2023-12-01 10:26:00,3.0675461963235833,38.53719890173969
2023-12-01 10:26:01,3.4478193099162127,39.55118983323826
2023-12-01 10:26:02,4.708784210413411,45.496070751173406
2023-12-01 10:26:03,5.269408553659639,38.31588342258334
2023-12-01 10:26:04,3.4905061873389545,36.17992545224221
2023-12-01 10:26:05,2.179628625987988,41.19673512760227
2023-12-01 10:26:06,6.684204914466667,32.843400538074405
2023-12-01 10:26:07,3.8555995316250247,33.02734296869471
2023-12-01 10:26:08,1.1283820622779404,34.29185085979386
2023-12-01 10:26:09,7.430056266048388,30.533671932919617
2023-12-01 10:26:10,3.891020728193462,41.106164152960595
2023-12-01 10:26:11,0.35799810191361203,30.451624511109436
2023-12-01 10:26:12,0.8732612484344715,41.709826749358875
2023-12-01 10:26:13,5.121468878125957,32.9251722835536
2023-12-01 10:26:14,4.78269541468547,36.6869044824557
2023-12-01 10:26:15,3.1926537095762404,29.694130410975763
2023-12-01 10:26:16,6.141697994751441,27.66465595713898
2023-12-01 10:26:17,3.725459129666098,31.33461812083783
2023-12-01 10:26:18,6.043276808489215,37.540029449191216
2023-12-01 10:26:19,3.1957402718527144,30.4118676067457
2023-12-01 10:26:20,5.718401539815771,34.84193872779954
2023-12-01 10:26:21,0.728032607722974,40.16850681594468
2023-12-01 10:26:22,3.4406586085545148,33.43123921835784
2023-12-01 10:26:23,5.148379115957958,32.77846314974101
2023-12-01 10:26:24,6.575241125560675,35.11029301983876
2023-12-01 10:26:25,5.17242460632196,29.361854671248896
2023-12-01 10:26:26,7.463027898184285,33.829859390592134
2023-12-01 10:26:27,6.888736209155392,39.52069712293006
2023-12-01 10:26:28,6.599083015866642,35.6173065479903
2023-12-01 10:26:29,2.629554649700335,37.94595832112883
2023-12-01 10:26:30,5.3269822098852755,37.48887326339184
2023-12-01 10:26:31,2.263891466775007,35.11955971379456
2023-12-01 10:26:32,5.354240148869273,33.091539646637344
2023-12-01 10:26:33,5.6801819800761875,39.85422604997537
2023-12-01 10:26:34,4.845848375624755,35.42739159630157
2023-12-01 10:26:35,7.623514211087534,30.037788813108232
2023-12-01 10:26:36,6.0220987436150475,39.0227513214754
2023-12-01 10:26:37,6.164045201022817,40.286182031326774
2023-12-01 10:26:38,4.368229685706718,32.447172783754574
2023-12-01 10:26:39,5.219663109072811,27.566099058722546
2023-12-01 10:26:40,1.4639448483095245,36.633802959935835
2023-12-01 10:26:41,3.856811543163952,30.036115734269995
2023-12-01 10:26:42,3.66081063994066,36.128750848812544
2023-12-01 10:26:43,4.090567319153841,40.2513043944917
2023-12-01 10:26:44,3.225742685247861,33.68724571354692
2023-12-01 10:26:45,3.4578098056179174,34.92853341522624
2023-12-01 10:26:46,3.749324694617509,41.03625141253232
2023-12-01 10:26:47,8.750793613931316,33.32407363446659
2023-12-01 10:26:48,4.7089435333301655,29.43775663010322
2023-12-01 10:26:49,6.1485604672703476,30.000282810618618
2023-12-01 10:26:50,7.002955956921108,24.173870314219826
2023-12-01 10:26:51,8.472189680782126,34.34262154405448
2023-12-01 10:26:52,1.1631041604043322,40.78668999967303
2023-12-01 10:26:53,1.1147034490549896,39.98701072002313
2023-12-01 10:26:54,2.7222206353256477,33.94240263931568
2023-12-01 10:26:55,4.218952107415784,37.69425949760952
2023-12-01 10:26:56,2.9602163094652356,37.68016214023363
2023-12-01 10:26:57,4.752942896158768,30.12248672170441
2023-12-01 10:26:58,4.572897686031909,29.571542614358783
2023-12-01 10:26:59,5.110782103884073,37.47375612960692
2023-12-01 10:27:00,3.2771688638774306,31.24489161807161
2023-12-01 10:27:01,4.874617902191025,37.74960673017591
2023-12-01 10:27:02,6.000581508149657,39.060737380855045
2023-12-01 10:27:03,6.004537009650186,25.817367297045898
2023-12-01 10:27:04,6.312117548787741,33.15546256204564
2023-12-01 10:27:05,3.7741280500349683,33.97169318589736
2023-12-01 10:27:06,5.431725335756854,36.700452391171396
2023-12-01 10:27:07,4.4588923377674465,34.094504579268495
2023-12-01 10:27:08,3.3203132324101823,34.596037359039755
2023-12-01 10:27:09,3.5009134314506625,46.147068533190065
2023-12-01 10:27:10,6.8799424643224345,37.198285190349
2023-12-01 10:27:11,3.8753722088951372,35.988549093771105
2023-12-01 10:27:12,4.154819357714066,35.37617158909066
2023-12-01 10:27:13,2.8587196898954725,38.90450580545697
2023-12-01 10:27:14,4.284888745522578,35.748869133358255
2023-12-01 10:27:15,46.49987597782286,64.46945210233379
2023-12-01 10:27:16,39.827252390799096,69.77251257532542
2023-12-01 10:27:17,39.65995441449041,72.3895689882788
2023-12-01 10:27:18,45.811908174885765,54.50245217752116
2023-12-01 10:27:19,46.88875909172776,63.14260620986068
2023-12-01 10:27:20,44.025505319002455,66.48771230509828
2023-12-01 10:27:21,36.116337083236594,67.85728736956843
2023-12-01 10:27:22,46.28892960651204,68.01240457767814
2023-12-01 10:27:23,45.6327190508317,67.81862077783107
2023-12-01 10:27:24,42.07612888501722,69.9405931213714
2023-12-01 10:27:25,45.92507542893961,65.99805136476253
2023-12-01 10:27:26,51.75416538605145,66.10529781744239
2023-12-01 10:27:27,46.84246108682919,63.390749620204126
2023-12-01 10:27:28,40.831065279464994,69.30702910749767
2023-12-01 10:27:29,44.59745026760827,70.87142473594965
2023-12-01 10:27:30,48.36593844811363,57.98228850762217
2023-12-01 10:27:31,49.95706420806168,69.87050960533543
2023-12-01 10:27:32,47.584937032126064,72.11050895681913
2023-12-01 10:27:33,44.244206490891045,70.7556612587556
2023-12-01 10:27:34,44.56430731549676,70.65635604761248
2023-12-01 10:27:35,51.32947605024234,66.52150439056695
2023-12-01 10:27:36,49.8864093355393,64.44249294279614
2023-12-01 10:27:37,37.52725110156029,60.72929549021271
2023-12-01 10:27:38,47.932313456496345,56.867908951359105
2023-12-01 10:27:39,48.227092825747086,63.628101023131904
2023-12-01 10:27:40,52.71653207349501,64.62667342477289
2023-12-01 10:27:41,43.38800970504678,57.511496530624655
2023-12-01 10:27:42,52.74194489803372,70.33420052631679
2023-12-01 10:27:43,44.3251983268023,74.27616104727528
2023-12-01 10:27:44,3.0077735568123796,24.35131292221014
2023-12-01 10:27:45,6.094554993680012,35.19005349840915
2023-12-01 10:27:46,3.1629186940408593,41.84230249256829
2023-12-01 10:27:47,5.215637962364947,41.38212916511338
2023-12-01 10:27:48,1.2295664746934647,40.675208077491824
2023-12-01 10:27:49,5.453422247697464,27.368541603342337
2023-12-01 10:27:50,7.081752276833199,38.88575990792043
2023-12-01 10:27:51,4.219929294281743,35.00425172853455
2023-12-01 10:27:52,5.750653849128747,28.29000500930425
2023-12-01 10:27:53,2.7764104468168664,41.43426311072657
2023-12-01 10:27:54,6.916958170050664,31.043495499727527
2023-12-01 10:27:55,7.792999828547096,29.232535890371928
2023-12-01 10:27:56,6.687498502598794,40.98856240917038
2023-12-01 10:27:57,6.030211323524764,37.35933576951314
2023-12-01 10:27:58,4.743292040598688,43.8802638791993
2023-12-01 10:27:59,6.048295307408126,36.64733319105388
2023-12-01 10:28:00,6.318476574552005,33.265082174889635
2023-12-01 10:28:01,6.853697952357046,32.864124310172244
2023-12-01 10:28:02,3.7499779801175794,34.637348439947814
2023-12-01 10:28:03,6.541419546055933,33.3595326642072
2023-12-01 10:28:04,7.598755411255235,24.915146768335703
2023-12-01 10:28:05,6.629983884398997,34.277934800120036
2023-12-01 10:28:06,5.986767904794767,30.349748512784906
2023-12-01 10:28:07,3.5817482770938414,42.12967510956252
2023-12-01 10:28:08,8.786738481389968,32.76155430577525
2023-12-01 10:28:09,5.611952063882019,39.39487006518641
2023-12-01 10:28:10,6.079493895264402,52.05914588895671
2023-12-01 10:28:11,4.907512899585663,35.53494996654848
2023-12-01 10:28:12,3.1741728694514624,31.553890929864888
2023-12-01 10:28:13,1.401375517305484,37.88929370616353
2023-12-01 10:28:14,6.660055089368164,41.30186739000414
2023-12-01 10:28:15,8.168074003718264,42.49269561617549
2023-12-01 10:28:16,3.944711581802685,40.03078215958857
2023-12-01 10:28:17,4.3820194991604255,41.26964506663728
2023-12-01 10:28:18,2.2359931707146496,36.344556437776944
2023-12-01 10:28:19,4.875115906731221,34.72757510597774
2023-12-01 10:28:20,5.359245161961573,38.654012896884474
2023-12-01 10:28:21,5.963881978441771,33.94867874541026
2023-12-01 10:28:22,4.808029907403134,31.460169611420334
2023-12-01 10:28:23,3.7185857126117554,35.07743873946479
2023-12-01 10:28:24,4.495861371055934,36.87966638874405
2023-12-01 10:28:25,5.714347129304982,41.287727506568736
2023-12-01 10:28:26,7.801838497681161,35.58704284768343
2023-12-01 10:28:27,5.9555041262686155,38.00547137030826
2023-12-01 10:28:28,3.021023430649521,33.78445635506807
2023-12-01 10:28:29,5.323503832044458,34.641459929012264
2023-12-01 10:28:30,4.220483216784269,29.618675793749798
2023-12-01 10:28:31,6.563522332450165,36.884529286956024
2023-12-01 10:28:32,2.623308159381758,42.71779440152859
2023-12-01 10:28:33,6.337038802960294,32.94149512424972
2023-12-01 10:28:34,1.805164063294264,36.6801552871546
2023-12-01 10:28:35,3.567849863244152,28.969460845397325
2023-12-01 10:28:36,,
2023-12-01 10:28:37,,
2023-12-01 10:28:38,,
2023-12-01 10:28:39,,
2023-12-01 10:28:40,,
2023-12-01 10:28:41,,
2023-12-01 10:28:42,,
2023-12-01 10:28:43,,
2023-12-01 10:28:44,47.158167371478896,66.93460383425933
2023-12-01 10:28:45,2.672099003934273,43.41421898129635
2023-12-01 10:28:46,3.217681785629121,31.972640988626406
2023-12-01 10:28:47,2.107142680507375,29.591342840974928
2023-12-01 10:28:48,2.7941935502966135,25.12222569945366
2023-12-01 10:28:49,3.249477001511955,34.32479022978477
2023-12-01 10:28:50,6.344893286358442,33.50293059562972
2023-12-01 10:28:51,2.1311745859577473,33.953897379876814
2023-12-01 10:28:52,2.469039711580016,38.30485272775778
2023-12-01 10:28:53,3.3978575380585134,33.490958032655875
2023-12-01 10:28:54,5.360491871425489,39.290734978810164
2023-12-01 10:28:55,3.5522731449588063,36.44091177531007
2023-12-01 10:28:56,5.601131306717511,46.459058936882904
2023-12-01 10:28:57,8.116762724513475,32.4323691913409
2023-12-01 10:28:58,8.12773889591748,36.07330930475846
2023-12-01 10:28:59,7.521960443838486,36.240078501553555
2023-12-01 10:29:00,7.515281367422119,25.021019872503903
2023-12-01 10:29:01,2.0758665511711194,37.82849699031842
2023-12-01 10:29:02,5.8750818381011545,34.01736080133033
2023-12-01 10:29:03,1.400457937675983,32.07154615038843
2023-12-01 10:29:04,6.248506039049111,36.41342556570045
2023-12-01 10:29:05,2.7209131908651045,43.256100720061504
2023-12-01 10:29:06,4.3551930721899526,40.028212075455265
2023-12-01 10:29:07,9.80539565536078,36.62682860454194
2023-12-01 10:29:08,5.219830795691405,41.33404239549091
2023-12-01 10:29:09,5.4460980659474165,29.844777563671606
2023-12-01 10:29:10,3.004144672493079,41.11551624515388
2023-12-01 10:29:11,3.304090868824934,30.22085797785646
2023-12-01 10:29:12,5.56025948833869,41.100407592314795
2023-12-01 10:29:13,3.27469181972332,30.893895708017773
2023-12-01 10:29:14,8.327410315148432,25.80162000865036
2023-12-01 10:29:15,8.623307610583947,33.76968993934347
2023-12-01 10:29:16,6.562629748061961,36.563279439996634
2023-12-01 10:29:17,3.8017796124106367,32.15755465837022
2023-12-01 10:29:18,2.6371924074432873,41.28634043767327
2023-12-01 10:29:19,4.131653900958654,36.98119957276936
2023-12-01 10:29:20,3.932381636776734,31.95869351115542
2023-12-01 10:29:21,3.8456615070855857,33.12992089580692
2023-12-01 10:29:22,2.561703649512453,37.29023046985428
2023-12-01 10:29:23,6.671703975515601,43.69643721754629
2023-12-01 10:29:24,2.462338472523966,38.12857563396673
2023-12-01 10:29:25,39.517665598229094,76.90306837758942
2023-12-01 10:29:26,41.062168134228806,69.72723542937142
2023-12-01 10:29:27,50.94217197317666,64.51155744225308
2023-12-01 10:29:28,3.8372142335533788,39.13021835112084
2023-12-01 10:29:29,52.7315806563181,70.62215810114532
2023-12-01 10:29:30,47.88762866343861,58.605155800608124
2023-12-01 10:29:31,44.94346004560094,65.90855467917095
2023-12-01 10:29:32,41.333744535253594,64.12491110037392
2023-12-01 10:29:33,45.60274892586944,63.591107705791885
2023-12-01 10:29:34,46.41831720938866,66.9721782256233
2023-12-01 10:29:35,44.10432462297218,71.22726209573973
2023-12-01 10:29:36,40.62891622717544,63.41078811163907
2023-12-01 10:29:37,49.390680726612196,60.69104903246415
2023-12-01 10:29:38,50.29175179303587,62.919125332041794
2023-12-01 10:29:39,35.20106783666347,65.77965111317103
2023-12-01 10:29:40,43.43330116049341,58.40762947390431
2023-12-01 10:29:41,35.62094898264557,68.49842533807944
2023-12-01 10:29:42,45.67214860416857,65.77323234958534
2023-12-01 10:29:43,45.1116727979347,60.3737724586645
2023-12-01 10:29:44,42.84511666998103,60.023779340590444
2023-12-01 10:29:45,46.2765436208612,59.363594427727534
2023-12-01 10:29:46,44.96266285078296,60.65965931044386
2023-12-01 10:29:47,50.06198085030484,67.62001040601046
2023-12-01 10:29:48,34.69055512787348,70.72821046977786
2023-12-01 10:29:49,47.10392373911624,73.88289927725769
2023-12-01 10:29:50,40.047100317936,57.73748637566
2023-12-01 10:29:51,44.15023138021945,75.8395816684965
2023-12-01 10:29:52,37.8197858863621,62.31979358812557
2023-12-01 10:29:53,42.059635962417076,60.14156261522287
2023-12-01 10:29:54,39.71644836906967,67.54730088323934
2023-12-01 10:29:55,43.0656973705509,63.88030961175117
2023-12-01 10:29:56,50.20230226998296,64.78107223245003
2023-12-01 10:29:57,50.84583830481028,56.62356952096945
2023-12-01 10:29:58,43.633885554830854,74.16616938029037
2023-12-01 10:29:59,4.999460401326084,37.03099216852212
2023-12-01 10:30:00,4.972276454429428,25.17919261112472
2023-12-01 10:30:01,6.28692772511167,23.464553176430677
2023-12-01 10:30:02,5.111219201884967,27.009541470342864
2023-12-01 10:30:03,2.1180194364241904,32.17107164509654
2023-12-01 10:30:04,3.5923835140853884,36.17657779398801
2023-12-01 10:30:05,8.437714865172282,27.647871719295583
2023-12-01 10:30:06,3.12825903083683,29.77440586531148
2023-12-01 10:30:07,6.296316446758624,35.03018388998227
2023-12-01 10:30:08,7.398120056295171,32.69221114909445
2023-12-01 10:30:09,5.210001821231149,35.18033820100878
2023-12-01 10:30:10,4.395264085945674,23.07852021094856
2023-12-01 10:30:11,5.338368325218795,33.685102455410444
2023-12-01 10:30:12,6.132797216919897,43.1755093486079
2023-12-01 10:30:13,3.748427456618921,36.68482726466632
2023-12-01 10:30:14,3.5141050057257908,31.80440305662548
2023-12-01 10:30:15,8.497583853695408,42.687809710172345
2023-12-01 10:30:16,2.958699828256692,39.90238832186652
2023-12-01 10:30:17,6.293735947169451,41.18774963834244
2023-12-01 10:30:18,3.044969534623089,37.26908410531039
2023-12-01 10:30:19,4.953931134223042,37.40094682324867
2023-12-01 10:30:20,5.150091188696999,29.664926191188794
2023-12-01 10:30:21,8.003874484582921,33.51090223176762
2023-12-01 10:30:22,3.7223510840282126,42.98164057746966
2023-12-01 10:30:23,6.829897587328532,38.80883561702326
2023-12-01 10:30:24,5.682455628812294,29.750108164714867
2023-12-01 10:30:25,2.6286369325686305,28.373262344176833
2023-12-01 10:30:26,0.9943937661969455,33.97213655055012
2023-12-01 10:30:27,6.313173952080079,35.88502324665589
2023-12-01 10:30:28,8.41009824992514,44.91832681026291
2023-12-01 10:30:29,5.5452363463489025,37.6530329899399
2023-12-01 10:30:30,43.42242745702969,61.37875140150384
2023-12-01 10:30:31,38.27292964683462,60.97223291025039
2023-12-01 10:30:32,49.147072397985845,75.8398385017359
2023-12-01 10:30:33,43.69749770802933,69.31002267036443
2023-12-01 10:30:34,47.24212149634573,70.35497437607195
2023-12-01 10:30:35,48.017793608020604,73.30650123285417
2023-12-01 10:30:36,48.54701338390741,63.60720633589631
2023-12-01 10:30:37,52.69075822403443,59.69631121760905
2023-12-01 10:30:38,44.66972953416743,70.42902648924758
2023-12-01 10:30:39,36.42814250831695,59.79518434813699
2023-12-01 10:30:40,41.271643419082736,70.53334710115712
2023-12-01 10:30:41,51.28665555805817,64.04569400281486
2023-12-01 10:30:42,49.44590500304398,60.57200275435655
2023-12-01 10:30:43,44.420711095484386,66.3686975868114
2023-12-01 10:30:44,46.39339786223134,65.63998649782076
2023-12-01 10:30:45,40.51455701197499,61.51368974970007
2023-12-01 10:30:46,43.64507216061573,62.7058293001521
2023-12-01 10:30:47,44.45225592251611,67.70389280216588
2023-12-01 10:30:48,48.241573518484095,63.82808714032736
2023-12-01 10:30:49,47.54893833199764,69.38738313115448
2023-12-01 10:30:50,46.58894472985624,67.33796316015399
2023-12-01 10:30:51,3.8880929068247587,38.40822397703986
2023-12-01 10:30:52,4.639556566738854,31.15729829405239
2023-12-01 10:30:53,3.7205877240823613,30.585501959496177
2023-12-01 10:30:54,5.771150330565234,40.76429885598465
2023-12-01 10:30:55,1.7283863143246672,28.97831690196176
2023-12-01 10:30:56,5.548684843058726,35.02320573709035
2023-12-01 10:30:57,4.635782253647831,34.63016177688055
2023-12-01 10:30:58,3.5510504314228175,33.11229318175468
2023-12-01 10:30:59,6.497065414807468,39.9648761392014
2023-12-01 10:31:00,6.012520038622808,44.15187861238854
2023-12-01 10:31:01,7.04700691169254,30.606836673430024
2023-12-01 10:31:02,7.20373461065199,40.40988967969634
2023-12-01 10:31:03,6.931674453428408,26.467143290878262
2023-12-01 10:31:04,2.078661713328566,29.603131249280594
2023-12-01 10:31:05,4.902476151194328,23.993423655125504
2023-12-01 10:31:06,2.1028443986368197,37.453916955955755
2023-12-01 10:31:07,5.386822930450553,36.674507755279805
2023-12-01 10:31:08,7.951378651939171,28.195595155950464
2023-12-01 10:31:09,7.099086427554818,31.79395253123004
2023-12-01 10:31:10,11.145653755780437,44.11923748778839
2023-12-01 10:31:11,4.796831984937561,36.76725696568713
2023-12-01 10:31:12,3.960134314630481,28.453941005222863
2023-12-01 10:31:13,8.76140133960447,38.38577938985162
2023-12-01 10:31:14,2.5198194242982566,30.973086271633814
2023-12-01 10:31:15,7.017963719314361,31.73055757981397
2023-12-01 10:31:16,1.987274280119446,40.25208300026839
2023-12-01 10:31:17,2.9440284774022047,32.4371002784282
2023-12-01 10:31:18,8.276726757653734,35.76389114967158
2023-12-01 10:31:19,3.978629049816181,36.74466485941831
2023-12-01 10:31:20,6.261293840305458,39.61440341017435
2023-12-01 10:31:21,5.217398011447912,33.00694366164601
2023-12-01 10:31:22,4.356419566847595,35.42997475292754
2023-12-01 10:31:23,,
2023-12-01 10:31:24,,
2023-12-01 10:31:25,,
2023-12-01 10:31:26,,
2023-12-01 10:31:27,3.471627759309601,34.8574543282294
2023-12-01 10:31:28,5.2358337859007875,33.1081934404155
2023-12-01 10:31:29,10.135604952334639,37.83933725619851
2023-12-01 10:31:30,4.917307785526228,36.73688893124225
2023-12-01 10:31:31,7.508554048220599,34.51593311449168
2023-12-01 10:31:32,2.8939771471348097,25.848319426044227
2023-12-01 10:31:33,5.056933541322397,36.22732276956916
2023-12-01 10:31:34,4.047534310859746,37.08623969992782
2023-12-01 10:31:35,6.014772298167994,43.65110618994677
2023-12-01 10:31:36,9.054380857577375,43.372121658471364
2023-12-01 10:31:37,2.9621202381261935,33.98805513351308
2023-12-01 10:31:38,4.027945240769444,29.209777653755587
2023-12-01 10:31:39,3.5263414709560235,23.462894260275952
2023-12-01 10:31:40,5.437438310768453,31.47009239703692
2023-12-01 10:31:41,5.191265626649584,30.158058294554507
2023-12-01 10:31:42,3.964038646311274,36.48161915406054
2023-12-01 10:31:43,4.503036728456294,38.61383690426954
2023-12-01 10:31:44,6.762834137813181,29.249231869141248
2023-12-01 10:31:45,7.299384453682099,41.22200971638422
2023-12-01 10:31:46,8.56914485780845,36.776894244511446
2023-12-01 10:31:47,3.463493612396279,31.401136516361596
2023-12-01 10:31:48,7.3817063406029835,29.528804654757522
2023-12-01 10:31:49,2.3220132720416253,29.431679336617997
2023-12-01 10:31:50,5.669708662020884,34.59871042934346
2023-12-01 10:31:51,-0.015449933126015836,41.438617602226884
2023-12-01 10:31:52,3.935500803766475,37.71740505278871
2023-12-01 10:31:53,3.8571309342958022,35.83227443088061
2023-12-01 10:31:54,8.961629566399472,41.83123701382077
2023-12-01 10:31:55,3.946783003097229,39.53402616503365
2023-12-01 10:31:56,6.945407588867636,23.791779196377064
2023-12-01 10:31:57,7.312862575955011,35.06434524508899
2023-12-01 10:31:58,2.3128277457780912,25.363581004639084
2023-12-01 10:31:59,7.062327414077487,37.65985853470207
2023-12-01 10:32:00,4.738411710806777,31.23896613579939
2023-12-01 10:32:01,2.393174364443538,39.601115748690354
2023-12-01 10:32:02,2.4655489586216865,28.88039586651697
2023-12-01 10:32:03,7.0104846458394,36.32472937193292
2023-12-01 10:32:04,4.257817122642096,31.756980477537866
2023-12-01 10:32:05,5.068379420523286,22.562436456312884
2023-12-01 10:32:06,7.7216518096655875,28.797672023718885
2023-12-01 10:32:07,7.117331725002034,30.209089732462814
2023-12-01 10:32:08,6.116791074601956,38.11996485177405
2023-12-01 10:32:09,8.13585240225881,34.09108465412788
2023-12-01 10:32:10,4.586716515986268,34.092666286899856
2023-12-01 10:32:11,6.2575956722865005,36.28842862557635
2023-12-01 10:32:12,8.309218330280181,35.78681747829027
2023-12-01 10:32:13,3.357339702576237,26.553574752308496
2023-12-01 10:32:14,3.4169752174201253,34.70399087511966
2023-12-01 10:32:15,6.8359395021806275,33.81496414208515
2023-12-01 10:32:16,4.701003870689852,25.17974940111543
2023-12-01 10:32:17,3.90826814539051,36.75953111267518
2023-12-01 10:32:18,53.733112131697354,64.73016945593795
2023-12-01 10:32:19,36.76948282931402,70.16001820885599
2023-12-01 10:32:20,46.76195467931241,76.185962792943
2023-12-01 10:32:21,40.68538706591829,56.687118937164556
2023-12-01 10:32:22,45.700862311444986,58.449878776644894
2023-12-01 10:32:23,39.58548385723643,66.4754225637989
2023-12-01 10:32:24,42.534747477735294,65.95802123236103
2023-12-01 10:32:25,47.06955542053984,68.9426682641888
2023-12-01 10:32:26,40.86678755469636,55.04343188500938
2023-12-01 10:32:27,41.242043761860124,55.305374683096225
2023-12-01 10:32:28,47.35165956869395,59.254709429772305
2023-12-01 10:32:29,47.30532988262648,62.25030541678652
2023-12-01 10:32:30,38.677371080125525,58.28123915987722
2023-12-01 10:32:31,48.66728767235398,63.031004704934595
2023-12-01 10:32:32,48.832813892869616,72.96382783304341
2023-12-01 10:32:33,47.719255793100125,54.74337984032909
2023-12-01 10:32:34,50.38371925109175,65.69484249027083
2023-12-01 10:32:35,45.60238766751899,67.35178007092186
2023-12-01 10:32:36,48.41614767394303,71.58035096210409
2023-12-01 10:32:37,5.110082340687307,37.51354226472583
2023-12-01 10:32:38,5.0820519641142115,36.883869998844425
2023-12-01 10:32:39,6.3040254882833215,32.080439322490356
2023-12-01 10:32:40,7.106484136166825,32.757508555469315
2023-12-01 10:32:41,5.158565596038044,33.564986254739104
2023-12-01 10:32:42,3.4325874681753428,35.706126795475654
2023-12-01 10:32:43,5.298841873245422,32.190329371273535
2023-12-01 10:32:44,2.3202143771089543,31.98846764957558
2023-12-01 10:32:45,44.732756342088784,72.22246149681165
2023-12-01 10:32:46,5.763321760067591,33.43039966235368
2023-12-01 10:32:47,6.016489174901737,33.9488939907312
2023-12-01 10:32:48,5.933980011884276,35.25654542379721
2023-12-01 10:32:49,6.445832783469601,36.650654090173795
2023-12-01 10:32:50,3.642441784650824,31.354474971410927
2023-12-01 10:32:51,5.672191415516755,39.62373466423433
2023-12-01 10:32:52,5.890134546528864,35.90460857594986
2023-12-01 10:32:53,2.8247392152141533,35.36267190716536
2023-12-01 10:32:54,5.541431561380336,36.80077333477962
2023-12-01 10:32:55,3.0311704747099455,36.295812069022595
2023-12-01 10:32:56,3.116934975157989,34.16699637487639
2023-12-01 10:32:57,4.020660497616096,37.21613281926899
2023-12-01 10:32:58,7.5167732613005,36.129909927138
2023-12-01 10:32:59,8.88009126850226,40.32923606264615
2023-12-01 10:33:00,3.632376592777426,39.754886185204754
2023-12-01 10:33:01,7.836265260485492,39.39167170671614
2023-12-01 10:33:02,8.039803088137521,34.35301718994151
2023-12-01 10:33:03,3.5308484802435154,40.839639187912226
2023-12-01 10:33:04,3.9770567058210853,37.433024012192156
2023-12-01 10:33:05,4.321191982421155,27.768944824515017
2023-12-01 10:33:06,7.556319327865989,33.78941098907896
2023-12-01 10:33:07,6.762499202933926,38.54891876881712
2023-12-01 10:33:08,6.245700084614778,27.804228793571895
2023-12-01 10:33:09,4.803230576636045,38.63325727320788
2023-12-01 10:33:10,4.597243081521322,36.22731014099369
2023-12-01 10:33:11,5.199192760054989,33.06640368426943
2023-12-01 10:33:12,6.308450438358124,27.69853426697805
2023-12-01 10:33:13,41.08603925183524,68.13711739549494
2023-12-01 10:33:14,45.3533465364232,67.71858667776712
2023-12-01 10:33:15,2.9856344302579374,32.31074146239173
2023-12-01 10:33:16,2.429977899309271,25.497132112535702
2023-12-01 10:33:17,5.471805929490337,24.765903921691272
2023-12-01 10:33:18,1.877821947379457,31.50315590913371
2023-12-01 10:33:19,4.39032575907706,39.138561659318626
2023-12-01 10:33:20,4.500077104667119,39.247990661694885
2023-12-01 10:33:21,5.0963493064729875,38.30027417280241
2023-12-01 10:33:22,4.302150584253918,34.65676880836148
2023-12-01 10:33:23,5.075863857033952,32.86388127493491
2023-12-01 10:33:24,5.424857812642137,36.425264965994515
2023-12-01 10:33:25,7.843406207022296,21.01527821061262
2023-12-01 10:33:26,6.286029894625607,33.21690877231295
2023-12-01 10:33:27,3.6336869192237113,36.3973747363732
2023-12-01 10:33:28,7.009580773821161,43.23406810445219
2023-12-01 10:33:29,4.749403763908107,39.421573939644546
2023-12-01 10:33:30,2.7100923144957143,33.729669418586944
2023-12-01 10:33:31,3.377559936852168,32.622878723678404
2023-12-01 10:33:32,5.972791545815823,38.82714690537171
2023-12-01 10:33:33,3.9793617002173485,31.92420972021736
2023-12-01 10:33:34,3.2395693284968914,34.63255936978064
2023-12-01 10:33:35,4.133214406815154,29.01410937647523
2023-12-01 10:33:36,4.43164608328225,30.01536660751845
2023-12-01 10:33:37,5.462779548744028,36.28996794136367
2023-12-01 10:33:38,7.881306582393034,39.347475866458424
2023-12-01 10:33:39,4.049037255509739,37.103214180333
2023-12-01 10:33:40,41.24994528262893,65.8213951951515
2023-12-01 10:33:41,43.86657815518511,68.44210158519236
2023-12-01 10:33:42,47.44956283414302,63.8927822966511
2023-12-01 10:33:43,6.733733650541103,32.62920878321751
2023-12-01 10:33:44,5.52656716775255,39.07486045435452
2023-12-01 10:33:45,3.419513614182511,36.98771477163391
2023-12-01 10:33:46,6.578240473619223,36.011971350394646
2023-12-01 10:33:47,6.586587092195416,27.451403494398715
2023-12-01 10:33:48,5.946834545817431,27.391355119038725
2023-12-01 10:33:49,2.9074061702809737,33.473922147810136
2023-12-01 10:33:50,7.542337477187022,26.797259081027825
2023-12-01 10:33:51,47.529091910491374,67.31585019123997
2023-12-01 10:33:52,45.015557862580536,67.71478037272526
2023-12-01 10:33:53,44.74466009530052,71.73766574348626
2023-12-01 10:33:54,2.858599101599812,32.525144680863626
2023-12-01 10:33:55,5.28973553754017,34.08827107300599
2023-12-01 10:33:56,4.392787668285324,33.96936171395637
2023-12-01 10:33:57,6.795457412991783,30.079961096038513
2023-12-01 10:33:58,5.331206848901293,30.937885753051347
2023-12-01 10:33:59,5.481781346966875,28.923995631693337
2023-12-01 10:34:00,6.764599608599675,33.4335219342657
2023-12-01 10:34:01,4.458966000075434,39.88317130677148
2023-12-01 10:34:02,2.0524410552046692,37.0736601563169
2023-12-01 10:34:03,5.650601628023182,37.9246074349243
2023-12-01 10:34:04,2.9531604825067244,28.344836877600514
2023-12-01 10:34:05,6.675544157281236,30.122227803088165
2023-12-01 10:34:06,3.970248658856322,31.473386694590182
2023-12-01 10:34:07,6.821307705066946,33.04397813616263
2023-12-01 10:34:08,3.6327620524269184,29.47573751696005
2023-12-01 10:34:09,6.941291296375684,41.527455339597964
2023-12-01 10:34:10,6.270420330678977,36.8742076500374
2023-12-01 10:34:11,5.025629013950237,30.646857834923022
2023-12-01 10:34:12,4.505905787649623,39.023242690880295
2023-12-01 10:34:13,4.285593723730389,34.40035825099016
2023-12-01 10:34:14,4.6850429190175555,41.03270138677171
2023-12-01 10:34:15,4.738515482315259,37.995261727198816
2023-12-01 10:34:16,5.077492951165173,34.70469031654432
2023-12-01 10:34:17,44.45832215041286,64.69608968497151
2023-12-01 10:34:18,40.660874723746645,66.09369987986621
2023-12-01 10:34:19,43.92459880390743,72.41335949022941
2023-12-01 10:34:20,40.30678701001631,58.04208686350142
2023-12-01 10:34:21,39.94770700359911,61.82243751729337
2023-12-01 10:34:22,49.48729252940238,67.24482747634622
2023-12-01 10:34:23,47.61248834124733,61.35942215880205
2023-12-01 10:34:24,34.987253828183356,65.6424096074704
2023-12-01 10:34:25,46.799259418826956,58.52798946800699
2023-12-01 10:34:26,39.20509180673082,62.504385817545796
2023-12-01 10:34:27,47.054656420402004,60.72406034033396
2023-12-01 10:34:28,45.748604022425354,56.64467130700754
2023-12-01 10:34:29,49.134812971629536,68.04664525410139
2023-12-01 10:34:30,35.35380110457888,65.48374327681226
2023-12-01 10:34:31,45.121060350974616,73.28101068422794
2023-12-01 10:34:32,40.499420153152954,75.22022856469604
2023-12-01 10:34:33,57.31436765363166,65.46601745037249
2023-12-01 10:34:34,32.462372362011436,71.45906482544105
2023-12-01 10:34:35,40.11008491304899,69.02967772760498
2023-12-01 10:34:36,48.987241012830744,69.64147468341649
2023-12-01 10:34:37,49.39054524228886,58.08573464244633
2023-12-01 10:34:38,40.08541236436423,61.143350597809786
2023-12-01 10:34:39,43.88130552433947,65.35520690106084
2023-12-01 10:34:40,39.1429861574358,67.78280198436508
2023-12-01 10:34:41,48.68310422186406,63.78979575690656
2023-12-01 10:34:42,44.08061863608803,57.902302142987665
2023-12-01 10:34:43,7.520633190307207,24.783250941330706
2023-12-01 10:34:44,8.989785153785347,36.49491355634199
2023-12-01 10:34:45,5.682454682168078,31.572491302052974
2023-12-01 10:34:46,6.923498163883561,33.73236347482764
2023-12-01 10:34:47,7.879916912311586,31.528561081918337
2023-12-01 10:34:48,5.535441224154001,42.844303809334406
2023-12-01 10:34:49,6.079195028058539,37.18605286021839
2023-12-01 10:34:50,5.4040440216596295,36.26271945958296
2023-12-01 10:34:51,5.544345141458429,35.877676253322896
2023-12-01 10:34:52,8.516620816710972,35.26426707693723
2023-12-01 10:34:53,3.386971251497327,36.50425964331406
2023-12-01 10:34:54,5.953586664807776,37.98003093799185
2023-12-01 10:34:55,1.1561996690914156,33.763280634513926
2023-12-01 10:34:56,44.21255636678022,72.04609460050783
2023-12-01 10:34:57,43.35230810207302,70.1899641161475
2023-12-01 10:34:58,45.371892918903285,71.01392178147981
2023-12-01 10:34:59,4.964404098024469,31.29896717810318
2023-12-01 10:35:00,5.729138711517594,44.029266356739676
2023-12-01 10:35:01,5.31149009056071,30.92595613175665
2023-12-01 10:35:02,6.641425114513559,24.849270483598126
2023-12-01 10:35:03,2.231637423912258,37.98801642007137
2023-12-01 10:35:04,4.367323725325426,36.25221413058487
2023-12-01 10:35:05,3.98296447775539,28.98478227313675
2023-12-01 10:35:06,4.006162441714191,28.355869279705583
2023-12-01 10:35:07,4.732990969485898,39.20132369642647
2023-12-01 10:35:08,2.7290454351203146,34.237314717483585
2023-12-01 10:35:09,4.070847042698441,33.54698958692792
2023-12-01 10:35:10,43.75573583450858,64.40021744653461
2023-12-01 10:35:11,6.634750217416531,41.73353834158626
2023-12-01 10:35:12,8.648933206756292,33.777162311452756
2023-12-01 10:35:13,5.308364071123769,30.753317931851
2023-12-01 10:35:14,6.547954430411874,39.997908701355136
2023-12-01 10:35:15,5.1810560938765775,39.18036801019962
2023-12-01 10:35:16,4.967172765605802,32.894147439988814
2023-12-01 10:35:17,2.934693911068098,35.71589315546973
2023-12-01 10:35:18,,
2023-12-01 10:35:19,,
2023-12-01 10:35:20,,
2023-12-01 10:35:21,,
2023-12-01 10:35:22,,
2023-12-01 10:35:23,,
2023-12-01 10:35:24,7.562941683788786,39.70564804450387
2023-12-01 10:35:25,6.988073826237214,35.24181461825539
2023-12-01 10:35:26,6.315348942962347,34.025431501269864
2023-12-01 10:35:27,3.5399077880746894,33.55104037146303
2023-12-01 10:35:28,4.336848922594581,28.35164618036552
2023-12-01 10:35:29,0.6079833589246952,32.34612116703366
2023-12-01 10:35:30,6.030887827572185,35.52637874705049
2023-12-01 10:35:31,4.926630501507228,36.221749626990324
2023-12-01 10:35:32,5.879549047916796,31.755248631486115
2023-12-01 10:35:33,5.633826233570743,37.564875409628904
2023-12-01 10:35:34,1.5161491431145468,31.716197667958486
2023-12-01 10:35:35,3.282977558378997,33.9893002266749
2023-12-01 10:35:36,-0.18454333926962274,31.094882482789085
2023-12-01 10:35:37,3.9812541774656283,39.45771966873127
2023-12-01 10:35:38,6.105852949503987,38.991215109351515
2023-12-01 10:35:39,44.08466477424964,67.06296518049788
2023-12-01 10:35:40,36.13912335699613,70.43688299471924
2023-12-01 10:35:41,5.468879527334291,38.50693862425672
2023-12-01 10:35:42,6.5554896656580235,37.1613179176041
2023-12-01 10:35:43,5.0527889749234,40.968660618669624
2023-12-01 10:35:44,7.479769697718983,37.23543976015293
2023-12-01 10:35:45,6.257740052655065,35.894467622792284
2023-12-01 10:35:46,3.782059985601756,23.05470259700166
2023-12-01 10:35:47,4.530201676549914,37.25832685433075
2023-12-01 10:35:48,5.974936459615361,38.65887057317832
2023-12-01 10:35:49,5.391814088244887,39.86622960956086
2023-12-01 10:35:50,4.799525105415274,34.75505500582653
2023-12-01 10:35:51,4.381961990750881,37.928011369328445
2023-12-01 10:35:52,3.838523586397621,35.324340453678055
2023-12-01 10:35:53,0.5241472881322835,40.7237807483641
2023-12-01 10:35:54,3.6061521211740546,34.17157805463204
2023-12-01 10:35:55,3.104834560773015,35.35307545900002
2023-12-01 10:35:56,5.212029691777021,37.73542561951325
2023-12-01 10:35:57,4.475449655042572,39.56676559178194
2023-12-01 10:35:58,5.658583424823926,41.048631861408964
2023-12-01 10:35:59,49.241977826725744,71.2912509039889
2023-12-01 10:36:00,36.59809664868094,78.43337488277359
2023-12-01 10:36:01,44.73550637677762,74.658320770195
2023-12-01 10:36:02,44.599868163282515,67.52464426515259
2023-12-01 10:36:03,37.463993604857876,68.28503777147277
2023-12-01 10:36:04,7.363956465266309,45.28139993671317
2023-12-01 10:36:05,5.503670056418058,29.039155847612253
2023-12-01 10:36:06,7.484252185926857,36.312610270777604
2023-12-01 10:36:07,3.6930343801577292,31.063900507071185
2023-12-01 10:36:08,5.250758022444356,36.71699699402968
2023-12-01 10:36:09,7.4151669764413946,43.81376175372033
2023-12-01 10:36:10,3.66424150198371,34.75000103278766
2023-12-01 10:36:11,5.2465351951116626,37.85468491341898
2023-12-01 10:36:12,6.646415319309609,35.05617673977555
2023-12-01 10:36:13,6.8294741230898355,30.549293346718482
2023-12-01 10:36:14,6.281127160118287,28.021353020146655
2023-12-01 10:36:15,6.628167389039717,25.011752782745766
2023-12-01 10:36:16,6.295077537076456,32.63831304024166
2023-12-01 10:36:17,6.150512336937034,34.40476993343597
2023-12-01 10:36:18,3.5028343898696286,33.90098433869598
2023-12-01 10:36:19,6.44471489641716,36.932006631280785
2023-12-01 10:36:20,3.538162701191127,33.01397696352066
2023-12-01 10:36:21,5.309655993540341,44.86699174241061
2023-12-01 10:36:22,6.243632965266529,29.085160684093456
2023-12-01 10:36:23,3.75257596057471,37.48203350641913
2023-12-01 10:36:24,3.523972061360038,34.33375624263745
2023-12-01 10:36:25,5.554215231433605,42.60166277773156
2023-12-01 10:36:26,2.8113037553389826,28.915214696265856
2023-12-01 10:36:27,3.0225177927396434,42.10330405272537
2023-12-01 10:36:28,4.905848467829971,34.42094370374289
2023-12-01 10:36:29,6.884887617571231,42.96085529136661
2023-12-01 10:36:30,3.0253051913502453,37.819894418864024
2023-12-01 10:36:31,3.5385811198754586,28.540535756779768
2023-12-01 10:36:32,,
2023-12-01 10:36:33,,
2023-12-01 10:36:34,,
2023-12-01 10:36:35,,
2023-12-01 10:36:36,,
2023-12-01 10:36:37,,
2023-12-01 10:36:38,,
2023-12-01 10:36:39,,
2023-12-01 10:36:40,,
2023-12-01 10:36:41,3.8883763100294573,35.458681571399865
2023-12-01 10:36:42,8.587582937827877,30.73242887325446
2023-12-01 10:36:43,6.640222489340983,26.95528137549928
2023-12-01 10:36:44,4.722923913638676,34.43130774365973
2023-12-01 10:36:45,5.679952414931954,38.50828799447641
2023-12-01 10:36:46,5.969974841306076,35.02784886225401
2023-12-01 10:36:47,3.1059165363278796,35.1651575761065
2023-12-01 10:36:48,46.347926087788196,67.00149365352269
2023-12-01 10:36:49,2.5911484451514317,40.41122761390819
2023-12-01 10:36:50,3.3043257717977754,40.75315586048446
2023-12-01 10:36:51,2.3991904190855813,35.277357568540054
2023-12-01 10:36:52,2.9132853466325015,36.32237275710395
2023-12-01 10:36:53,4.536777254959138,27.66943345114978
2023-12-01 10:36:54,7.186521107652039,31.127655312960425
2023-12-01 10:36:55,3.1989340683259293,37.79405775299671
2023-12-01 10:36:56,4.5643571797114655,36.93360266484207
2023-12-01 10:36:57,2.799580104515955,35.018426701386765
2023-12-01 10:36:58,9.526756947962227,34.49305712837202
2023-12-01 10:36:59,2.9520267727697926,30.515785643319695
2023-12-01 10:37:00,9.998523236567772,25.817995573450077
2023-12-01 10:37:01,2.4116182802681756,46.142275104324206
2023-12-01 10:37:02,3.0490383791961926,30.347256007738636
2023-12-01 10:37:03,6.804227607559614,37.16638438632542
2023-12-01 10:37:04,6.7911638738949085,43.52330785988161
2023-12-01 10:37:05,5.837630473703028,36.21253872761504
2023-12-01 10:37:06,5.341871497159802,24.914970356912036
2023-12-01 10:37:07,3.281434001201692,41.774363923133535
2023-12-01 10:37:08,8.001904362422229,40.24494311211984
2023-12-01 10:37:09,4.29537485984709,30.320794031468004
2023-12-01 10:37:10,46.47765840467167,72.81238916013436
2023-12-01 10:37:11,43.40949888041898,75.83915205908652
2023-12-01 10:37:12,1.001867535800224,30.631548955706243
2023-12-01 10:37:13,5.245570959996904,36.85915143457515
2023-12-01 10:37:14,,
2023-12-01 10:37:15,,
2023-12-01 10:37:16,,
2023-12-01 10:37:17,,
2023-12-01 10:37:18,,
2023-12-01 10:37:19,,
2023-12-01 10:37:20,,
2023-12-01 10:37:21,,
2023-12-01 10:37:22,,
2023-12-01 10:37:23,,
2023-12-01 10:37:24,3.0139767609281405,31.232497306591856
2023-12-01 10:37:25,7.897840008985993,37.81226169295471
2023-12-01 10:37:26,5.228074856254164,30.607415489059495
2023-12-01 10:37:27,5.5660149808915,31.82035558096803
2023-12-01 10:37:28,5.7749360427213,30.356317999837547
2023-12-01 10:37:29,,
2023-12-01 10:37:30,,
2023-12-01 10:37:31,,
2023-12-01 10:37:32,,
2023-12-01 10:37:33,,
2023-12-01 10:37:34,,
2023-12-01 10:37:35,6.657289580046118,29.09859419394209
2023-12-01 10:37:36,5.080401205609273,38.48692452360377
2023-12-01 10:37:37,6.146231047932588,41.250302639413405
2023-12-01 10:37:38,3.2935970955052856,39.57146010622602
2023-12-01 10:37:39,3.811695641560352,32.50383515102804
2023-12-01 10:37:40,3.8363512725651,40.6288308482137
2023-12-01 10:37:41,45.374017864226765,68.38862476931881
2023-12-01 10:37:42,6.678587669578613,35.433580606017784
2023-12-01 10:37:43,6.265222486169751,37.09936240344514
2023-12-01 10:37:44,5.977972536525995,32.537416279239835
2023-12-01 10:37:45,3.893242673777828,34.38480401329997
2023-12-01 10:37:46,3.850858263483075,30.115342986850592
2023-12-01 10:37:47,2.970404982201625,31.314622248886067
2023-12-01 10:37:48,1.7421232979904278,28.82567831370431
2023-12-01 10:37:49,9.237347036108716,29.63054019778057
2023-12-01 10:37:50,5.251905035196536,34.413302642530034
2023-12-01 10:37:51,5.8462229063300475,33.96986104843707
2023-12-01 10:37:52,6.6941552214695035,32.1402205391952
2023-12-01 10:37:53,5.461125295064813,44.34757509866545
2023-12-01 10:37:54,10.68348826716587,34.67336227834726
2023-12-01 10:37:55,7.873155276091888,37.68661360463402
2023-12-01 10:37:56,5.890712548287021,35.08731010657646
2023-12-01 10:37:57,5.718708917938075,32.550939856939785
2023-12-01 10:37:58,6.211370585283564,38.548030834700306
2023-12-01 10:37:59,6.910439372944974,31.883066292209406
2023-12-01 10:38:00,1.40406121614238,35.26034476179512
2023-12-01 10:38:01,3.2275344372382464,46.123941909968686
2023-12-01 10:38:02,2.983695801491738,31.285158867526913
2023-12-01 10:38:03,4.627746424832413,37.56491528185822
2023-12-01 10:38:04,7.612761837371344,36.30043138452299
2023-12-01 10:38:05,4.198319487128331,37.27982488160113
2023-12-01 10:38:06,2.376877323203933,40.139592146028285
2023-12-01 10:38:07,4.092671201034159,29.549519108855467
2023-12-01 10:38:08,3.7890342496165017,34.872441923507104
2023-12-01 10:38:09,8.03729002431133,38.595065044770344
2023-12-01 10:38:10,10.489216475158493,28.57703401859571
2023-12-01 10:38:11,1.700671529115462,28.44965476972731
2023-12-01 10:38:12,6.346123742893545,37.60394847523038
2023-12-01 10:38:13,2.347511050830231,39.49030179095177
2023-12-01 10:38:14,6.5116872189173804,29.274583330184438
2023-12-01 10:38:15,4.463867981048959,35.29070481940929
2023-12-01 10:38:16,4.900620411016031,26.79595387501987
2023-12-01 10:38:17,3.7268601038908082,34.35027026166751
2023-12-01 10:38:18,-0.4239574553523342,38.71922371740792
2023-12-01 10:38:19,4.695825643075433,39.38210533905463
2023-12-01 10:38:20,2.980326253019648,31.84505485349201
2023-12-01 10:38:21,6.937038562417801,33.16020157294491
2023-12-01 10:38:22,5.813460290308083,36.951493829441944
2023-12-01 10:38:23,0.07730443346771754,34.707097259705506
2023-12-01 10:38:24,4.072624972830516,24.350575004454342
2023-12-01 10:38:25,3.2212320706947635,28.39671297840033
2023-12-01 10:38:26,1.8428964188666752,38.125497309877844
2023-12-01 10:38:27,1.7235178775226556,32.27119734490138
2023-12-01 10:38:28,5.456852751545677,34.32429545565192
2023-12-01 10:38:29,4.888329648348453,33.11027697749078
2023-12-01 10:38:30,9.616447715268247,43.69152981243391
2023-12-01 10:38:31,6.879647425115197,33.90180460994729
2023-12-01 10:38:32,4.220536036440037,34.31347980950084
2023-12-01 10:38:33,6.162977048954664,24.94507262300199
2023-12-01 10:38:34,4.347798158296759,42.187100481734156
2023-12-01 10:38:35,7.456231185252911,34.14630967351129
2023-12-01 10:38:36,5.2608244407896585,36.937408332893355
2023-12-01 10:38:37,4.493700330810539,37.83290401279865
2023-12-01 10:38:38,44.624349934699275,71.29841359049323
2023-12-01 10:38:39,44.61323749044292,65.90507350963908
2023-12-01 10:38:40,52.66792169777489,61.45821236005179
2023-12-01 10:38:41,43.99850808787459,70.76193775679822
2023-12-01 10:38:42,42.17030865904441,65.71368138596846
2023-12-01 10:38:43,43.44996958482981,71.67833803872156
2023-12-01 10:38:44,42.839042992243876,64.71841103030951
2023-12-01 10:38:45,45.26203499449569,56.18752440262322
2023-12-01 10:38:46,60.62088609695621,66.03470671544221
2023-12-01 10:38:47,37.67161484497081,61.32694562996514
2023-12-01 10:38:48,44.85357859217883,57.564678196131304
2023-12-01 10:38:49,41.44338868069481,61.98395014552176
2023-12-01 10:38:50,41.38108392185762,61.462033158382596
2023-12-01 10:38:51,52.763408103554646,68.73429873661831
2023-12-01 10:38:52,48.79561540015618,64.63760347009423
2023-12-01 10:38:53,42.25099630918249,61.064747353401216
2023-12-01 10:38:54,46.787983599782436,69.50440583254812
2023-12-01 10:38:55,40.49937182179487,69.96281196601021
2023-12-01 10:38:56,36.779053745168696,68.06130904312114
2023-12-01 10:38:57,47.804217892341725,67.92442770076275
2023-12-01 10:38:58,46.40212750602184,61.33560524245269
2023-12-01 10:38:59,35.66507083547037,66.66815889321515
2023-12-01 10:39:00,38.85907588826039,63.34490033378291
2023-12-01 10:39:01,45.024990813836645,71.29115685461556
2023-12-01 10:39:02,39.81318369126842,61.70610487752353
2023-12-01 10:39:03,36.103835165105224,62.00920538163363
2023-12-01 10:39:04,46.12567719305433,71.55262628258785
2023-12-01 10:39:05,46.8273932195268,64.47480898553898
2023-12-01 10:39:06,9.124382895384624,32.49437262957071
2023-12-01 10:39:07,0.9585194041696719,30.364092212884707
2023-12-01 10:39:08,5.116771292998747,39.41853577804633
2023-12-01 10:39:09,8.434549407790906,35.87053890924037
2023-12-01 10:39:10,9.108218330186562,29.664358588488042
2023-12-01 10:39:11,4.808810573501994,33.48743838100856
2023-12-01 10:39:12,4.866473872525904,31.08650642033269
2023-12-01 10:39:13,6.99479862155644,25.515063810210336
2023-12-01 10:39:14,4.910982661335642,42.27497457736264
2023-12-01 10:39:15,5.917485277733686,31.659791479505852
2023-12-01 10:39:16,5.891881780555985,43.64629365638925
2023-12-01 10:39:17,4.467908738654458,42.49149199542575
2023-12-01 10:39:18,2.10941515307212,29.00699370049419
2023-12-01 10:39:19,1.9836656856330532,27.372346122620584
2023-12-01 10:39:20,6.419630309219066,24.441675260690214
2023-12-01 10:39:21,1.8318990760362044,28.8675966859119
2023-12-01 10:39:22,3.3122603974132567,32.15601722740533
2023-12-01 10:39:23,3.5720633181399988,32.47994036342347
2023-12-01 10:39:24,5.196261234904284,36.61669559926932
2023-12-01 10:39:25,3.458708555986592,37.13964575460223
2023-12-01 10:39:26,3.5821820816480088,30.562138377283695
2023-12-01 10:39:27,5.6347501771148325,32.78603181309344
2023-12-01 10:39:28,2.9006266940289445,40.042054588228275
2023-12-01 10:39:29,4.241328501170404,35.231993408602804
2023-12-01 10:39:30,2.928076157419879,37.08151208981762
2023-12-01 10:39:31,5.5148262601528,37.85488507329534
2023-12-01 10:39:32,1.1631885145040974,38.036153176390236
2023-12-01 10:39:33,7.183192042577876,29.11450377781673
2023-12-01 10:39:34,5.693571900973367,39.12898498997764
2023-12-01 10:39:35,3.511774073702549,36.01516225420493
2023-12-01 10:39:36,5.456397613173464,34.47012360466496
2023-12-01 10:39:37,51.42392508469544,68.12452376492504
2023-12-01 10:39:38,37.90639032192325,75.75826135248649
2023-12-01 10:39:39,4.193891283040204,23.264053348063754
2023-12-01 10:39:40,3.762260262011309,33.18452249066447
2023-12-01 10:39:41,4.205975156413289,35.21438192133782
2023-12-01 10:39:42,0.5365732420157601,28.78267811235024
2023-12-01 10:39:43,5.178993962286681,37.68982620392235
2023-12-01 10:39:44,3.465964190431907,49.4597986553887
2023-12-01 10:39:45,2.430810358062598,36.60429814016296
2023-12-01 10:39:46,5.831898571422083,35.95923274512519
2023-12-01 10:39:47,3.796126929324762,39.35264001350815
2023-12-01 10:39:48,8.01270240743213,43.215337891012126
2023-12-01 10:39:49,2.109649843451117,30.874364077196013
2023-12-01 10:39:50,5.414049922475898,25.27314935883489
2023-12-01 10:39:51,7.964007552141622,31.862060995855412
2023-12-01 10:39:52,4.099465199243716,38.77936865706927
2023-12-01 10:39:53,3.77840144426787,39.60822480304532
2023-12-01 10:39:54,7.518613525103495,42.263820809071944
2023-12-01 10:39:55,9.27352824076012,48.08371828990497
2023-12-01 10:39:56,6.290258794299616,33.624096087776
2023-12-01 10:39:57,6.765076596155081,38.42236490696324
2023-12-01 10:39:58,7.266854478102284,33.72948590160822
2023-12-01 10:39:59,4.136546654747427,41.99384068111696
2023-12-01 10:40:00,8.570477357034068,40.272616028637415
2023-12-01 10:40:01,6.9453591163978485,44.799533389718114
2023-12-01 10:40:02,7.711297038787324,28.05598530341476
2023-12-01 10:40:03,6.0030870822776246,33.15279330542907
2023-12-01 10:40:04,2.0235952498982033,29.99862656069469
2023-12-01 10:40:05,6.575136524796406,37.45008600074545
2023-12-01 10:40:06,4.773001591756496,39.50367150473513
2023-12-01 10:40:07,4.959372015391742,36.34470605751679
2023-12-01 10:40:08,5.888822406751988,32.43415586187842
2023-12-01 10:40:09,6.199327556907029,27.39223575408883
2023-12-01 10:40:10,2.6249958280319983,32.09998434382125
2023-12-01 10:40:11,0.46680747393998256,32.022829790432986
2023-12-01 10:40:12,5.404507742164591,31.092183937796012
2023-12-01 10:40:13,2.114521244112432,39.415040869065116
2023-12-01 10:40:14,6.643811513617163,25.35345334998855
2023-12-01 10:40:15,6.8804446348304396,21.022295481353723
2023-12-01 10:40:16,3.076836135615617,38.173383049684766
2023-12-01 10:40:17,4.88066176129588,39.494480148633535
2023-12-01 10:40:18,5.4669709012863095,32.768695714124064
2023-12-01 10:40:19,3.595270890541243,37.426544322747326
2023-12-01 10:40:20,7.908956798987518,28.97555195047088
2023-12-01 10:40:21,4.680271235717414,36.46722440846848
2023-12-01 10:40:22,6.92253224056852,36.87757176968142
2023-12-01 10:40:23,4.225808856173256,41.404941407141244
2023-12-01 10:40:24,5.744104297574332,32.156403763792284
2023-12-01 10:40:25,46.12798022295541,70.2276835946412
2023-12-01 10:40:26,44.94706294989159,58.08724734851003
2023-12-01 10:40:27,43.57690862024626,76.49681149498076
2023-12-01 10:40:28,45.464879199317664,69.23649656812694
2023-12-01 10:40:29,42.17202573863708,68.275589930214
2023-12-01 10:40:30,41.143800132505916,59.86278863336636
2023-12-01 10:40:31,51.79770662328681,66.36341813143325
2023-12-01 10:40:32,50.79334745216687,61.50520083809211
2023-12-01 10:40:33,41.957063657053354,58.79904180234724
2023-12-01 10:40:34,48.72425393730088,65.95332895254768
2023-12-01 10:40:35,50.6440854724821,57.59881038374151
2023-12-01 10:40:36,47.95456283801993,60.640918891101094
2023-12-01 10:40:37,49.57142122058322,66.70602375723554
2023-12-01 10:40:38,42.440801542184815,54.12073503595536
2023-12-01 10:40:39,56.01066398986607,66.0072970594137
2023-12-01 10:40:40,43.298275594657746,61.9062027479599
2023-12-01 10:40:41,42.704180593508426,71.58990428599618
2023-12-01 10:40:42,44.713888542440465,58.18498253287875
2023-12-01 10:40:43,44.36271819194668,63.96705851103114
2023-12-01 10:40:44,46.92195219285906,62.57930160716119
2023-12-01 10:40:45,46.50244214651188,73.56110218507541
2023-12-01 10:40:46,42.605215348343265,65.01845278048235
2023-12-01 10:40:47,46.68072599050439,69.5115779127452
2023-12-01 10:40:48,46.090040563116816,62.39111736679767
2023-12-01 10:40:49,41.804911204507725,62.026384544680326
2023-12-01 10:40:50,47.794724848795205,69.96142867374357
2023-12-01 10:40:51,53.1542750248863,65.20669893779109
2023-12-01 10:40:52,41.79546847201633,73.78042495572528
2023-12-01 10:40:53,45.52049180300739,67.80760079348718
2023-12-01 10:40:54,6.875872527371999,28.81733759249699
2023-12-01 10:40:55,3.9055187569472896,24.166260897761628
2023-12-01 10:40:56,3.6232768482593523,36.239876899727186
2023-12-01 10:40:57,3.8968317186489063,39.46256459697797
2023-12-01 10:40:58,7.134137579356222,39.271300547425824
2023-12-01 10:40:59,7.88893471889358,32.36623842475085
2023-12-01 10:41:00,7.321288114621533,31.15659047534937
2023-12-01 10:41:01,5.7413539297344105,31.32019848757914
2023-12-01 10:41:02,5.2637890356900785,41.7443313778821
2023-12-01 10:41:03,6.811255042603945,36.70265534191241
2023-12-01 10:41:04,3.479699862772441,34.223103030625076
2023-12-01 10:41:05,1.9023519581432202,35.11985563203517
2023-12-01 10:41:06,5.723966405371284,34.72613546989406
2023-12-01 10:41:07,4.820639348159299,31.23705572752114
2023-12-01 10:41:08,3.895887878199129,39.98558143484707
2023-12-01 10:41:09,2.3568219568524986,40.147641035811326
2023-12-01 10:41:10,5.861554245541682,33.123226850718034
2023-12-01 10:41:11,2.5961119283512657,35.99341371548169
2023-12-01 10:41:12,6.193438261404689,41.326180136677486
2023-12-01 10:41:13,7.900383116549591,32.2248728758732
2023-12-01 10:41:14,8.098612020096192,36.07156997302973
2023-12-01 10:41:15,5.281663171855563,32.721000065899524
2023-12-01 10:41:16,4.225432653408826,33.929047656710075
2023-12-01 10:41:17,2.4658615415895624,32.68030787967428
2023-12-01 10:41:18,3.055475546461345,29.643303493667673
2023-12-01 10:41:19,4.179067300211008,30.88768634647118
2023-12-01 10:41:20,7.279702233627654,33.72689895840915
2023-12-01 10:41:21,43.43849741774533,70.5981584036108
2023-12-01 10:41:22,1.9700533706001342,34.129816981944565
2023-12-01 10:41:23,4.083540741856586,24.863820623302146
2023-12-01 10:41:24,6.41966286562551,36.10789393409293
2023-12-01 10:41:25,6.142533354768862,31.121380901214085
2023-12-01 10:41:26,5.3214028668038855,32.2125687266887
2023-12-01 10:41:27,3.885366320388349,33.02776692771747
2023-12-01 10:41:28,1.880624050846548,32.95325103596579
2023-12-01 10:41:29,6.07491184379002,25.497277028073043
2023-12-01 10:41:30,5.266049593482887,40.53126460544203
2023-12-01 10:41:31,2.501344827562578,47.242740668579174
2023-12-01 10:41:32,5.18250103412097,31.851695597318606
2023-12-01 10:41:33,2.0233487276790054,38.51018343311506
2023-12-01 10:41:34,2.9918102486953475,31.259534758424085
2023-12-01 10:41:35,6.371882408819597,38.6915683468806
2023-12-01 10:41:36,5.88533815295714,30.607934521425456
2023-12-01 10:41:37,6.556179566994741,34.37244863259087
2023-12-01 10:41:38,5.276995671703833,25.04909717426898
2023-12-01 10:41:39,3.8724081737699274,32.51242633953162
2023-12-01 10:41:40,3.8968247176973954,28.840456220405482
2023-12-01 10:41:41,7.4233281937408275,45.8888751274645
2023-12-01 10:41:42,6.544453091396714,35.32345909592218
2023-12-01 10:41:43,4.958411669228703,26.74628401728037
2023-12-01 10:41:44,7.0854753497795215,31.082969945785987
2023-12-01 10:41:45,3.2067119575190532,23.858311907898898
2023-12-01 10:41:46,,
2023-12-01 10:41:47,,
2023-12-01 10:41:48,,
2023-12-01 10:41:49,,
2023-12-01 10:41:50,,
2023-12-01 10:41:51,,
2023-12-01 10:41:52,,
2023-12-01 10:41:53,6.021115397457457,34.40923058024317
2023-12-01 10:41:54,6.352300146322712,36.65086476847547
2023-12-01 10:41:55,1.65638858219824,36.73615222865335
2023-12-01 10:41:56,3.5612681198174445,35.62447364813362
2023-12-01 10:41:57,5.388932993075159,39.352509164161525
2023-12-01 10:41:58,0.9212238566959687,37.35072844732716
2023-12-01 10:41:59,8.101343266837816,35.79209808121535
2023-12-01 10:42:00,5.115545031841622,38.33370531093598
2023-12-01 10:42:01,3.849726872396502,30.563074316442297
2023-12-01 10:42:02,3.2442480816872674,38.45794906074134
2023-12-01 10:42:03,8.821046099308635,30.187325048587812
2023-12-01 10:42:04,5.1987032778056586,36.01059837891159
2023-12-01 10:42:05,3.8534956378586154,29.720206492389863
2023-12-01 10:42:06,6.018749996448765,33.531137012959746
2023-12-01 10:42:07,7.059365147282678,31.696362619289197
2023-12-01 10:42:08,5.9352428972216345,28.633353175812463
2023-12-01 10:42:09,2.694446190329726,25.228533225628922
2023-12-01 10:42:10,3.1604990018555594,41.19493563644676
2023-12-01 10:42:11,3.6182994366467893,39.92735876130703
2023-12-01 10:42:12,5.647723356783224,37.07172881209112
2023-12-01 10:42:13,9.73211666330747,35.18962636398748
2023-12-01 10:42:14,2.553175132540637,34.87391043570598
2023-12-01 10:42:15,2.5548331675171867,37.086431985167394
2023-12-01 10:42:16,3.503101860592333,40.704073767402285
2023-12-01 10:42:17,4.808308612440879,34.12885168675134
2023-12-01 10:42:18,3.8943503189665964,33.2168313146289
2023-12-01 10:42:19,6.535670101395624,32.71806646244127
2023-12-01 10:42:20,2.8113302583970667,32.11210645340528
2023-12-01 10:42:21,2.7796266052392364,35.29401930669075
2023-12-01 10:42:22,10.265520910623398,35.394939112691716
2023-12-01 10:42:23,5.025947967280558,28.388243606144048
2023-12-01 10:42:24,7.154480231780205,28.61503181157255
2023-12-01 10:42:25,7.827836907594882,34.33460095060811
2023-12-01 10:42:26,9.467252520185408,36.58325990091111
2023-12-01 10:42:27,5.464361109331154,37.259510355510066
2023-12-01 10:42:28,5.382933104728587,33.40536905300156
2023-12-01 10:42:29,4.748047272412035,35.34791433371346
2023-12-01 10:42:30,5.758638917091096,32.67544016240813
2023-12-01 10:42:31,3.9242296914134953,39.3424919197798
2023-12-01 10:42:32,2.876048115936082,28.964871135001495
2023-12-01 10:42:33,5.089557018106098,32.5808473801918
2023-12-01 10:42:34,4.170863540943145,33.915687760667765
2023-12-01 10:42:35,7.541861714049917,32.46131750228086
2023-12-01 10:42:36,1.7351836101741829,34.8756485128107
2023-12-01 10:42:37,2.042371720197128,36.999330119529276
2023-12-01 10:42:38,1.8456582931448091,36.62753358671248
2023-12-01 10:42:39,5.128997249545376,37.03015204104828
2023-12-01 10:42:40,5.311157833078177,43.43176687656458
2023-12-01 10:42:41,2.601913916969127,34.39991953203342
2023-12-01 10:42:42,5.10173475645986,28.556274381751717
2023-12-01 10:42:43,6.632331793684022,41.50557750825793
2023-12-01 10:42:44,3.904683630478278,30.943181567423103
2023-12-01 10:42:45,9.956933909730406,40.694911967387995
2023-12-01 10:42:46,4.110348412877142,37.70244715312052
2023-12-01 10:42:47,8.46468249137843,46.228802829900815
2023-12-01 10:42:48,3.5460652834008854,30.843466786287134
2023-12-01 10:42:49,6.647331616264292,34.88425379948023
2023-12-01 10:42:50,6.196983862659451,40.88996180086393
2023-12-01 10:42:51,7.5784043404863946,24.53937202239618
2023-12-01 10:42:52,6.279279667692614,39.37213433181494
2023-12-01 10:42:53,3.79341521306989,32.53603038807089
2023-12-01 10:42:54,5.703582151454158,37.881586434813
2023-12-01 10:42:55,4.837975474273939,35.65467477576073
2023-12-01 10:42:56,5.360768190645445,35.06756827791678
2023-12-01 10:42:57,6.313544166110149,34.50725948893466
2023-12-01 10:42:58,5.6330410694962145,37.24153806029339
2023-12-01 10:42:59,5.431218110896682,39.07866894256187
2023-12-01 10:43:00,6.190315065878249,33.57710539841311
2023-12-01 10:43:01,5.612103525363185,35.42403159053311
2023-12-01 10:43:02,6.547030484428999,29.603643868313327
2023-12-01 10:43:03,4.300277039467454,38.26641705511933
2023-12-01 10:43:04,7.585203612306917,41.02364492499637
2023-12-01 10:43:05,8.048933610047792,43.011393630414005
2023-12-01 10:43:06,7.617245180467155,33.78002947289271
2023-12-01 10:43:07,3.181386231809601,35.43159895589734
2023-12-01 10:43:08,3.7990032158715508,33.8928210124669
2023-12-01 10:43:09,5.261617292517202,39.08735767348408
2023-12-01 10:43:10,4.075929922115791,28.633924322590165
2023-12-01 10:43:11,4.295411998789302,32.0678870843839
2023-12-01 10:43:12,9.793461816318718,24.249538632047624
2023-12-01 10:43:13,5.778867344597653,40.57749225180484
2023-12-01 10:43:14,6.763067819085876,31.103310332094573
2023-12-01 10:43:15,9.001473522578994,44.13400557061033
2023-12-01 10:43:16,4.4729466157178805,39.51142145740447
2023-12-01 10:43:17,3.295310920742343,44.68152480065312
2023-12-01 10:43:18,5.596169668889578,37.95688407145626
2023-12-01 10:43:19,6.718084354987926,30.284780991792758
2023-12-01 10:43:20,3.2696750210057033,38.409661604708894
2023-12-01 10:43:21,4.377292678142281,37.54839997926574
2023-12-01 10:43:22,7.762441992248645,47.33868483641916
2023-12-01 10:43:23,-2.059864032873535,32.389999348623256
2023-12-01 10:43:24,8.741832612450308,31.550555524599915
2023-12-01 10:43:25,6.453314229846554,41.51633114528802
2023-12-01 10:43:26,3.178005240956721,33.860160044261576
2023-12-01 10:43:27,4.757116260482001,39.8981497352517
2023-12-01 10:43:28,7.585322372113977,28.899786229994316
2023-12-01 10:43:29,4.065817496095113,33.45536820705278
2023-12-01 10:43:30,5.77451266143161,38.42224838505222
2023-12-01 10:43:31,6.488686561356143,25.10189106085748
2023-12-01 10:43:32,1.9519324462762837,41.09031935551771
2023-12-01 10:43:33,2.082928495056447,28.9745737953619
2023-12-01 10:43:34,6.89713024666052,34.23001263768889
2023-12-01 10:43:35,3.3473276226077178,30.086167033977357
2023-12-01 10:43:36,7.2879112401626305,30.322471043326317
2023-12-01 10:43:37,3.713031215107377,30.8720366478755
2023-12-01 10:43:38,6.562307136752688,34.85880063730397
2023-12-01 10:43:39,4.565380615260147,44.7019053110707
2023-12-01 10:43:40,5.039504852136325,31.498684941219963
2023-12-01 10:43:41,2.674770664036254,29.82729060049295
2023-12-01 10:43:42,7.205030732336913,31.517928271933986
2023-12-01 10:43:43,4.531845428307546,26.104522616592522
2023-12-01 10:43:44,9.923246836186683,28.606355943103264
2023-12-01 10:43:45,5.243288756061342,31.03709407277909
2023-12-01 10:43:46,6.044301098311088,27.896175569572485
2023-12-01 10:43:47,3.8811973066160714,40.84350393851378
2023-12-01 10:43:48,-0.12617798755127296,32.27411930747915
2023-12-01 10:43:49,6.059106396823786,30.26033341161895
2023-12-01 10:43:50,4.958655950324198,30.041321863297718
2023-12-01 10:43:51,1.9297722807811266,29.39971215332163
2023-12-01 10:43:52,6.027825869177176,29.651569983033333
2023-12-01 10:43:53,5.987874201616178,36.64377526265146
2023-12-01 10:43:54,5.399057024614765,32.77006236808114
2023-12-01 10:43:55,5.529955464714239,37.86338295258227
2023-12-01 10:43:56,5.6986803432807145,26.5512523165627
2023-12-01 10:43:57,5.511739324510142,36.05777667541665
2023-12-01 10:43:58,5.844588927847452,37.93674391217693
2023-12-01 10:43:59,6.331352558665719,37.35872312726239
2023-12-01 10:44:00,6.965695809982772,30.26460283242351
2023-12-01 10:44:01,7.833542707868773,41.88530078244103
2023-12-01 10:44:02,4.746692814409875,36.976859793738484
2023-12-01 10:44:03,9.95618465766825,40.03653421836853
2023-12-01 10:44:04,7.57256309013874,35.68527845525879
2023-12-01 10:44:05,4.2356721799224815,39.955642407533
2023-12-01 10:44:06,5.218979876064733,28.637059120074433
2023-12-01 10:44:07,7.053703277323155,39.145110208432634
2023-12-01 10:44:08,3.2522139763300997,32.77973557583502
2023-12-01 10:44:09,1.4792510975973259,31.789576232623848
2023-12-01 10:44:10,3.709368711191175,33.64315332083487
2023-12-01 10:44:11,6.111720877660983,35.69106134847348
2023-12-01 10:44:12,4.413063115915417,34.67673294635779
2023-12-01 10:44:13,3.0627573477871577,27.05466426524375
2023-12-01 10:44:14,4.650870729372823,32.78335513364532
2023-12-01 10:44:15,5.843092368601492,32.05559138440828
2023-12-01 10:44:16,10.640115533162028,43.18579369453562
2023-12-01 10:44:17,4.447963568534832,33.12179905852049
2023-12-01 10:44:18,,
2023-12-01 10:44:19,,
2023-12-01 10:44:20,,
2023-12-01 10:44:21,,
2023-12-01 10:44:22,,
2023-12-01 10:44:23,,
2023-12-01 10:44:24,,
2023-12-01 10:44:25,,
2023-12-01 10:44:26,,
2023-12-01 10:44:27,2.6971769027280996,30.814596665027793
2023-12-01 10:44:28,1.2424307275645443,38.56828905159755
2023-12-01 10:44:29,3.5057333998101408,40.90543257221669
2023-12-01 10:44:30,2.6242455353736824,40.545385958371384
2023-12-01 10:44:31,4.287140345536307,35.177390079265706
2023-12-01 10:44:32,6.596122499606585,35.30557554755207
2023-12-01 10:44:33,6.676726192875838,39.07903250891892
2023-12-01 10:44:34,4.034054317094783,31.807142292595074
2023-12-01 10:44:35,5.145058956047705,33.74408611137214
2023-12-01 10:44:36,7.62109960634206,37.333390087553184
2023-12-01 10:44:37,5.656181428877668,43.81136167556107
2023-12-01 10:44:38,7.728021352660836,41.631223162631244
2023-12-01 10:44:39,4.110589353336001,41.177782285231594
2023-12-01 10:44:40,4.514157715324674,33.231796636377695
2023-12-01 10:44:41,6.183021606897183,37.83781682100751
2023-12-01 10:44:42,2.4848414512436534,39.76212198165177
2023-12-01 10:44:43,4.7047685061838465,31.86120188704038
2023-12-01 10:44:44,49.71687782167904,70.54574898676
2023-12-01 10:44:45,51.82625019459323,71.79631565110786
2023-12-01 10:44:46,50.102064889699164,82.72521641001231
2023-12-01 10:44:47,42.85665763992872,70.46483563479504
2023-12-01 10:44:48,41.37078109976968,57.91903289834662
2023-12-01 10:44:49,42.292459554444854,71.19609110295349
2023-12-01 10:44:50,42.61025403957812,59.85296987888899
2023-12-01 10:44:51,37.00827591693412,60.66736456027574
2023-12-01 10:44:52,35.952546617448576,55.92781429207008
2023-12-01 10:44:53,46.93648071589497,61.26022836768205
2023-12-01 10:44:54,47.78796768229245,59.872694899730945
2023-12-01 10:44:55,54.6815917984125,62.34610155679859
2023-12-01 10:44:56,48.12782659280386,64.17531140495286
2023-12-01 10:44:57,39.652185971067524,69.2686680476744
2023-12-01 10:44:58,48.87805283143238,64.60676894597219
2023-12-01 10:44:59,47.11949141727129,64.92494138495994
2023-12-01 10:45:00,51.64332923476979,67.88882141572344
2023-12-01 10:45:01,34.19595192710504,60.096215000385996
2023-12-01 10:45:02,48.505899858889656,61.54884619453703
2023-12-01 10:45:03,46.11569084330981,69.74711868974953
2023-12-01 10:45:04,43.85783598482688,63.03795989048698
2023-12-01 10:45:05,39.83787418655494,62.361758064484945
2023-12-01 10:45:06,39.170847254428345,68.59391005502283
2023-12-01 10:45:07,39.95680012010997,65.62778872873389
2023-12-01 10:45:08,43.748246472762474,65.89431020489553
2023-12-01 10:45:09,45.14449859218152,64.23450833672071
2023-12-01 10:45:10,42.014562847398345,69.37889944686651
2023-12-01 10:45:11,3.9842321862179477,37.1405198206291
2023-12-01 10:45:12,5.234280009744387,36.47401231208732
2023-12-01 10:45:13,5.96770796310496,33.539284760278015
2023-12-01 10:45:14,3.8000013593181157,35.566421707728644
2023-12-01 10:45:15,4.934764759028965,29.734348391062284
2023-12-01 10:45:16,7.635758981665555,39.71928552968152
2023-12-01 10:45:17,4.3066861225186175,37.18614082962556
2023-12-01 10:45:18,6.018775985820027,36.32941190125521
2023-12-01 10:45:19,5.477566224451079,42.666269554289734
2023-12-01 10:45:20,5.475764173378769,37.15901235879073
2023-12-01 10:45:21,8.629623434722536,35.18449477864382
2023-12-01 10:45:22,7.117891333207849,40.48358713326062
2023-12-01 10:45:23,5.00180324644443,38.47779006258298
2023-12-01 10:45:24,7.393823812423653,32.33179554417222
2023-12-01 10:45:25,2.9410097337096537,34.09387921681108
2023-12-01 10:45:26,7.3002296118784145,29.256948312131186
2023-12-01 10:45:27,4.484591383294421,35.40900715264918
2023-12-01 10:45:28,4.511623058069537,37.92897068317385
2023-12-01 10:45:29,5.093503166287676,33.47214154229654
2023-12-01 10:45:30,5.7758630560648685,43.87048359778127
2023-12-01 10:45:31,4.92480359942756,37.189374469147566
2023-12-01 10:45:32,1.204121548792728,32.825016703032794
2023-12-01 10:45:33,6.910065947950903,33.0187532493528
2023-12-01 10:45:34,4.945360785601411,41.35861201504836
2023-12-01 10:45:35,6.874562384558024,39.159388300425505
2023-12-01 10:45:36,4.152316270352904,34.36194278694941
2023-12-01 10:45:37,7.6706194035888124,45.05029850063015
2023-12-01 10:45:38,2.4002975187792823,42.806147034481704
2023-12-01 10:45:39,3.1397030586976777,30.768716758560874
2023-12-01 10:45:40,-0.4898300911283764,31.24747203233982
2023-12-01 10:45:41,3.941492437252384,38.0673818662209
2023-12-01 10:45:42,6.415403763393577,33.21198486652666
2023-12-01 10:45:43,5.787866411730492,36.80037326710374
2023-12-01 10:45:44,4.921934098252568,31.937095153420707
2023-12-01 10:45:45,8.754523374075928,40.75736596201797
2023-12-01 10:45:46,5.097878895024945,37.06459095540305
2023-12-01 10:45:47,4.146731725545292,36.480671156206
2023-12-01 10:45:48,4.959194299487476,33.63264259796682
2023-12-01 10:45:49,2.713243550023847,27.007088071135822
2023-12-01 10:45:50,2.79993861333898,35.823660160020594
2023-12-01 10:45:51,4.996231442502615,30.9845009360525
2023-12-01 10:45:52,7.01091332837014,34.74361109507775
2023-12-01 10:45:53,5.691805620611682,33.58277138650773
2023-12-01 10:45:54,5.724914635798775,37.78475015405918
2023-12-01 10:45:55,7.78967630625103,34.30329148961503
2023-12-01 10:45:56,7.841101542330784,31.724370191301837
2023-12-01 10:45:57,4.404737276846038,29.313709297764568
2023-12-01 10:45:58,5.862648529380347,41.39318458449679
2023-12-01 10:45:59,4.495028125455272,34.90582909741588
2023-12-01 10:46:00,4.907382043143956,40.95123111538551
2023-12-01 10:46:01,3.5139570494483,36.52880820432752
2023-12-01 10:46:02,5.275481127979378,38.18662795163894
2023-12-01 10:46:03,1.727531465679109,39.27176068366569
2023-12-01 10:46:04,6.452805801287416,33.208483903268466
2023-12-01 10:46:05,4.569739093261244,32.655158556276845
2023-12-01 10:46:06,5.78631193668971,37.969420022139616
2023-12-01 10:46:07,6.061927861108591,44.06919272701818
2023-12-01 10:46:08,2.150756918151819,34.59832432921258
2023-12-01 10:46:09,8.29521646794839,37.990204052495166
2023-12-01 10:46:10,4.546244698560624,35.888423648931365
2023-12-01 10:46:11,1.263394572959014,36.7364618746329
2023-12-01 10:46:12,2.0303572713415323,32.4779893972043
2023-12-01 10:46:13,8.872028100314594,30.01019340341313
2023-12-01 10:46:14,4.071836948627167,37.9362255398918
2023-12-01 10:46:15,46.714079316614786,73.30889724913149
2023-12-01 10:46:16,41.689413625463494,66.86969159669736
2023-12-01 10:46:17,49.74720712928995,75.40835706949382
2023-12-01 10:46:18,4.334663166919494,42.216113947996654
2023-12-01 10:46:19,3.655818638307034,37.007424957851846
2023-12-01 10:46:20,4.697200387504371,39.66634872078981
2023-12-01 10:46:21,9.092347471810704,33.83739130052171
2023-12-01 10:46:22,7.485213752368311,34.07361318369069
2023-12-01 10:46:23,3.651112842410989,36.935621758083464
2023-12-01 10:46:24,4.118351467715883,40.56423254851047
2023-12-01 10:46:25,5.878332398898892,39.102165041211606
2023-12-01 10:46:26,4.273921339276042,30.009134492331867
2023-12-01 10:46:27,6.840870746698314,40.961268594766835
2023-12-01 10:46:28,6.725894920450032,37.42610062599389
2023-12-01 10:46:29,5.810686595510103,30.733704916934464
2023-12-01 10:46:30,7.457130778135216,37.00400013803194
2023-12-01 10:46:31,4.522320199320069,28.599389404094897
2023-12-01 10:46:32,4.402412351535293,38.86799872400806
2023-12-01 10:46:33,1.3827648808057988,34.09447736340614
2023-12-01 10:46:34,8.586217654866173,38.68826161703098
2023-12-01 10:46:35,4.611935233114085,39.02692709639173
2023-12-01 10:46:36,4.800010088747423,29.919452954395116
2023-12-01 10:46:37,2.2532949400572555,31.3548797906182
2023-12-01 10:46:38,5.545306704367179,29.556180032644342
2023-12-01 10:46:39,2.8074243093591646,40.34559361720112
